INFO:     Started server process [24000]
INFO:     Waiting for application startup.
2026-08-30 01:02:03,509 [INFO] main: Starting StoryFlow AI...
2026-08-30 01:02:03,509 [DEBUG] aiosqlite: executing <function connect.<locals>.connector at 0x0000018C4B20D300>
2026-08-30 01:02:03,509 [DEBUG] aiosqlite: operation <function connect.<locals>.connector at 0x0000018C4B20D300> completed
2026-08-30 01:02:03,509 [DEBUG] aiosqlite: executing functools.partial(<built-in method create_function of sqlite3.Connection object at 0x0000018C4B1C7C40>, 'regexp', 2, <function SQLiteDialect_pysqlite.on_connect.<locals>.regexp at 0x0000018C4AFFA660>, deterministic=True)
2026-08-30 01:02:03,509 [DEBUG] aiosqlite: operation functools.partial(<built-in method create_function of sqlite3.Connection object at 0x0000018C4B1C7C40>, 'regexp', 2, <function SQLiteDialect_pysqlite.on_connect.<locals>.regexp at 0x0000018C4AFFA660>, deterministic=True) completed
2026-08-30 01:02:03,509 [DEBUG] aiosqlite: executing functools.partial(<built-in method create_function of sqlite3.Connection object at 0x0000018C4B1C7C40>, 'floor', 1, <built-in function floor>, deterministic=True)
2026-08-30 01:02:03,512 [DEBUG] aiosqlite: operation functools.partial(<built-in method create_function of sqlite3.Connection object at 0x0000018C4B1C7C40>, 'floor', 1, <built-in function floor>, deterministic=True) completed
2026-08-30 01:02:03,512 [DEBUG] aiosqlite: executing functools.partial(<built-in method cursor of sqlite3.Connection object at 0x0000018C4B1C7C40>)
2026-08-30 01:02:03,512 [DEBUG] aiosqlite: operation functools.partial(<built-in method cursor of sqlite3.Connection object at 0x0000018C4B1C7C40>) completed
2026-08-30 01:02:03,512 [DEBUG] aiosqlite: executing functools.partial(<built-in method execute of sqlite3.Cursor object at 0x0000018C4B22C0C0>, 'PRAGMA read_uncommitted', [])
2026-08-30 01:02:03,512 [DEBUG] aiosqlite: operation functools.partial(<built-in method execute of sqlite3.Cursor object at 0x0000018C4B22C0C0>, 'PRAGMA read_uncommitted', []) completed
2026-08-30 01:02:03,513 [DEBUG] aiosqlite: executing functools.partial(<built-in method fetchall of sqlite3.Cursor object at 0x0000018C4B22C0C0>)
2026-08-30 01:02:03,513 [DEBUG] aiosqlite: operation functools.partial(<built-in method fetchall of sqlite3.Cursor object at 0x0000018C4B22C0C0>) completed
2026-08-30 01:02:03,513 [DEBUG] aiosqlite: executing functools.partial(<built-in method close of sqlite3.Cursor object at 0x0000018C4B22C0C0>)
2026-08-30 01:02:03,513 [DEBUG] aiosqlite: operation functools.partial(<built-in method close of sqlite3.Cursor object at 0x0000018C4B22C0C0>) completed
2026-08-30 01:02:03,513 [DEBUG] aiosqlite: executing functools.partial(<built-in method rollback of sqlite3.Connection object at 0x0000018C4B1C7C40>)
2026-08-30 01:02:03,513 [DEBUG] aiosqlite: operation functools.partial(<built-in method rollback of sqlite3.Connection object at 0x0000018C4B1C7C40>) completed
2026-08-30 01:02:03,514 [INFO] sqlalchemy.engine.Engine: BEGIN (implicit)
2026-08-30 01:02:03,514 [INFO] sqlalchemy.engine.Engine: PRAGMA main.table_info("story")
2026-08-30 01:02:03,515 [INFO] sqlalchemy.engine.Engine: [raw sql] ()
2026-08-30 01:02:03,515 [DEBUG] aiosqlite: executing functools.partial(<built-in method cursor of sqlite3.Connection object at 0x0000018C4B1C7C40>)
2026-08-30 01:02:03,515 [DEBUG] aiosqlite: operation functools.partial(<built-in method cursor of sqlite3.Connection object at 0x0000018C4B1C7C40>) completed
2026-08-30 01:02:03,516 [DEBUG] aiosqlite: executing functools.partial(<built-in method execute of sqlite3.Cursor object at 0x0000018C4B2079C0>, 'PRAGMA main.table_info("story")', ())
2026-08-30 01:02:03,516 [DEBUG] aiosqlite: operation functools.partial(<built-in method execute of sqlite3.Cursor object at 0x0000018C4B2079C0>, 'PRAGMA main.table_info("story")', ()) completed
2026-08-30 01:02:03,516 [DEBUG] aiosqlite: executing functools.partial(<built-in method fetchall of sqlite3.Cursor object at 0x0000018C4B2079C0>)
2026-08-30 01:02:03,516 [DEBUG] aiosqlite: operation functools.partial(<built-in method fetchall of sqlite3.Cursor object at 0x0000018C4B2079C0>) completed
2026-08-30 01:02:03,517 [DEBUG] aiosqlite: executing functools.partial(<built-in method close of sqlite3.Cursor object at 0x0000018C4B2079C0>)
2026-08-30 01:02:03,517 [DEBUG] aiosqlite: operation functools.partial(<built-in method close of sqlite3.Cursor object at 0x0000018C4B2079C0>) completed
2026-08-30 01:02:03,517 [INFO] sqlalchemy.engine.Engine: PRAGMA main.table_info("episode")
2026-08-30 01:02:03,518 [INFO] sqlalchemy.engine.Engine: [raw sql] ()
2026-08-30 01:02:03,518 [DEBUG] aiosqlite: executing functools.partial(<built-in method cursor of sqlite3.Connection object at 0x0000018C4B1C7C40>)
2026-08-30 01:02:03,518 [DEBUG] aiosqlite: operation functools.partial(<built-in method cursor of sqlite3.Connection object at 0x0000018C4B1C7C40>) completed
2026-08-30 01:02:03,518 [DEBUG] aiosqlite: executing functools.partial(<built-in method execute of sqlite3.Cursor object at 0x0000018C4B2079C0>, 'PRAGMA main.table_info("episode")', ())
2026-08-30 01:02:03,519 [DEBUG] aiosqlite: operation functools.partial(<built-in method execute of sqlite3.Cursor object at 0x0000018C4B2079C0>, 'PRAGMA main.table_info("episode")', ()) completed
2026-08-30 01:02:03,519 [DEBUG] aiosqlite: executing functools.partial(<built-in method fetchall of sqlite3.Cursor object at 0x0000018C4B2079C0>)
2026-08-30 01:02:03,519 [DEBUG] aiosqlite: operation functools.partial(<built-in method fetchall of sqlite3.Cursor object at 0x0000018C4B2079C0>) completed
2026-08-30 01:02:03,520 [DEBUG] aiosqlite: executing functools.partial(<built-in method close of sqlite3.Cursor object at 0x0000018C4B2079C0>)
2026-08-30 01:02:03,520 [DEBUG] aiosqlite: operation functools.partial(<built-in method close of sqlite3.Cursor object at 0x0000018C4B2079C0>) completed
2026-08-30 01:02:03,520 [INFO] sqlalchemy.engine.Engine: PRAGMA main.table_info("character")
2026-08-30 01:02:03,520 [INFO] sqlalchemy.engine.Engine: [raw sql] ()
2026-08-30 01:02:03,520 [DEBUG] aiosqlite: executing functools.partial(<built-in method cursor of sqlite3.Connection object at 0x0000018C4B1C7C40>)
2026-08-30 01:02:03,520 [DEBUG] aiosqlite: operation functools.partial(<built-in method cursor of sqlite3.Connection object at 0x0000018C4B1C7C40>) completed
2026-08-30 01:02:03,520 [DEBUG] aiosqlite: executing functools.partial(<built-in method execute of sqlite3.Cursor object at 0x0000018C4B2079C0>, 'PRAGMA main.table_info("character")', ())
2026-08-30 01:02:03,520 [DEBUG] aiosqlite: operation functools.partial(<built-in method execute of sqlite3.Cursor object at 0x0000018C4B2079C0>, 'PRAGMA main.table_info("character")', ()) completed
2026-08-30 01:02:03,520 [DEBUG] aiosqlite: executing functools.partial(<built-in method fetchall of sqlite3.Cursor object at 0x0000018C4B2079C0>)
2026-08-30 01:02:03,520 [DEBUG] aiosqlite: operation functools.partial(<built-in method fetchall of sqlite3.Cursor object at 0x0000018C4B2079C0>) completed
2026-08-30 01:02:03,520 [DEBUG] aiosqlite: executing functools.partial(<built-in method close of sqlite3.Cursor object at 0x0000018C4B2079C0>)
2026-08-30 01:02:03,523 [DEBUG] aiosqlite: operation functools.partial(<built-in method close of sqlite3.Cursor object at 0x0000018C4B2079C0>) completed
2026-08-30 01:02:03,523 [INFO] sqlalchemy.engine.Engine: PRAGMA main.table_info("scene")
2026-08-30 01:02:03,523 [INFO] sqlalchemy.engine.Engine: [raw sql] ()
2026-08-30 01:02:03,523 [DEBUG] aiosqlite: executing functools.partial(<built-in method cursor of sqlite3.Connection object at 0x0000018C4B1C7C40>)
2026-08-30 01:02:03,523 [DEBUG] aiosqlite: operation functools.partial(<built-in method cursor of sqlite3.Connection object at 0x0000018C4B1C7C40>) completed
2026-08-30 01:02:03,523 [DEBUG] aiosqlite: executing functools.partial(<built-in method execute of sqlite3.Cursor object at 0x0000018C4B2079C0>, 'PRAGMA main.table_info("scene")', ())
2026-08-30 01:02:03,523 [DEBUG] aiosqlite: operation functools.partial(<built-in method execute of sqlite3.Cursor object at 0x0000018C4B2079C0>, 'PRAGMA main.table_info("scene")', ()) completed
2026-08-30 01:02:03,523 [DEBUG] aiosqlite: executing functools.partial(<built-in method fetchall of sqlite3.Cursor object at 0x0000018C4B2079C0>)
2026-08-30 01:02:03,523 [DEBUG] aiosqlite: operation functools.partial(<built-in method fetchall of sqlite3.Cursor object at 0x0000018C4B2079C0>) completed
2026-08-30 01:02:03,523 [DEBUG] aiosqlite: executing functools.partial(<built-in method close of sqlite3.Cursor object at 0x0000018C4B2079C0>)
2026-08-30 01:02:03,523 [DEBUG] aiosqlite: operation functools.partial(<built-in method close of sqlite3.Cursor object at 0x0000018C4B2079C0>) completed
2026-08-30 01:02:03,523 [INFO] sqlalchemy.engine.Engine: PRAGMA main.table_info("task")
2026-08-30 01:02:03,523 [INFO] sqlalchemy.engine.Engine: [raw sql] ()
2026-08-30 01:02:03,523 [DEBUG] aiosqlite: executing functools.partial(<built-in method cursor of sqlite3.Connection object at 0x0000018C4B1C7C40>)
2026-08-30 01:02:03,523 [DEBUG] aiosqlite: operation functools.partial(<built-in method cursor of sqlite3.Connection object at 0x0000018C4B1C7C40>) completed
2026-08-30 01:02:03,523 [DEBUG] aiosqlite: executing functools.partial(<built-in method execute of sqlite3.Cursor object at 0x0000018C4B2079C0>, 'PRAGMA main.table_info("task")', ())
2026-08-30 01:02:03,523 [DEBUG] aiosqlite: operation functools.partial(<built-in method execute of sqlite3.Cursor object at 0x0000018C4B2079C0>, 'PRAGMA main.table_info("task")', ()) completed
2026-08-30 01:02:03,523 [DEBUG] aiosqlite: executing functools.partial(<built-in method fetchall of sqlite3.Cursor object at 0x0000018C4B2079C0>)
2026-08-30 01:02:03,523 [DEBUG] aiosqlite: operation functools.partial(<built-in method fetchall of sqlite3.Cursor object at 0x0000018C4B2079C0>) completed
2026-08-30 01:02:03,523 [DEBUG] aiosqlite: executing functools.partial(<built-in method close of sqlite3.Cursor object at 0x0000018C4B2079C0>)
2026-08-30 01:02:03,523 [DEBUG] aiosqlite: operation functools.partial(<built-in method close of sqlite3.Cursor object at 0x0000018C4B2079C0>) completed
2026-08-30 01:02:03,523 [INFO] sqlalchemy.engine.Engine: COMMIT
2026-08-30 01:02:03,523 [DEBUG] aiosqlite: executing functools.partial(<built-in method commit of sqlite3.Connection object at 0x0000018C4B1C7C40>)
2026-08-30 01:02:03,523 [DEBUG] aiosqlite: operation functools.partial(<built-in method commit of sqlite3.Connection object at 0x0000018C4B1C7C40>) completed
2026-08-30 01:02:03,523 [DEBUG] aiosqlite: executing functools.partial(<built-in method rollback of sqlite3.Connection object at 0x0000018C4B1C7C40>)
2026-08-30 01:02:03,523 [DEBUG] aiosqlite: operation functools.partial(<built-in method rollback of sqlite3.Connection object at 0x0000018C4B1C7C40>) completed
2026-08-30 01:02:03,523 [DEBUG] aiosqlite: executing functools.partial(<built-in method close of sqlite3.Connection object at 0x0000018C4B1C7C40>)
2026-08-30 01:02:03,523 [DEBUG] aiosqlite: operation functools.partial(<built-in method close of sqlite3.Connection object at 0x0000018C4B1C7C40>) completed
2026-08-30 01:02:03,523 [INFO] main: Database initialized
2026-08-30 01:02:03,523 [INFO] main: Redis connected
2026-08-30 01:02:03,556 [INFO] runtime.core: StoryFlow Runtime 5.0.0 initialized (V1.5 Runtime upgrade complete)
2026-08-30 01:02:04,512 [INFO] runtime.workflow_engine: [WorkflowEngine] Agent registered: script
2026-08-30 01:02:04,512 [INFO] runtime.workflow_engine: [WorkflowEngine] Agent registered: character
2026-08-30 01:02:04,512 [INFO] runtime.workflow_engine: [WorkflowEngine] Agent registered: storyboard
2026-08-30 01:02:04,512 [INFO] runtime.workflow_engine: [WorkflowEngine] Agent registered: image
2026-08-30 01:02:04,512 [INFO] runtime.workflow_engine: [WorkflowEngine] Agent registered: image_to_video
2026-08-30 01:02:04,512 [INFO] runtime.workflow_engine: [WorkflowEngine] Agent registered: voice
2026-08-30 01:02:04,512 [INFO] runtime.workflow_engine: [WorkflowEngine] Agent registered: video
2026-08-30 01:02:04,512 [INFO] runtime.core: Registered 7 agents with Runtime
2026-08-30 01:02:04,512 [INFO] runtime.workflow_engine: [WorkflowEngine] Agent registered: script
2026-08-30 01:02:04,512 [INFO] runtime.workflow_engine: [WorkflowEngine] Agent registered: character
2026-08-30 01:02:04,512 [INFO] runtime.workflow_engine: [WorkflowEngine] Agent registered: storyboard
2026-08-30 01:02:04,512 [INFO] runtime.workflow_engine: [WorkflowEngine] Agent registered: image
2026-08-30 01:02:04,512 [INFO] runtime.workflow_engine: [WorkflowEngine] Agent registered: image_to_video
2026-08-30 01:02:04,512 [INFO] runtime.workflow_engine: [WorkflowEngine] Agent registered: voice
2026-08-30 01:02:04,512 [INFO] runtime.workflow_engine: [WorkflowEngine] Agent registered: video
2026-08-30 01:02:04,512 [INFO] runtime.core: Registered 7 agents with Runtime
2026-08-30 01:02:04,517 [INFO] runtime.workflow_engine: [WorkflowEngine] Loaded DSL E:\myproject\myproject\storyflow-ai\storyflow-ai\backend\workflows\comic.yaml: pipeline=['script', 'character', 'storyboard', 'image', 'image_to_video', 'voice', 'video']
2026-08-30 01:02:04,517 [INFO] main: StoryFlow Runtime V3 initialized (quality=True, director=False)
2026-08-30 01:02:04,517 [INFO] main: StoryFlow AI started successfully
INFO:     Application startup complete.
INFO:     Uvicorn running on http://0.0.0.0:8000 (Press CTRL+C to quit)
2026-08-30 01:02:43,158 [DEBUG] aiosqlite: executing <function connect.<locals>.connector at 0x0000018C4D5B8E00>
2026-08-30 01:02:43,169 [DEBUG] aiosqlite: operation <function connect.<locals>.connector at 0x0000018C4D5B8E00> completed
2026-08-30 01:02:43,169 [DEBUG] aiosqlite: executing functools.partial(<built-in method create_function of sqlite3.Connection object at 0x0000018C4D58F6A0>, 'regexp', 2, <function SQLiteDialect_pysqlite.on_connect.<locals>.regexp at 0x0000018C4AFFA660>, deterministic=True)
2026-08-30 01:02:43,169 [DEBUG] aiosqlite: operation functools.partial(<built-in method create_function of sqlite3.Connection object at 0x0000018C4D58F6A0>, 'regexp', 2, <function SQLiteDialect_pysqlite.on_connect.<locals>.regexp at 0x0000018C4AFFA660>, deterministic=True) completed
2026-08-30 01:02:43,169 [DEBUG] aiosqlite: executing functools.partial(<built-in method create_function of sqlite3.Connection object at 0x0000018C4D58F6A0>, 'floor', 1, <built-in function floor>, deterministic=True)
2026-08-30 01:02:43,169 [DEBUG] aiosqlite: operation functools.partial(<built-in method create_function of sqlite3.Connection object at 0x0000018C4D58F6A0>, 'floor', 1, <built-in function floor>, deterministic=True) completed
2026-08-30 01:02:43,169 [INFO] sqlalchemy.engine.Engine: BEGIN (implicit)
2026-08-30 01:02:43,169 [INFO] sqlalchemy.engine.Engine: INSERT INTO story (id, title, prompt, genre, total_episode, status, cover_image) VALUES (?, ?, ?, ?, ?, ?, ?) RETURNING created_at, updated_at
2026-08-30 01:02:43,169 [INFO] sqlalchemy.engine.Engine: [generated in 0.00033s] ('8ad45d6c4e704b9288847500f2973209', '雨夜奇遇', '一个失意的少年程序员在雨夜捡到一只会说话的猫，这只猫自称是异世界的守护者，两人从此结伴展开奇幻冒险', '奇幻', 1, 'created', None)
2026-08-30 01:02:43,169 [DEBUG] aiosqlite: executing functools.partial(<built-in method cursor of sqlite3.Connection object at 0x0000018C4D58F6A0>)
2026-08-30 01:02:43,169 [DEBUG] aiosqlite: operation functools.partial(<built-in method cursor of sqlite3.Connection object at 0x0000018C4D58F6A0>) completed
2026-08-30 01:02:43,169 [DEBUG] aiosqlite: executing functools.partial(<built-in method execute of sqlite3.Cursor object at 0x0000018C4D4A0C40>, 'INSERT INTO story (id, title, prompt, genre, total_episode, status, cover_image) VALUES (?, ?, ?, ?, ?, ?, ?) RETURNING created_at, updated_at', ('8ad45d6c4e704b9288847500f2973209', '雨夜奇遇', '一个失意的少年程序员在雨夜捡到一只会说话的猫，这只猫自称是异世界的守护者，两人从此结伴展开奇幻冒险', '奇幻', 1, 'created', None))
2026-08-30 01:02:43,169 [DEBUG] aiosqlite: operation functools.partial(<built-in method execute of sqlite3.Cursor object at 0x0000018C4D4A0C40>, 'INSERT INTO story (id, title, prompt, genre, total_episode, status, cover_image) VALUES (?, ?, ?, ?, ?, ?, ?) RETURNING created_at, updated_at', ('8ad45d6c4e704b9288847500f2973209', '雨夜奇遇', '一个失意的少年程序员在雨夜捡到一只会说话的猫，这只猫自称是异世界的守护者，两人从此结伴展开奇幻冒险', '奇幻', 1, 'created', None)) completed
2026-08-30 01:02:43,169 [DEBUG] aiosqlite: executing functools.partial(<built-in method fetchall of sqlite3.Cursor object at 0x0000018C4D4A0C40>)
2026-08-30 01:02:43,169 [DEBUG] aiosqlite: operation functools.partial(<built-in method fetchall of sqlite3.Cursor object at 0x0000018C4D4A0C40>) completed
2026-08-30 01:02:43,169 [DEBUG] aiosqlite: executing functools.partial(<built-in method close of sqlite3.Cursor object at 0x0000018C4D4A0C40>)
2026-08-30 01:02:43,169 [DEBUG] aiosqlite: operation functools.partial(<built-in method close of sqlite3.Cursor object at 0x0000018C4D4A0C40>) completed
2026-08-30 01:02:43,169 [INFO] sqlalchemy.engine.Engine: SELECT story.id, story.title, story.prompt, story.genre, story.total_episode, story.status, story.cover_image, story.created_at, story.updated_at 
FROM story 
WHERE story.id = ?
2026-08-30 01:02:43,169 [INFO] sqlalchemy.engine.Engine: [generated in 0.00029s] ('8ad45d6c4e704b9288847500f2973209',)
2026-08-30 01:02:43,169 [DEBUG] aiosqlite: executing functools.partial(<built-in method cursor of sqlite3.Connection object at 0x0000018C4D58F6A0>)
2026-08-30 01:02:43,169 [DEBUG] aiosqlite: operation functools.partial(<built-in method cursor of sqlite3.Connection object at 0x0000018C4D58F6A0>) completed
2026-08-30 01:02:43,169 [DEBUG] aiosqlite: executing functools.partial(<built-in method execute of sqlite3.Cursor object at 0x0000018C4D480B40>, 'SELECT story.id, story.title, story.prompt, story.genre, story.total_episode, story.status, story.cover_image, story.created_at, story.updated_at \nFROM story \nWHERE story.id = ?', ('8ad45d6c4e704b9288847500f2973209',))
2026-08-30 01:02:43,169 [DEBUG] aiosqlite: operation functools.partial(<built-in method execute of sqlite3.Cursor object at 0x0000018C4D480B40>, 'SELECT story.id, story.title, story.prompt, story.genre, story.total_episode, story.status, story.cover_image, story.created_at, story.updated_at \nFROM story \nWHERE story.id = ?', ('8ad45d6c4e704b9288847500f2973209',)) completed
2026-08-30 01:02:43,169 [DEBUG] aiosqlite: executing functools.partial(<built-in method fetchall of sqlite3.Cursor object at 0x0000018C4D480B40>)
2026-08-30 01:02:43,169 [DEBUG] aiosqlite: operation functools.partial(<built-in method fetchall of sqlite3.Cursor object at 0x0000018C4D480B40>) completed
2026-08-30 01:02:43,169 [DEBUG] aiosqlite: executing functools.partial(<built-in method close of sqlite3.Cursor object at 0x0000018C4D480B40>)
2026-08-30 01:02:43,169 [DEBUG] aiosqlite: operation functools.partial(<built-in method close of sqlite3.Cursor object at 0x0000018C4D480B40>) completed
2026-08-30 01:02:43,181 [INFO] sqlalchemy.engine.Engine: INSERT INTO task (id, story_id, status, progress, current_step, retry_count, error_message) VALUES (?, ?, ?, ?, ?, ?, ?) RETURNING created_at, updated_at
2026-08-30 01:02:43,181 [INFO] sqlalchemy.engine.Engine: [generated in 0.00042s] ('2773220ff25c46149fb7e0fbe8bfafca', '8ad45d6c4e704b9288847500f2973209', 'pending', 0, None, 0, None)
2026-08-30 01:02:43,181 [DEBUG] aiosqlite: executing functools.partial(<built-in method cursor of sqlite3.Connection object at 0x0000018C4D58F6A0>)
2026-08-30 01:02:43,181 [DEBUG] aiosqlite: operation functools.partial(<built-in method cursor of sqlite3.Connection object at 0x0000018C4D58F6A0>) completed
2026-08-30 01:02:43,181 [DEBUG] aiosqlite: executing functools.partial(<built-in method execute of sqlite3.Cursor object at 0x0000018C4D53F8C0>, 'INSERT INTO task (id, story_id, status, progress, current_step, retry_count, error_message) VALUES (?, ?, ?, ?, ?, ?, ?) RETURNING created_at, updated_at', ('2773220ff25c46149fb7e0fbe8bfafca', '8ad45d6c4e704b9288847500f2973209', 'pending', 0, None, 0, None))
2026-08-30 01:02:43,181 [DEBUG] aiosqlite: operation functools.partial(<built-in method execute of sqlite3.Cursor object at 0x0000018C4D53F8C0>, 'INSERT INTO task (id, story_id, status, progress, current_step, retry_count, error_message) VALUES (?, ?, ?, ?, ?, ?, ?) RETURNING created_at, updated_at', ('2773220ff25c46149fb7e0fbe8bfafca', '8ad45d6c4e704b9288847500f2973209', 'pending', 0, None, 0, None)) completed
2026-08-30 01:02:43,181 [DEBUG] aiosqlite: executing functools.partial(<built-in method fetchall of sqlite3.Cursor object at 0x0000018C4D53F8C0>)
2026-08-30 01:02:43,181 [DEBUG] aiosqlite: operation functools.partial(<built-in method fetchall of sqlite3.Cursor object at 0x0000018C4D53F8C0>) completed
2026-08-30 01:02:43,183 [DEBUG] aiosqlite: executing functools.partial(<built-in method close of sqlite3.Cursor object at 0x0000018C4D53F8C0>)
2026-08-30 01:02:43,183 [DEBUG] aiosqlite: operation functools.partial(<built-in method close of sqlite3.Cursor object at 0x0000018C4D53F8C0>) completed
2026-08-30 01:02:43,184 [INFO] sqlalchemy.engine.Engine: SELECT task.id, task.story_id, task.status, task.progress, task.current_step, task.retry_count, task.error_message, task.created_at, task.updated_at 
FROM task 
WHERE task.id = ?
2026-08-30 01:02:43,184 [INFO] sqlalchemy.engine.Engine: [generated in 0.00035s] ('2773220ff25c46149fb7e0fbe8bfafca',)
2026-08-30 01:02:43,185 [DEBUG] aiosqlite: executing functools.partial(<built-in method cursor of sqlite3.Connection object at 0x0000018C4D58F6A0>)
2026-08-30 01:02:43,185 [DEBUG] aiosqlite: operation functools.partial(<built-in method cursor of sqlite3.Connection object at 0x0000018C4D58F6A0>) completed
2026-08-30 01:02:43,185 [DEBUG] aiosqlite: executing functools.partial(<built-in method execute of sqlite3.Cursor object at 0x0000018C4D53F8C0>, 'SELECT task.id, task.story_id, task.status, task.progress, task.current_step, task.retry_count, task.error_message, task.created_at, task.updated_at \nFROM task \nWHERE task.id = ?', ('2773220ff25c46149fb7e0fbe8bfafca',))
2026-08-30 01:02:43,185 [DEBUG] aiosqlite: operation functools.partial(<built-in method execute of sqlite3.Cursor object at 0x0000018C4D53F8C0>, 'SELECT task.id, task.story_id, task.status, task.progress, task.current_step, task.retry_count, task.error_message, task.created_at, task.updated_at \nFROM task \nWHERE task.id = ?', ('2773220ff25c46149fb7e0fbe8bfafca',)) completed
2026-08-30 01:02:43,185 [DEBUG] aiosqlite: executing functools.partial(<built-in method fetchall of sqlite3.Cursor object at 0x0000018C4D53F8C0>)
2026-08-30 01:02:43,185 [DEBUG] aiosqlite: operation functools.partial(<built-in method fetchall of sqlite3.Cursor object at 0x0000018C4D53F8C0>) completed
2026-08-30 01:02:43,186 [DEBUG] aiosqlite: executing functools.partial(<built-in method close of sqlite3.Cursor object at 0x0000018C4D53F8C0>)
2026-08-30 01:02:43,186 [DEBUG] aiosqlite: operation functools.partial(<built-in method close of sqlite3.Cursor object at 0x0000018C4D53F8C0>) completed
2026-08-30 01:02:43,186 [INFO] sqlalchemy.engine.Engine: COMMIT
2026-08-30 01:02:43,187 [DEBUG] aiosqlite: executing functools.partial(<built-in method commit of sqlite3.Connection object at 0x0000018C4D58F6A0>)
2026-08-30 01:02:43,192 [DEBUG] aiosqlite: operation functools.partial(<built-in method commit of sqlite3.Connection object at 0x0000018C4D58F6A0>) completed
2026-08-30 01:02:43,192 [DEBUG] aiosqlite: executing functools.partial(<built-in method rollback of sqlite3.Connection object at 0x0000018C4D58F6A0>)
2026-08-30 01:02:43,192 [DEBUG] aiosqlite: operation functools.partial(<built-in method rollback of sqlite3.Connection object at 0x0000018C4D58F6A0>) completed
2026-08-30 01:02:43,192 [DEBUG] aiosqlite: executing functools.partial(<built-in method close of sqlite3.Connection object at 0x0000018C4D58F6A0>)
2026-08-30 01:02:43,194 [DEBUG] aiosqlite: operation functools.partial(<built-in method close of sqlite3.Connection object at 0x0000018C4D58F6A0>) completed
2026-08-30 01:02:43,217 [DEBUG] aiosqlite: executing <function connect.<locals>.connector at 0x0000018C4D5B8EA0>
2026-08-30 01:02:43,217 [DEBUG] aiosqlite: operation <function connect.<locals>.connector at 0x0000018C4D5B8EA0> completed
2026-08-30 01:02:43,217 [DEBUG] aiosqlite: executing functools.partial(<built-in method create_function of sqlite3.Connection object at 0x0000018C4D5D86D0>, 'regexp', 2, <function SQLiteDialect_pysqlite.on_connect.<locals>.regexp at 0x0000018C4AFFA660>, deterministic=True)
2026-08-30 01:02:43,217 [DEBUG] aiosqlite: operation functools.partial(<built-in method create_function of sqlite3.Connection object at 0x0000018C4D5D86D0>, 'regexp', 2, <function SQLiteDialect_pysqlite.on_connect.<locals>.regexp at 0x0000018C4AFFA660>, deterministic=True) completed
2026-08-30 01:02:43,217 [DEBUG] aiosqlite: executing functools.partial(<built-in method create_function of sqlite3.Connection object at 0x0000018C4D5D86D0>, 'floor', 1, <built-in function floor>, deterministic=True)
2026-08-30 01:02:43,217 [DEBUG] aiosqlite: operation functools.partial(<built-in method create_function of sqlite3.Connection object at 0x0000018C4D5D86D0>, 'floor', 1, <built-in function floor>, deterministic=True) completed
2026-08-30 01:02:43,217 [INFO] sqlalchemy.engine.Engine: BEGIN (implicit)
2026-08-30 01:02:43,217 [INFO] sqlalchemy.engine.Engine: SELECT story.id, story.title, story.prompt, story.genre, story.total_episode, story.status, story.cover_image, story.created_at, story.updated_at 
FROM story 
WHERE story.id = ?
2026-08-30 01:02:43,217 [INFO] sqlalchemy.engine.Engine: [generated in 0.00034s] ('8ad45d6c4e704b9288847500f2973209',)
2026-08-30 01:02:43,217 [DEBUG] aiosqlite: executing functools.partial(<built-in method cursor of sqlite3.Connection object at 0x0000018C4D5D86D0>)
2026-08-30 01:02:43,217 [DEBUG] aiosqlite: operation functools.partial(<built-in method cursor of sqlite3.Connection object at 0x0000018C4D5D86D0>) completed
2026-08-30 01:02:43,217 [DEBUG] aiosqlite: executing functools.partial(<built-in method execute of sqlite3.Cursor object at 0x0000018C4D53F8C0>, 'SELECT story.id, story.title, story.prompt, story.genre, story.total_episode, story.status, story.cover_image, story.created_at, story.updated_at \nFROM story \nWHERE story.id = ?', ('8ad45d6c4e704b9288847500f2973209',))
2026-08-30 01:02:43,217 [DEBUG] aiosqlite: operation functools.partial(<built-in method execute of sqlite3.Cursor object at 0x0000018C4D53F8C0>, 'SELECT story.id, story.title, story.prompt, story.genre, story.total_episode, story.status, story.cover_image, story.created_at, story.updated_at \nFROM story \nWHERE story.id = ?', ('8ad45d6c4e704b9288847500f2973209',)) completed
2026-08-30 01:02:43,217 [DEBUG] aiosqlite: executing functools.partial(<built-in method fetchall of sqlite3.Cursor object at 0x0000018C4D53F8C0>)
2026-08-30 01:02:43,217 [DEBUG] aiosqlite: operation functools.partial(<built-in method fetchall of sqlite3.Cursor object at 0x0000018C4D53F8C0>) completed
2026-08-30 01:02:43,217 [DEBUG] aiosqlite: executing functools.partial(<built-in method close of sqlite3.Cursor object at 0x0000018C4D53F8C0>)
2026-08-30 01:02:43,217 [DEBUG] aiosqlite: operation functools.partial(<built-in method close of sqlite3.Cursor object at 0x0000018C4D53F8C0>) completed
2026-08-30 01:02:43,217 [INFO] sqlalchemy.engine.Engine: SELECT story.id, story.title, story.prompt, story.genre, story.total_episode, story.status, story.cover_image, story.created_at, story.updated_at 
FROM story 
WHERE story.id = ?
2026-08-30 01:02:43,217 [INFO] sqlalchemy.engine.Engine: [cached since 0.002981s ago] ('8ad45d6c4e704b9288847500f2973209',)
2026-08-30 01:02:43,217 [DEBUG] aiosqlite: executing functools.partial(<built-in method cursor of sqlite3.Connection object at 0x0000018C4D5D86D0>)
2026-08-30 01:02:43,217 [DEBUG] aiosqlite: operation functools.partial(<built-in method cursor of sqlite3.Connection object at 0x0000018C4D5D86D0>) completed
2026-08-30 01:02:43,217 [DEBUG] aiosqlite: executing functools.partial(<built-in method execute of sqlite3.Cursor object at 0x0000018C4D53F8C0>, 'SELECT story.id, story.title, story.prompt, story.genre, story.total_episode, story.status, story.cover_image, story.created_at, story.updated_at \nFROM story \nWHERE story.id = ?', ('8ad45d6c4e704b9288847500f2973209',))
2026-08-30 01:02:43,217 [DEBUG] aiosqlite: operation functools.partial(<built-in method execute of sqlite3.Cursor object at 0x0000018C4D53F8C0>, 'SELECT story.id, story.title, story.prompt, story.genre, story.total_episode, story.status, story.cover_image, story.created_at, story.updated_at \nFROM story \nWHERE story.id = ?', ('8ad45d6c4e704b9288847500f2973209',)) completed
2026-08-30 01:02:43,217 [DEBUG] aiosqlite: executing functools.partial(<built-in method fetchall of sqlite3.Cursor object at 0x0000018C4D53F8C0>)
2026-08-30 01:02:43,217 [DEBUG] aiosqlite: operation functools.partial(<built-in method fetchall of sqlite3.Cursor object at 0x0000018C4D53F8C0>) completed
2026-08-30 01:02:43,217 [DEBUG] aiosqlite: executing functools.partial(<built-in method close of sqlite3.Cursor object at 0x0000018C4D53F8C0>)
2026-08-30 01:02:43,217 [DEBUG] aiosqlite: operation functools.partial(<built-in method close of sqlite3.Cursor object at 0x0000018C4D53F8C0>) completed
2026-08-30 01:02:43,217 [INFO] sqlalchemy.engine.Engine: UPDATE story SET status=?, updated_at=CURRENT_TIMESTAMP WHERE story.id = ?
2026-08-30 01:02:43,217 [INFO] sqlalchemy.engine.Engine: [generated in 0.00028s] ('generating', '8ad45d6c4e704b9288847500f2973209')
2026-08-30 01:02:43,217 [DEBUG] aiosqlite: executing functools.partial(<built-in method cursor of sqlite3.Connection object at 0x0000018C4D5D86D0>)
2026-08-30 01:02:43,217 [DEBUG] aiosqlite: operation functools.partial(<built-in method cursor of sqlite3.Connection object at 0x0000018C4D5D86D0>) completed
2026-08-30 01:02:43,217 [DEBUG] aiosqlite: executing functools.partial(<built-in method execute of sqlite3.Cursor object at 0x0000018C4D53F8C0>, 'UPDATE story SET status=?, updated_at=CURRENT_TIMESTAMP WHERE story.id = ?', ('generating', '8ad45d6c4e704b9288847500f2973209'))
2026-08-30 01:02:43,217 [DEBUG] aiosqlite: operation functools.partial(<built-in method execute of sqlite3.Cursor object at 0x0000018C4D53F8C0>, 'UPDATE story SET status=?, updated_at=CURRENT_TIMESTAMP WHERE story.id = ?', ('generating', '8ad45d6c4e704b9288847500f2973209')) completed
2026-08-30 01:02:43,217 [DEBUG] aiosqlite: executing functools.partial(<built-in method close of sqlite3.Cursor object at 0x0000018C4D53F8C0>)
2026-08-30 01:02:43,217 [DEBUG] aiosqlite: operation functools.partial(<built-in method close of sqlite3.Cursor object at 0x0000018C4D53F8C0>) completed
2026-08-30 01:02:43,217 [INFO] sqlalchemy.engine.Engine: SELECT story.id, story.title, story.prompt, story.genre, story.total_episode, story.status, story.cover_image, story.created_at, story.updated_at 
FROM story 
WHERE story.id = ?
2026-08-30 01:02:43,217 [INFO] sqlalchemy.engine.Engine: [cached since 0.05171s ago] ('8ad45d6c4e704b9288847500f2973209',)
2026-08-30 01:02:43,217 [DEBUG] aiosqlite: executing functools.partial(<built-in method cursor of sqlite3.Connection object at 0x0000018C4D5D86D0>)
2026-08-30 01:02:43,217 [DEBUG] aiosqlite: operation functools.partial(<built-in method cursor of sqlite3.Connection object at 0x0000018C4D5D86D0>) completed
2026-08-30 01:02:43,217 [DEBUG] aiosqlite: executing functools.partial(<built-in method execute of sqlite3.Cursor object at 0x0000018C4D53F8C0>, 'SELECT story.id, story.title, story.prompt, story.genre, story.total_episode, story.status, story.cover_image, story.created_at, story.updated_at \nFROM story \nWHERE story.id = ?', ('8ad45d6c4e704b9288847500f2973209',))
2026-08-30 01:02:43,217 [DEBUG] aiosqlite: operation functools.partial(<built-in method execute of sqlite3.Cursor object at 0x0000018C4D53F8C0>, 'SELECT story.id, story.title, story.prompt, story.genre, story.total_episode, story.status, story.cover_image, story.created_at, story.updated_at \nFROM story \nWHERE story.id = ?', ('8ad45d6c4e704b9288847500f2973209',)) completed
2026-08-30 01:02:43,230 [DEBUG] aiosqlite: executing functools.partial(<built-in method fetchall of sqlite3.Cursor object at 0x0000018C4D53F8C0>)
2026-08-30 01:02:43,230 [DEBUG] aiosqlite: operation functools.partial(<built-in method fetchall of sqlite3.Cursor object at 0x0000018C4D53F8C0>) completed
2026-08-30 01:02:43,230 [DEBUG] aiosqlite: executing functools.partial(<built-in method close of sqlite3.Cursor object at 0x0000018C4D53F8C0>)
2026-08-30 01:02:43,230 [DEBUG] aiosqlite: operation functools.partial(<built-in method close of sqlite3.Cursor object at 0x0000018C4D53F8C0>) completed
2026-08-30 01:02:43,230 [INFO] sqlalchemy.engine.Engine: SELECT task.id, task.story_id, task.status, task.progress, task.current_step, task.retry_count, task.error_message, task.created_at, task.updated_at 
FROM task 
WHERE task.story_id = ? ORDER BY task.created_at DESC
 LIMIT ? OFFSET ?
2026-08-30 01:02:43,230 [INFO] sqlalchemy.engine.Engine: [generated in 0.00028s] ('8ad45d6c4e704b9288847500f2973209', 1, 0)
2026-08-30 01:02:43,230 [DEBUG] aiosqlite: executing functools.partial(<built-in method cursor of sqlite3.Connection object at 0x0000018C4D5D86D0>)
2026-08-30 01:02:43,230 [DEBUG] aiosqlite: operation functools.partial(<built-in method cursor of sqlite3.Connection object at 0x0000018C4D5D86D0>) completed
2026-08-30 01:02:43,230 [DEBUG] aiosqlite: executing functools.partial(<built-in method execute of sqlite3.Cursor object at 0x0000018C4D53F8C0>, 'SELECT task.id, task.story_id, task.status, task.progress, task.current_step, task.retry_count, task.error_message, task.created_at, task.updated_at \nFROM task \nWHERE task.story_id = ? ORDER BY task.created_at DESC\n LIMIT ? OFFSET ?', ('8ad45d6c4e704b9288847500f2973209', 1, 0))
2026-08-30 01:02:43,230 [DEBUG] aiosqlite: operation functools.partial(<built-in method execute of sqlite3.Cursor object at 0x0000018C4D53F8C0>, 'SELECT task.id, task.story_id, task.status, task.progress, task.current_step, task.retry_count, task.error_message, task.created_at, task.updated_at \nFROM task \nWHERE task.story_id = ? ORDER BY task.created_at DESC\n LIMIT ? OFFSET ?', ('8ad45d6c4e704b9288847500f2973209', 1, 0)) completed
2026-08-30 01:02:43,230 [DEBUG] aiosqlite: executing functools.partial(<built-in method fetchall of sqlite3.Cursor object at 0x0000018C4D53F8C0>)
2026-08-30 01:02:43,230 [DEBUG] aiosqlite: operation functools.partial(<built-in method fetchall of sqlite3.Cursor object at 0x0000018C4D53F8C0>) completed
2026-08-30 01:02:43,230 [DEBUG] aiosqlite: executing functools.partial(<built-in method close of sqlite3.Cursor object at 0x0000018C4D53F8C0>)
2026-08-30 01:02:43,230 [DEBUG] aiosqlite: operation functools.partial(<built-in method close of sqlite3.Cursor object at 0x0000018C4D53F8C0>) completed
2026-08-30 01:02:43,230 [INFO] sqlalchemy.engine.Engine: SELECT task.id, task.story_id, task.status, task.progress, task.current_step, task.retry_count, task.error_message, task.created_at, task.updated_at 
FROM task 
WHERE task.id = ?
2026-08-30 01:02:43,230 [INFO] sqlalchemy.engine.Engine: [generated in 0.00027s] ('2773220ff25c46149fb7e0fbe8bfafca',)
2026-08-30 01:02:43,230 [DEBUG] aiosqlite: executing functools.partial(<built-in method cursor of sqlite3.Connection object at 0x0000018C4D5D86D0>)
2026-08-30 01:02:43,230 [DEBUG] aiosqlite: operation functools.partial(<built-in method cursor of sqlite3.Connection object at 0x0000018C4D5D86D0>) completed
2026-08-30 01:02:43,230 [DEBUG] aiosqlite: executing functools.partial(<built-in method execute of sqlite3.Cursor object at 0x0000018C4D53F8C0>, 'SELECT task.id, task.story_id, task.status, task.progress, task.current_step, task.retry_count, task.error_message, task.created_at, task.updated_at \nFROM task \nWHERE task.id = ?', ('2773220ff25c46149fb7e0fbe8bfafca',))
2026-08-30 01:02:43,230 [DEBUG] aiosqlite: operation functools.partial(<built-in method execute of sqlite3.Cursor object at 0x0000018C4D53F8C0>, 'SELECT task.id, task.story_id, task.status, task.progress, task.current_step, task.retry_count, task.error_message, task.created_at, task.updated_at \nFROM task \nWHERE task.id = ?', ('2773220ff25c46149fb7e0fbe8bfafca',)) completed
2026-08-30 01:02:43,230 [DEBUG] aiosqlite: executing functools.partial(<built-in method fetchall of sqlite3.Cursor object at 0x0000018C4D53F8C0>)
2026-08-30 01:02:43,230 [DEBUG] aiosqlite: operation functools.partial(<built-in method fetchall of sqlite3.Cursor object at 0x0000018C4D53F8C0>) completed
2026-08-30 01:02:43,230 [DEBUG] aiosqlite: executing functools.partial(<built-in method close of sqlite3.Cursor object at 0x0000018C4D53F8C0>)
2026-08-30 01:02:43,230 [DEBUG] aiosqlite: operation functools.partial(<built-in method close of sqlite3.Cursor object at 0x0000018C4D53F8C0>) completed
2026-08-30 01:02:43,230 [INFO] sqlalchemy.engine.Engine: UPDATE task SET status=?, current_step=?, updated_at=CURRENT_TIMESTAMP WHERE task.id = ?
2026-08-30 01:02:43,230 [INFO] sqlalchemy.engine.Engine: [generated in 0.00027s] ('running', 'init', '2773220ff25c46149fb7e0fbe8bfafca')
2026-08-30 01:02:43,230 [DEBUG] aiosqlite: executing functools.partial(<built-in method cursor of sqlite3.Connection object at 0x0000018C4D5D86D0>)
2026-08-30 01:02:43,230 [DEBUG] aiosqlite: operation functools.partial(<built-in method cursor of sqlite3.Connection object at 0x0000018C4D5D86D0>) completed
2026-08-30 01:02:43,230 [DEBUG] aiosqlite: executing functools.partial(<built-in method execute of sqlite3.Cursor object at 0x0000018C4D53F8C0>, 'UPDATE task SET status=?, current_step=?, updated_at=CURRENT_TIMESTAMP WHERE task.id = ?', ('running', 'init', '2773220ff25c46149fb7e0fbe8bfafca'))
2026-08-30 01:02:43,230 [DEBUG] aiosqlite: operation functools.partial(<built-in method execute of sqlite3.Cursor object at 0x0000018C4D53F8C0>, 'UPDATE task SET status=?, current_step=?, updated_at=CURRENT_TIMESTAMP WHERE task.id = ?', ('running', 'init', '2773220ff25c46149fb7e0fbe8bfafca')) completed
2026-08-30 01:02:43,230 [DEBUG] aiosqlite: executing functools.partial(<built-in method close of sqlite3.Cursor object at 0x0000018C4D53F8C0>)
2026-08-30 01:02:43,230 [DEBUG] aiosqlite: operation functools.partial(<built-in method close of sqlite3.Cursor object at 0x0000018C4D53F8C0>) completed
2026-08-30 01:02:43,230 [INFO] sqlalchemy.engine.Engine: SELECT task.id, task.story_id, task.status, task.progress, task.current_step, task.retry_count, task.error_message, task.created_at, task.updated_at 
FROM task 
WHERE task.id = ?
2026-08-30 01:02:43,230 [INFO] sqlalchemy.engine.Engine: [cached since 0.05398s ago] ('2773220ff25c46149fb7e0fbe8bfafca',)
2026-08-30 01:02:43,230 [DEBUG] aiosqlite: executing functools.partial(<built-in method cursor of sqlite3.Connection object at 0x0000018C4D5D86D0>)
2026-08-30 01:02:43,230 [DEBUG] aiosqlite: operation functools.partial(<built-in method cursor of sqlite3.Connection object at 0x0000018C4D5D86D0>) completed
2026-08-30 01:02:43,230 [DEBUG] aiosqlite: executing functools.partial(<built-in method execute of sqlite3.Cursor object at 0x0000018C4D53F8C0>, 'SELECT task.id, task.story_id, task.status, task.progress, task.current_step, task.retry_count, task.error_message, task.created_at, task.updated_at \nFROM task \nWHERE task.id = ?', ('2773220ff25c46149fb7e0fbe8bfafca',))
2026-08-30 01:02:43,230 [DEBUG] aiosqlite: operation functools.partial(<built-in method execute of sqlite3.Cursor object at 0x0000018C4D53F8C0>, 'SELECT task.id, task.story_id, task.status, task.progress, task.current_step, task.retry_count, task.error_message, task.created_at, task.updated_at \nFROM task \nWHERE task.id = ?', ('2773220ff25c46149fb7e0fbe8bfafca',)) completed
2026-08-30 01:02:43,230 [DEBUG] aiosqlite: executing functools.partial(<built-in method fetchall of sqlite3.Cursor object at 0x0000018C4D53F8C0>)
2026-08-30 01:02:43,230 [DEBUG] aiosqlite: operation functools.partial(<built-in method fetchall of sqlite3.Cursor object at 0x0000018C4D53F8C0>) completed
2026-08-30 01:02:43,230 [DEBUG] aiosqlite: executing functools.partial(<built-in method close of sqlite3.Cursor object at 0x0000018C4D53F8C0>)
2026-08-30 01:02:43,230 [DEBUG] aiosqlite: operation functools.partial(<built-in method close of sqlite3.Cursor object at 0x0000018C4D53F8C0>) completed
2026-08-30 01:02:43,230 [INFO] sqlalchemy.engine.Engine: COMMIT
2026-08-30 01:02:43,230 [INFO] tasks.runner: Starting Runtime generation: task=2773220f-f25c-4614-9fb7-e0fbe8bfafca, story=8ad45d6c-4e70-4b92-8884-7500f2973209
2026-08-30 01:02:43,230 [DEBUG] aiosqlite: executing functools.partial(<built-in method commit of sqlite3.Connection object at 0x0000018C4D5D86D0>)
2026-08-30 01:02:43,230 [INFO] tasks.runner: Task 2773220f-f25c-4614-9fb7-e0fbe8bfafca: step=init, progress=0%
2026-08-30 01:02:43,230 [DEBUG] aiosqlite: executing <function connect.<locals>.connector at 0x0000018C4D5E1C60>
2026-08-30 01:02:43,230 [DEBUG] aiosqlite: operation <function connect.<locals>.connector at 0x0000018C4D5E1C60> completed
2026-08-30 01:02:43,230 [DEBUG] aiosqlite: executing functools.partial(<built-in method create_function of sqlite3.Connection object at 0x0000018C4D5D94E0>, 'regexp', 2, <function SQLiteDialect_pysqlite.on_connect.<locals>.regexp at 0x0000018C4AFFA660>, deterministic=True)
2026-08-30 01:02:43,230 [DEBUG] aiosqlite: operation functools.partial(<built-in method create_function of sqlite3.Connection object at 0x0000018C4D5D94E0>, 'regexp', 2, <function SQLiteDialect_pysqlite.on_connect.<locals>.regexp at 0x0000018C4AFFA660>, deterministic=True) completed
2026-08-30 01:02:43,230 [DEBUG] aiosqlite: executing functools.partial(<built-in method create_function of sqlite3.Connection object at 0x0000018C4D5D94E0>, 'floor', 1, <built-in function floor>, deterministic=True)
2026-08-30 01:02:43,230 [DEBUG] aiosqlite: operation functools.partial(<built-in method create_function of sqlite3.Connection object at 0x0000018C4D5D94E0>, 'floor', 1, <built-in function floor>, deterministic=True) completed
2026-08-30 01:02:43,230 [INFO] sqlalchemy.engine.Engine: BEGIN (implicit)
2026-08-30 01:02:43,230 [INFO] sqlalchemy.engine.Engine: SELECT task.id, task.story_id, task.status, task.progress, task.current_step, task.retry_count, task.error_message, task.created_at, task.updated_at 
FROM task 
WHERE task.id = ?
2026-08-30 01:02:43,230 [DEBUG] aiosqlite: operation functools.partial(<built-in method commit of sqlite3.Connection object at 0x0000018C4D5D86D0>) completed
2026-08-30 01:02:43,230 [INFO] sqlalchemy.engine.Engine: [cached since 0.01122s ago] ('2773220ff25c46149fb7e0fbe8bfafca',)
2026-08-30 01:02:43,230 [DEBUG] aiosqlite: executing functools.partial(<built-in method cursor of sqlite3.Connection object at 0x0000018C4D5D94E0>)
2026-08-30 01:02:43,230 [DEBUG] aiosqlite: operation functools.partial(<built-in method cursor of sqlite3.Connection object at 0x0000018C4D5D94E0>) completed
2026-08-30 01:02:43,230 [DEBUG] aiosqlite: executing functools.partial(<built-in method rollback of sqlite3.Connection object at 0x0000018C4D5D86D0>)
2026-08-30 01:02:43,246 [DEBUG] aiosqlite: operation functools.partial(<built-in method rollback of sqlite3.Connection object at 0x0000018C4D5D86D0>) completed
2026-08-30 01:02:43,246 [DEBUG] aiosqlite: executing functools.partial(<built-in method close of sqlite3.Connection object at 0x0000018C4D5D86D0>)
2026-08-30 01:02:43,246 [DEBUG] aiosqlite: operation functools.partial(<built-in method close of sqlite3.Connection object at 0x0000018C4D5D86D0>) completed
2026-08-30 01:02:43,246 [DEBUG] aiosqlite: executing functools.partial(<built-in method execute of sqlite3.Cursor object at 0x0000018C4D56B440>, 'SELECT task.id, task.story_id, task.status, task.progress, task.current_step, task.retry_count, task.error_message, task.created_at, task.updated_at \nFROM task \nWHERE task.id = ?', ('2773220ff25c46149fb7e0fbe8bfafca',))
2026-08-30 01:02:43,248 [DEBUG] aiosqlite: operation functools.partial(<built-in method execute of sqlite3.Cursor object at 0x0000018C4D56B440>, 'SELECT task.id, task.story_id, task.status, task.progress, task.current_step, task.retry_count, task.error_message, task.created_at, task.updated_at \nFROM task \nWHERE task.id = ?', ('2773220ff25c46149fb7e0fbe8bfafca',)) completed
2026-08-30 01:02:43,249 [DEBUG] aiosqlite: executing functools.partial(<built-in method fetchall of sqlite3.Cursor object at 0x0000018C4D56B440>)
2026-08-30 01:02:43,249 [DEBUG] aiosqlite: operation functools.partial(<built-in method fetchall of sqlite3.Cursor object at 0x0000018C4D56B440>) completed
2026-08-30 01:02:43,249 [DEBUG] aiosqlite: executing functools.partial(<built-in method close of sqlite3.Cursor object at 0x0000018C4D56B440>)
2026-08-30 01:02:43,249 [DEBUG] aiosqlite: operation functools.partial(<built-in method close of sqlite3.Cursor object at 0x0000018C4D56B440>) completed
2026-08-30 01:02:43,250 [INFO] sqlalchemy.engine.Engine: SELECT task.id, task.story_id, task.status, task.progress, task.current_step, task.retry_count, task.error_message, task.created_at, task.updated_at 
FROM task 
WHERE task.id = ?
2026-08-30 01:02:43,250 [INFO] sqlalchemy.engine.Engine: [cached since 0.06617s ago] ('2773220ff25c46149fb7e0fbe8bfafca',)
2026-08-30 01:02:43,251 [DEBUG] aiosqlite: executing functools.partial(<built-in method cursor of sqlite3.Connection object at 0x0000018C4D5D94E0>)
2026-08-30 01:02:43,251 [DEBUG] aiosqlite: operation functools.partial(<built-in method cursor of sqlite3.Connection object at 0x0000018C4D5D94E0>) completed
2026-08-30 01:02:43,251 [DEBUG] aiosqlite: executing functools.partial(<built-in method execute of sqlite3.Cursor object at 0x0000018C4D56B440>, 'SELECT task.id, task.story_id, task.status, task.progress, task.current_step, task.retry_count, task.error_message, task.created_at, task.updated_at \nFROM task \nWHERE task.id = ?', ('2773220ff25c46149fb7e0fbe8bfafca',))
2026-08-30 01:02:43,251 [DEBUG] aiosqlite: operation functools.partial(<built-in method execute of sqlite3.Cursor object at 0x0000018C4D56B440>, 'SELECT task.id, task.story_id, task.status, task.progress, task.current_step, task.retry_count, task.error_message, task.created_at, task.updated_at \nFROM task \nWHERE task.id = ?', ('2773220ff25c46149fb7e0fbe8bfafca',)) completed
2026-08-30 01:02:43,251 [DEBUG] aiosqlite: executing functools.partial(<built-in method fetchall of sqlite3.Cursor object at 0x0000018C4D56B440>)
2026-08-30 01:02:43,252 [DEBUG] aiosqlite: operation functools.partial(<built-in method fetchall of sqlite3.Cursor object at 0x0000018C4D56B440>) completed
2026-08-30 01:02:43,253 [DEBUG] aiosqlite: executing <function connect.<locals>.connector at 0x0000018C4D5E23E0>
2026-08-30 01:02:43,253 [DEBUG] aiosqlite: executing functools.partial(<built-in method close of sqlite3.Cursor object at 0x0000018C4D56B440>)
2026-08-30 01:02:43,253 [DEBUG] aiosqlite: operation functools.partial(<built-in method close of sqlite3.Cursor object at 0x0000018C4D56B440>) completed
2026-08-30 01:02:43,253 [INFO] sqlalchemy.engine.Engine: SELECT story.id, story.title, story.prompt, story.genre, story.total_episode, story.status, story.cover_image, story.created_at, story.updated_at 
FROM story 
WHERE story.id = ?
2026-08-30 01:02:43,253 [INFO] sqlalchemy.engine.Engine: [cached since 0.03222s ago] ('8ad45d6c4e704b9288847500f2973209',)
2026-08-30 01:02:43,253 [DEBUG] aiosqlite: executing functools.partial(<built-in method cursor of sqlite3.Connection object at 0x0000018C4D5D94E0>)
2026-08-30 01:02:43,253 [DEBUG] aiosqlite: operation <function connect.<locals>.connector at 0x0000018C4D5E23E0> completed
2026-08-30 01:02:43,253 [DEBUG] aiosqlite: operation functools.partial(<built-in method cursor of sqlite3.Connection object at 0x0000018C4D5D94E0>) completed
2026-08-30 01:02:43,253 [DEBUG] aiosqlite: executing functools.partial(<built-in method create_function of sqlite3.Connection object at 0x0000018C4D5D9D50>, 'regexp', 2, <function SQLiteDialect_pysqlite.on_connect.<locals>.regexp at 0x0000018C4AFFA660>, deterministic=True)
2026-08-30 01:02:43,253 [DEBUG] aiosqlite: executing functools.partial(<built-in method execute of sqlite3.Cursor object at 0x0000018C4D53F540>, 'SELECT story.id, story.title, story.prompt, story.genre, story.total_episode, story.status, story.cover_image, story.created_at, story.updated_at \nFROM story \nWHERE story.id = ?', ('8ad45d6c4e704b9288847500f2973209',))
2026-08-30 01:02:43,253 [DEBUG] aiosqlite: operation functools.partial(<built-in method create_function of sqlite3.Connection object at 0x0000018C4D5D9D50>, 'regexp', 2, <function SQLiteDialect_pysqlite.on_connect.<locals>.regexp at 0x0000018C4AFFA660>, deterministic=True) completed
2026-08-30 01:02:43,253 [DEBUG] aiosqlite: executing functools.partial(<built-in method create_function of sqlite3.Connection object at 0x0000018C4D5D9D50>, 'floor', 1, <built-in function floor>, deterministic=True)
2026-08-30 01:02:43,253 [DEBUG] aiosqlite: operation functools.partial(<built-in method execute of sqlite3.Cursor object at 0x0000018C4D53F540>, 'SELECT story.id, story.title, story.prompt, story.genre, story.total_episode, story.status, story.cover_image, story.created_at, story.updated_at \nFROM story \nWHERE story.id = ?', ('8ad45d6c4e704b9288847500f2973209',)) completed
2026-08-30 01:02:43,253 [DEBUG] aiosqlite: operation functools.partial(<built-in method create_function of sqlite3.Connection object at 0x0000018C4D5D9D50>, 'floor', 1, <built-in function floor>, deterministic=True) completed
2026-08-30 01:02:43,253 [DEBUG] aiosqlite: executing functools.partial(<built-in method fetchall of sqlite3.Cursor object at 0x0000018C4D53F540>)
2026-08-30 01:02:43,253 [DEBUG] aiosqlite: operation functools.partial(<built-in method fetchall of sqlite3.Cursor object at 0x0000018C4D53F540>) completed
2026-08-30 01:02:43,253 [INFO] sqlalchemy.engine.Engine: BEGIN (implicit)
2026-08-30 01:02:43,253 [INFO] sqlalchemy.engine.Engine: SELECT task.id, task.story_id, task.status, task.progress, task.current_step, task.retry_count, task.error_message, task.created_at, task.updated_at 
FROM task 
WHERE task.id = ?
2026-08-30 01:02:43,253 [INFO] sqlalchemy.engine.Engine: [cached since 0.02182s ago] ('2773220ff25c46149fb7e0fbe8bfafca',)
2026-08-30 01:02:43,253 [DEBUG] aiosqlite: executing functools.partial(<built-in method close of sqlite3.Cursor object at 0x0000018C4D53F540>)
2026-08-30 01:02:43,253 [DEBUG] aiosqlite: executing functools.partial(<built-in method cursor of sqlite3.Connection object at 0x0000018C4D5D9D50>)
2026-08-30 01:02:43,253 [DEBUG] aiosqlite: operation functools.partial(<built-in method close of sqlite3.Cursor object at 0x0000018C4D53F540>) completed
2026-08-30 01:02:43,253 [DEBUG] aiosqlite: operation functools.partial(<built-in method cursor of sqlite3.Connection object at 0x0000018C4D5D9D50>) completed
2026-08-30 01:02:43,253 [INFO] sqlalchemy.engine.Engine: SELECT story.id, story.title, story.prompt, story.genre, story.total_episode, story.status, story.cover_image, story.created_at, story.updated_at 
FROM story 
WHERE story.id = ?
2026-08-30 01:02:43,253 [INFO] sqlalchemy.engine.Engine: [cached since 0.07928s ago] ('8ad45d6c4e704b9288847500f2973209',)
2026-08-30 01:02:43,253 [DEBUG] aiosqlite: executing functools.partial(<built-in method cursor of sqlite3.Connection object at 0x0000018C4D5D94E0>)
2026-08-30 01:02:43,253 [DEBUG] aiosqlite: executing functools.partial(<built-in method execute of sqlite3.Cursor object at 0x0000018C4D56AA40>, 'SELECT task.id, task.story_id, task.status, task.progress, task.current_step, task.retry_count, task.error_message, task.created_at, task.updated_at \nFROM task \nWHERE task.id = ?', ('2773220ff25c46149fb7e0fbe8bfafca',))
2026-08-30 01:02:43,253 [DEBUG] aiosqlite: operation functools.partial(<built-in method cursor of sqlite3.Connection object at 0x0000018C4D5D94E0>) completed
2026-08-30 01:02:43,253 [DEBUG] aiosqlite: executing functools.partial(<built-in method execute of sqlite3.Cursor object at 0x0000018C4D53F540>, 'SELECT story.id, story.title, story.prompt, story.genre, story.total_episode, story.status, story.cover_image, story.created_at, story.updated_at \nFROM story \nWHERE story.id = ?', ('8ad45d6c4e704b9288847500f2973209',))
2026-08-30 01:02:43,253 [DEBUG] aiosqlite: operation functools.partial(<built-in method execute of sqlite3.Cursor object at 0x0000018C4D56AA40>, 'SELECT task.id, task.story_id, task.status, task.progress, task.current_step, task.retry_count, task.error_message, task.created_at, task.updated_at \nFROM task \nWHERE task.id = ?', ('2773220ff25c46149fb7e0fbe8bfafca',)) completed
2026-08-30 01:02:43,253 [DEBUG] aiosqlite: operation functools.partial(<built-in method execute of sqlite3.Cursor object at 0x0000018C4D53F540>, 'SELECT story.id, story.title, story.prompt, story.genre, story.total_episode, story.status, story.cover_image, story.created_at, story.updated_at \nFROM story \nWHERE story.id = ?', ('8ad45d6c4e704b9288847500f2973209',)) completed
2026-08-30 01:02:43,253 [DEBUG] aiosqlite: executing functools.partial(<built-in method fetchall of sqlite3.Cursor object at 0x0000018C4D56AA40>)
2026-08-30 01:02:43,253 [DEBUG] aiosqlite: executing functools.partial(<built-in method fetchall of sqlite3.Cursor object at 0x0000018C4D53F540>)
2026-08-30 01:02:43,253 [DEBUG] aiosqlite: operation functools.partial(<built-in method fetchall of sqlite3.Cursor object at 0x0000018C4D56AA40>) completed
2026-08-30 01:02:43,253 [DEBUG] aiosqlite: operation functools.partial(<built-in method fetchall of sqlite3.Cursor object at 0x0000018C4D53F540>) completed
2026-08-30 01:02:43,253 [DEBUG] aiosqlite: executing functools.partial(<built-in method close of sqlite3.Cursor object at 0x0000018C4D56AA40>)
2026-08-30 01:02:43,253 [DEBUG] aiosqlite: executing functools.partial(<built-in method close of sqlite3.Cursor object at 0x0000018C4D53F540>)
2026-08-30 01:02:43,253 [DEBUG] aiosqlite: operation functools.partial(<built-in method close of sqlite3.Cursor object at 0x0000018C4D56AA40>) completed
2026-08-30 01:02:43,253 [DEBUG] aiosqlite: operation functools.partial(<built-in method close of sqlite3.Cursor object at 0x0000018C4D53F540>) completed
2026-08-30 01:02:43,253 [INFO] sqlalchemy.engine.Engine: COMMIT
2026-08-30 01:02:43,253 [DEBUG] aiosqlite: executing functools.partial(<built-in method commit of sqlite3.Connection object at 0x0000018C4D5D9D50>)
2026-08-30 01:02:43,253 [DEBUG] aiosqlite: operation functools.partial(<built-in method commit of sqlite3.Connection object at 0x0000018C4D5D9D50>) completed
2026-08-30 01:02:43,253 [INFO] sqlalchemy.engine.Engine: COMMIT
2026-08-30 01:02:43,253 [DEBUG] aiosqlite: executing functools.partial(<built-in method commit of sqlite3.Connection object at 0x0000018C4D5D94E0>)
2026-08-30 01:02:43,253 [DEBUG] aiosqlite: executing functools.partial(<built-in method rollback of sqlite3.Connection object at 0x0000018C4D5D9D50>)
2026-08-30 01:02:43,253 [DEBUG] aiosqlite: operation functools.partial(<built-in method commit of sqlite3.Connection object at 0x0000018C4D5D94E0>) completed
2026-08-30 01:02:43,253 [DEBUG] aiosqlite: operation functools.partial(<built-in method rollback of sqlite3.Connection object at 0x0000018C4D5D9D50>) completed
2026-08-30 01:02:43,253 [DEBUG] aiosqlite: executing functools.partial(<built-in method rollback of sqlite3.Connection object at 0x0000018C4D5D94E0>)
2026-08-30 01:02:43,253 [DEBUG] aiosqlite: executing functools.partial(<built-in method close of sqlite3.Connection object at 0x0000018C4D5D9D50>)
2026-08-30 01:02:43,253 [DEBUG] aiosqlite: operation functools.partial(<built-in method rollback of sqlite3.Connection object at 0x0000018C4D5D94E0>) completed
2026-08-30 01:02:43,253 [DEBUG] aiosqlite: operation functools.partial(<built-in method close of sqlite3.Connection object at 0x0000018C4D5D9D50>) completed
2026-08-30 01:02:43,253 [DEBUG] aiosqlite: executing functools.partial(<built-in method close of sqlite3.Connection object at 0x0000018C4D5D94E0>)
2026-08-30 01:02:43,253 [DEBUG] aiosqlite: operation functools.partial(<built-in method close of sqlite3.Connection object at 0x0000018C4D5D94E0>) completed
2026-08-30 01:02:43,267 [INFO] runtime.workflow_engine: [WorkflowEngine] Loaded DSL E:\myproject\myproject\storyflow-ai\storyflow-ai\backend\workflows\comic.yaml: pipeline=['script', 'character', 'storyboard', 'image', 'image_to_video', 'voice', 'video']
2026-08-30 01:02:43,267 [DEBUG] runtime.event_bus: EventBus: run_story_with_runtime.<locals>.on_step_started subscribed to step.started
2026-08-30 01:02:43,268 [DEBUG] runtime.event_bus: EventBus: run_story_with_runtime.<locals>.on_step_completed subscribed to step.completed
2026-08-30 01:02:43,268 [DEBUG] runtime.event_bus: EventBus: run_story_with_runtime.<locals>.on_step_failed subscribed to step.failed
2026-08-30 01:02:43,268 [INFO] runtime.session_manager: Session created: 67dd4cbf (story=8ad45d6c-4e70-4b92-8884-7500f2973209)
2026-08-30 01:02:43,268 [INFO] runtime.event_bus: EventBus: Event(step.started, session=, src=script) → 1 handlers
2026-08-30 01:02:43,268 [INFO] tasks.runner: Task 2773220f-f25c-4614-9fb7-e0fbe8bfafca: step=script, progress=10%
2026-08-30 01:02:43,269 [INFO] agents.script_agent: script_agent started | story_id=8ad45d6c-4e70-4b92-8884-7500f2973209
2026-08-30 01:02:43,273 [DEBUG] httpx: load_ssl_context verify=True cert=None trust_env=True http2=False
2026-08-30 01:02:43,279 [DEBUG] httpx: load_verify_locations cafile='E:\\myproject\\myproject\\storyflow-ai\\storyflow-ai\\backend\\venv\\Lib\\site-packages\\certifi\\cacert.pem'
2026-08-30 01:02:43,461 [DEBUG] httpx: load_ssl_context verify=True cert=None trust_env=True http2=False
2026-08-30 01:02:43,461 [DEBUG] httpx: load_verify_locations cafile='E:\\myproject\\myproject\\storyflow-ai\\storyflow-ai\\backend\\venv\\Lib\\site-packages\\certifi\\cacert.pem'
2026-08-30 01:02:43,656 [DEBUG] httpx: load_ssl_context verify=True cert=None trust_env=True http2=False
2026-08-30 01:02:43,656 [DEBUG] httpx: load_verify_locations cafile='E:\\myproject\\myproject\\storyflow-ai\\storyflow-ai\\backend\\venv\\Lib\\site-packages\\certifi\\cacert.pem'
2026-08-30 01:02:44,097 [DEBUG] httpx: load_ssl_context verify=True cert=None trust_env=True http2=False
2026-08-30 01:02:44,106 [DEBUG] httpx: load_verify_locations cafile='E:\\myproject\\myproject\\storyflow-ai\\storyflow-ai\\backend\\venv\\Lib\\site-packages\\certifi\\cacert.pem'
2026-08-30 01:02:44,296 [DEBUG] httpx: load_ssl_context verify=True cert=None trust_env=True http2=False
2026-08-30 01:02:44,297 [DEBUG] httpx: load_verify_locations cafile='E:\\myproject\\myproject\\storyflow-ai\\storyflow-ai\\backend\\venv\\Lib\\site-packages\\certifi\\cacert.pem'
2026-08-30 01:02:44,487 [DEBUG] httpx: load_ssl_context verify=True cert=None trust_env=True http2=False
2026-08-30 01:02:44,487 [DEBUG] httpx: load_verify_locations cafile='E:\\myproject\\myproject\\storyflow-ai\\storyflow-ai\\backend\\venv\\Lib\\site-packages\\certifi\\cacert.pem'
2026-08-30 01:02:44,682 [DEBUG] app.llm: Created new LLM instance: model=deepseek-v4-flash, temp=0.80
2026-08-30 01:02:44,744 [DEBUG] openai._base_client: Request options: {'method': 'post', 'url': '/chat/completions', 'files': None, 'idempotency_key': 'stainless-python-retry-16713301-2ee7-4c9f-928f-1bcc80377d1c', 'json_data': {'messages': [{'content': '你是一位顶级短剧编剧，擅长创作引人入胜、节奏紧凑、情感张力十足的竖屏短剧剧本。\n你的作品在抖音、快手等平台有极高的观众留存率和分享率。\n\n编剧原则：\n1. **黄金三秒**：每集开头必须在3秒内抓住观众注意力（冲突、悬念、反转）\n2. **情绪过山车**：每集要有明确的情绪起伏——从平静到紧张、从绝望到希望\n3. **悬念钩子**：每集结尾必须有强烈的悬念或反转，让观众忍不住看下一集\n4. **人物鲜明**：每个角色都要有独特的说话方式、性格标签和行为习惯\n5. **对话精炼**：每句台词都要推动剧情或揭示人物，拒绝废话\n6. **场景具体**：每个场景都要有明确的时间、地点、氛围描写\n\n输出格式要求：\n- 剧集数量：根据故事复杂度，生成3-6集短剧\n- 每集时长：适合1-3分钟的视频呈现（约200-500字对话/旁白）\n- 人物数量：3-6个主要角色\n\n请严格按照JSON Schema输出，确保数据完整、格式正确。\n', 'role': 'system'}, {'content': '请根据以下需求创作一部短剧剧本：\n\n**用户需求**：一个失意的少年程序员在雨夜捡到一只会说话的猫，这只猫自称是异世界的守护者，两人从此结伴展开奇幻冒险\n**题材类型**：奇幻\n\n请生成完整的短剧剧本，包括：\n1. 剧情大纲（200-300字，包含主线和关键转折）\n2. 角色设定（每个角色的详细描述）\n3. 分集剧本（每集的完整对话和舞台指示）\n\nThe output should be formatted as a JSON instance that conforms to the JSON schema below.\n\nAs an example, for the schema {"properties": {"foo": {"title": "Foo", "description": "a list of strings", "type": "array", "items": {"type": "string"}}}, "required": ["foo"]}\nthe object {"foo": ["bar", "baz"]} is a well-formatted instance of the schema. The object {"properties": {"foo": ["bar", "baz"]}} is not well-formatted.\n\nHere is the output schema:\n```\n{"$defs": {"CharacterCard": {"properties": {"name": {"title": "Name", "type": "string"}, "gender": {"default": "unknown", "title": "Gender", "type": "string"}, "age": {"anyOf": [{"type": "integer"}, {"type": "null"}], "default": null, "title": "Age"}, "appearance": {"default": {}, "title": "Appearance", "type": "object"}, "personality": {"default": {}, "title": "Personality", "type": "object"}}, "required": ["name"], "title": "CharacterCard", "type": "object"}, "EpisodeData": {"properties": {"episode_no": {"title": "Episode No", "type": "integer"}, "title": {"title": "Title", "type": "string"}, "summary": {"title": "Summary", "type": "string"}, "script": {"title": "Script", "type": "string"}, "characters": {"default": [], "items": {"type": "string"}, "title": "Characters", "type": "array"}}, "required": ["episode_no", "title", "summary", "script"], "title": "EpisodeData", "type": "object"}}, "properties": {"outline": {"title": "Outline", "type": "string"}, "characters": {"items": {"$ref": "#/$defs/CharacterCard"}, "title": "Characters", "type": "array"}, "episodes": {"items": {"$ref": "#/$defs/EpisodeData"}, "title": "Episodes", "type": "array"}}, "required": ["outline", "characters", "episodes"]}\n```\n', 'role': 'user'}], 'model': 'deepseek-v4-flash', 'max_tokens': 16384, 'n': 1, 'stream': False, 'temperature': 0.8}}
2026-08-30 01:02:44,745 [DEBUG] openai._base_client: Sending HTTP Request: POST https://api.deepseek.com/v1/chat/completions
2026-08-30 01:02:44,750 [DEBUG] httpcore.connection: connect_tcp.started host='127.0.0.1' port=7890 local_address=None timeout=None socket_options=None
2026-08-30 01:02:44,751 [DEBUG] httpcore.connection: connect_tcp.complete return_value=<httpcore._backends.anyio.AnyIOStream object at 0x0000018C4DB29FD0>
2026-08-30 01:02:44,751 [DEBUG] httpcore.http11: send_request_headers.started request=<Request [b'CONNECT']>
2026-08-30 01:02:44,752 [DEBUG] httpcore.http11: send_request_headers.complete
2026-08-30 01:02:44,752 [DEBUG] httpcore.http11: send_request_body.started request=<Request [b'CONNECT']>
2026-08-30 01:02:44,752 [DEBUG] httpcore.http11: send_request_body.complete
2026-08-30 01:02:44,752 [DEBUG] httpcore.http11: receive_response_headers.started request=<Request [b'CONNECT']>
2026-08-30 01:02:44,752 [DEBUG] httpcore.http11: receive_response_headers.complete return_value=(b'HTTP/1.1', 200, b'Connection established', [])
2026-08-30 01:02:44,752 [DEBUG] httpcore.proxy: start_tls.started ssl_context=<ssl.SSLContext object at 0x0000018C4D9FEC50> server_hostname='api.deepseek.com' timeout=None
2026-08-30 01:02:44,785 [DEBUG] httpcore.proxy: start_tls.complete return_value=<httpcore._backends.anyio.AnyIOStream object at 0x0000018C4DB29FA0>
2026-08-30 01:02:44,785 [DEBUG] httpcore.http11: send_request_headers.started request=<Request [b'POST']>
2026-08-30 01:02:44,785 [DEBUG] httpcore.http11: send_request_headers.complete
2026-08-30 01:02:44,785 [DEBUG] httpcore.http11: send_request_body.started request=<Request [b'POST']>
2026-08-30 01:02:44,785 [DEBUG] httpcore.http11: send_request_body.complete
2026-08-30 01:02:44,785 [DEBUG] httpcore.http11: receive_response_headers.started request=<Request [b'POST']>
2026-08-30 01:02:44,933 [DEBUG] httpcore.http11: receive_response_headers.complete return_value=(b'HTTP/1.1', 200, b'OK', [(b'Server', b'openresty'), (b'Content-Type', b'application/json'), (b'vary', b'origin, access-control-request-method, access-control-request-headers'), (b'access-control-allow-credentials', b'true'), (b'x-ds-trace-id', b'0cf570043df2a6df5c46dde685acebbe'), (b'Strict-Transport-Security', b'max-age=31536000; includeSubDomains; preload'), (b'X-Content-Type-Options', b'nosniff'), (b'Transfer-Encoding', b'chunked'), (b'Connection', b'keep-alive'), (b'Date', b'Sat, 29 Aug 2026 17:02:44 GMT'), (b'EO-LOG-UUID', b'17368355330251005477'), (b'EO-Cache-Status', b'MISS')])
2026-08-30 01:02:44,933 [INFO] httpx: HTTP Request: POST https://api.deepseek.com/v1/chat/completions "HTTP/1.1 200 OK"
2026-08-30 01:02:44,933 [DEBUG] httpcore.http11: receive_response_body.started request=<Request [b'POST']>
2026-08-30 01:02:48,300 [DEBUG] aiosqlite: executing <function connect.<locals>.connector at 0x0000018C4DB7E840>
2026-08-30 01:02:48,310 [DEBUG] aiosqlite: operation <function connect.<locals>.connector at 0x0000018C4DB7E840> completed
2026-08-30 01:02:48,310 [DEBUG] aiosqlite: executing functools.partial(<built-in method create_function of sqlite3.Connection object at 0x0000018C4DB5A5C0>, 'regexp', 2, <function SQLiteDialect_pysqlite.on_connect.<locals>.regexp at 0x0000018C4AFFA660>, deterministic=True)
2026-08-30 01:02:48,310 [DEBUG] aiosqlite: operation functools.partial(<built-in method create_function of sqlite3.Connection object at 0x0000018C4DB5A5C0>, 'regexp', 2, <function SQLiteDialect_pysqlite.on_connect.<locals>.regexp at 0x0000018C4AFFA660>, deterministic=True) completed
2026-08-30 01:02:48,310 [DEBUG] aiosqlite: executing functools.partial(<built-in method create_function of sqlite3.Connection object at 0x0000018C4DB5A5C0>, 'floor', 1, <built-in function floor>, deterministic=True)
2026-08-30 01:02:48,312 [DEBUG] aiosqlite: operation functools.partial(<built-in method create_function of sqlite3.Connection object at 0x0000018C4DB5A5C0>, 'floor', 1, <built-in function floor>, deterministic=True) completed
2026-08-30 01:02:48,312 [INFO] sqlalchemy.engine.Engine: BEGIN (implicit)
2026-08-30 01:02:48,312 [INFO] sqlalchemy.engine.Engine: SELECT task.id, task.story_id, task.status, task.progress, task.current_step, task.retry_count, task.error_message, task.created_at, task.updated_at 
FROM task 
WHERE task.id = ?
2026-08-30 01:02:48,312 [INFO] sqlalchemy.engine.Engine: [cached since 5.079s ago] ('2773220ff25c46149fb7e0fbe8bfafca',)
2026-08-30 01:02:48,312 [DEBUG] aiosqlite: executing functools.partial(<built-in method cursor of sqlite3.Connection object at 0x0000018C4DB5A5C0>)
2026-08-30 01:02:48,312 [DEBUG] aiosqlite: operation functools.partial(<built-in method cursor of sqlite3.Connection object at 0x0000018C4DB5A5C0>) completed
2026-08-30 01:02:48,312 [DEBUG] aiosqlite: executing functools.partial(<built-in method execute of sqlite3.Cursor object at 0x0000018C4DB81C40>, 'SELECT task.id, task.story_id, task.status, task.progress, task.current_step, task.retry_count, task.error_message, task.created_at, task.updated_at \nFROM task \nWHERE task.id = ?', ('2773220ff25c46149fb7e0fbe8bfafca',))
2026-08-30 01:02:48,314 [DEBUG] aiosqlite: operation functools.partial(<built-in method execute of sqlite3.Cursor object at 0x0000018C4DB81C40>, 'SELECT task.id, task.story_id, task.status, task.progress, task.current_step, task.retry_count, task.error_message, task.created_at, task.updated_at \nFROM task \nWHERE task.id = ?', ('2773220ff25c46149fb7e0fbe8bfafca',)) completed
2026-08-30 01:02:48,314 [DEBUG] aiosqlite: executing functools.partial(<built-in method fetchall of sqlite3.Cursor object at 0x0000018C4DB81C40>)
2026-08-30 01:02:48,314 [DEBUG] aiosqlite: operation functools.partial(<built-in method fetchall of sqlite3.Cursor object at 0x0000018C4DB81C40>) completed
2026-08-30 01:02:48,314 [DEBUG] aiosqlite: executing functools.partial(<built-in method close of sqlite3.Cursor object at 0x0000018C4DB81C40>)
2026-08-30 01:02:48,314 [DEBUG] aiosqlite: operation functools.partial(<built-in method close of sqlite3.Cursor object at 0x0000018C4DB81C40>) completed
2026-08-30 01:02:48,314 [INFO] sqlalchemy.engine.Engine: COMMIT
2026-08-30 01:02:48,314 [DEBUG] aiosqlite: executing functools.partial(<built-in method commit of sqlite3.Connection object at 0x0000018C4DB5A5C0>)
2026-08-30 01:02:48,314 [DEBUG] aiosqlite: operation functools.partial(<built-in method commit of sqlite3.Connection object at 0x0000018C4DB5A5C0>) completed
2026-08-30 01:02:48,316 [DEBUG] aiosqlite: executing functools.partial(<built-in method rollback of sqlite3.Connection object at 0x0000018C4DB5A5C0>)
2026-08-30 01:02:48,316 [DEBUG] aiosqlite: operation functools.partial(<built-in method rollback of sqlite3.Connection object at 0x0000018C4DB5A5C0>) completed
2026-08-30 01:02:48,316 [DEBUG] aiosqlite: executing functools.partial(<built-in method close of sqlite3.Connection object at 0x0000018C4DB5A5C0>)
2026-08-30 01:02:48,316 [DEBUG] aiosqlite: operation functools.partial(<built-in method close of sqlite3.Connection object at 0x0000018C4DB5A5C0>) completed
2026-08-30 01:02:53,336 [DEBUG] aiosqlite: executing <function connect.<locals>.connector at 0x0000018C4DB7EF20>
2026-08-30 01:02:53,345 [DEBUG] aiosqlite: operation <function connect.<locals>.connector at 0x0000018C4DB7EF20> completed
2026-08-30 01:02:53,347 [DEBUG] aiosqlite: executing functools.partial(<built-in method create_function of sqlite3.Connection object at 0x0000018C4DB59C60>, 'regexp', 2, <function SQLiteDialect_pysqlite.on_connect.<locals>.regexp at 0x0000018C4AFFA660>, deterministic=True)
2026-08-30 01:02:53,347 [DEBUG] aiosqlite: operation functools.partial(<built-in method create_function of sqlite3.Connection object at 0x0000018C4DB59C60>, 'regexp', 2, <function SQLiteDialect_pysqlite.on_connect.<locals>.regexp at 0x0000018C4AFFA660>, deterministic=True) completed
2026-08-30 01:02:53,348 [DEBUG] aiosqlite: executing functools.partial(<built-in method create_function of sqlite3.Connection object at 0x0000018C4DB59C60>, 'floor', 1, <built-in function floor>, deterministic=True)
2026-08-30 01:02:53,348 [DEBUG] aiosqlite: operation functools.partial(<built-in method create_function of sqlite3.Connection object at 0x0000018C4DB59C60>, 'floor', 1, <built-in function floor>, deterministic=True) completed
2026-08-30 01:02:53,348 [INFO] sqlalchemy.engine.Engine: BEGIN (implicit)
2026-08-30 01:02:53,348 [INFO] sqlalchemy.engine.Engine: SELECT task.id, task.story_id, task.status, task.progress, task.current_step, task.retry_count, task.error_message, task.created_at, task.updated_at 
FROM task 
WHERE task.id = ?
2026-08-30 01:02:53,348 [INFO] sqlalchemy.engine.Engine: [cached since 10.12s ago] ('2773220ff25c46149fb7e0fbe8bfafca',)
2026-08-30 01:02:53,348 [DEBUG] aiosqlite: executing functools.partial(<built-in method cursor of sqlite3.Connection object at 0x0000018C4DB59C60>)
2026-08-30 01:02:53,348 [DEBUG] aiosqlite: operation functools.partial(<built-in method cursor of sqlite3.Connection object at 0x0000018C4DB59C60>) completed
2026-08-30 01:02:53,348 [DEBUG] aiosqlite: executing functools.partial(<built-in method execute of sqlite3.Cursor object at 0x0000018C4DB830C0>, 'SELECT task.id, task.story_id, task.status, task.progress, task.current_step, task.retry_count, task.error_message, task.created_at, task.updated_at \nFROM task \nWHERE task.id = ?', ('2773220ff25c46149fb7e0fbe8bfafca',))
2026-08-30 01:02:53,348 [DEBUG] aiosqlite: operation functools.partial(<built-in method execute of sqlite3.Cursor object at 0x0000018C4DB830C0>, 'SELECT task.id, task.story_id, task.status, task.progress, task.current_step, task.retry_count, task.error_message, task.created_at, task.updated_at \nFROM task \nWHERE task.id = ?', ('2773220ff25c46149fb7e0fbe8bfafca',)) completed
2026-08-30 01:02:53,348 [DEBUG] aiosqlite: executing functools.partial(<built-in method fetchall of sqlite3.Cursor object at 0x0000018C4DB830C0>)
2026-08-30 01:02:53,348 [DEBUG] aiosqlite: operation functools.partial(<built-in method fetchall of sqlite3.Cursor object at 0x0000018C4DB830C0>) completed
2026-08-30 01:02:53,348 [DEBUG] aiosqlite: executing functools.partial(<built-in method close of sqlite3.Cursor object at 0x0000018C4DB830C0>)
2026-08-30 01:02:53,348 [DEBUG] aiosqlite: operation functools.partial(<built-in method close of sqlite3.Cursor object at 0x0000018C4DB830C0>) completed
2026-08-30 01:02:53,348 [INFO] sqlalchemy.engine.Engine: COMMIT
2026-08-30 01:02:53,348 [DEBUG] aiosqlite: executing functools.partial(<built-in method commit of sqlite3.Connection object at 0x0000018C4DB59C60>)
2026-08-30 01:02:53,348 [DEBUG] aiosqlite: operation functools.partial(<built-in method commit of sqlite3.Connection object at 0x0000018C4DB59C60>) completed
2026-08-30 01:02:53,348 [DEBUG] aiosqlite: executing functools.partial(<built-in method rollback of sqlite3.Connection object at 0x0000018C4DB59C60>)
2026-08-30 01:02:53,348 [DEBUG] aiosqlite: operation functools.partial(<built-in method rollback of sqlite3.Connection object at 0x0000018C4DB59C60>) completed
2026-08-30 01:02:53,348 [DEBUG] aiosqlite: executing functools.partial(<built-in method close of sqlite3.Connection object at 0x0000018C4DB59C60>)
2026-08-30 01:02:53,348 [DEBUG] aiosqlite: operation functools.partial(<built-in method close of sqlite3.Connection object at 0x0000018C4DB59C60>) completed
2026-08-30 01:02:58,366 [DEBUG] aiosqlite: executing <function connect.<locals>.connector at 0x0000018C4DB7EAC0>
2026-08-30 01:02:58,366 [DEBUG] aiosqlite: operation <function connect.<locals>.connector at 0x0000018C4DB7EAC0> completed
2026-08-30 01:02:58,369 [DEBUG] aiosqlite: executing functools.partial(<built-in method create_function of sqlite3.Connection object at 0x0000018C4DB59B70>, 'regexp', 2, <function SQLiteDialect_pysqlite.on_connect.<locals>.regexp at 0x0000018C4AFFA660>, deterministic=True)
2026-08-30 01:02:58,369 [DEBUG] aiosqlite: operation functools.partial(<built-in method create_function of sqlite3.Connection object at 0x0000018C4DB59B70>, 'regexp', 2, <function SQLiteDialect_pysqlite.on_connect.<locals>.regexp at 0x0000018C4AFFA660>, deterministic=True) completed
2026-08-30 01:02:58,369 [DEBUG] aiosqlite: executing functools.partial(<built-in method create_function of sqlite3.Connection object at 0x0000018C4DB59B70>, 'floor', 1, <built-in function floor>, deterministic=True)
2026-08-30 01:02:58,369 [DEBUG] aiosqlite: operation functools.partial(<built-in method create_function of sqlite3.Connection object at 0x0000018C4DB59B70>, 'floor', 1, <built-in function floor>, deterministic=True) completed
2026-08-30 01:02:58,369 [INFO] sqlalchemy.engine.Engine: BEGIN (implicit)
2026-08-30 01:02:58,369 [INFO] sqlalchemy.engine.Engine: SELECT task.id, task.story_id, task.status, task.progress, task.current_step, task.retry_count, task.error_message, task.created_at, task.updated_at 
FROM task 
WHERE task.id = ?
2026-08-30 01:02:58,369 [INFO] sqlalchemy.engine.Engine: [cached since 15.14s ago] ('2773220ff25c46149fb7e0fbe8bfafca',)
2026-08-30 01:02:58,369 [DEBUG] aiosqlite: executing functools.partial(<built-in method cursor of sqlite3.Connection object at 0x0000018C4DB59B70>)
2026-08-30 01:02:58,369 [DEBUG] aiosqlite: operation functools.partial(<built-in method cursor of sqlite3.Connection object at 0x0000018C4DB59B70>) completed
2026-08-30 01:02:58,373 [DEBUG] aiosqlite: executing functools.partial(<built-in method execute of sqlite3.Cursor object at 0x0000018C4DB83B40>, 'SELECT task.id, task.story_id, task.status, task.progress, task.current_step, task.retry_count, task.error_message, task.created_at, task.updated_at \nFROM task \nWHERE task.id = ?', ('2773220ff25c46149fb7e0fbe8bfafca',))
2026-08-30 01:02:58,374 [DEBUG] aiosqlite: operation functools.partial(<built-in method execute of sqlite3.Cursor object at 0x0000018C4DB83B40>, 'SELECT task.id, task.story_id, task.status, task.progress, task.current_step, task.retry_count, task.error_message, task.created_at, task.updated_at \nFROM task \nWHERE task.id = ?', ('2773220ff25c46149fb7e0fbe8bfafca',)) completed
2026-08-30 01:02:58,374 [DEBUG] aiosqlite: executing functools.partial(<built-in method fetchall of sqlite3.Cursor object at 0x0000018C4DB83B40>)
2026-08-30 01:02:58,374 [DEBUG] aiosqlite: operation functools.partial(<built-in method fetchall of sqlite3.Cursor object at 0x0000018C4DB83B40>) completed
2026-08-30 01:02:58,374 [DEBUG] aiosqlite: executing functools.partial(<built-in method close of sqlite3.Cursor object at 0x0000018C4DB83B40>)
2026-08-30 01:02:58,374 [DEBUG] aiosqlite: operation functools.partial(<built-in method close of sqlite3.Cursor object at 0x0000018C4DB83B40>) completed
2026-08-30 01:02:58,374 [INFO] sqlalchemy.engine.Engine: COMMIT
2026-08-30 01:02:58,374 [DEBUG] aiosqlite: executing functools.partial(<built-in method commit of sqlite3.Connection object at 0x0000018C4DB59B70>)
2026-08-30 01:02:58,374 [DEBUG] aiosqlite: operation functools.partial(<built-in method commit of sqlite3.Connection object at 0x0000018C4DB59B70>) completed
2026-08-30 01:02:58,374 [DEBUG] aiosqlite: executing functools.partial(<built-in method rollback of sqlite3.Connection object at 0x0000018C4DB59B70>)
2026-08-30 01:02:58,374 [DEBUG] aiosqlite: operation functools.partial(<built-in method rollback of sqlite3.Connection object at 0x0000018C4DB59B70>) completed
2026-08-30 01:02:58,374 [DEBUG] aiosqlite: executing functools.partial(<built-in method close of sqlite3.Connection object at 0x0000018C4DB59B70>)
2026-08-30 01:02:58,374 [DEBUG] aiosqlite: operation functools.partial(<built-in method close of sqlite3.Connection object at 0x0000018C4DB59B70>) completed
2026-08-30 01:03:03,385 [DEBUG] aiosqlite: executing <function connect.<locals>.connector at 0x0000018C4DB7EB60>
2026-08-30 01:03:03,389 [DEBUG] aiosqlite: operation <function connect.<locals>.connector at 0x0000018C4DB7EB60> completed
2026-08-30 01:03:03,389 [DEBUG] aiosqlite: executing functools.partial(<built-in method create_function of sqlite3.Connection object at 0x0000018C4DB5A980>, 'regexp', 2, <function SQLiteDialect_pysqlite.on_connect.<locals>.regexp at 0x0000018C4AFFA660>, deterministic=True)
2026-08-30 01:03:03,389 [DEBUG] aiosqlite: operation functools.partial(<built-in method create_function of sqlite3.Connection object at 0x0000018C4DB5A980>, 'regexp', 2, <function SQLiteDialect_pysqlite.on_connect.<locals>.regexp at 0x0000018C4AFFA660>, deterministic=True) completed
2026-08-30 01:03:03,389 [DEBUG] aiosqlite: executing functools.partial(<built-in method create_function of sqlite3.Connection object at 0x0000018C4DB5A980>, 'floor', 1, <built-in function floor>, deterministic=True)
2026-08-30 01:03:03,389 [DEBUG] aiosqlite: operation functools.partial(<built-in method create_function of sqlite3.Connection object at 0x0000018C4DB5A980>, 'floor', 1, <built-in function floor>, deterministic=True) completed
2026-08-30 01:03:03,389 [INFO] sqlalchemy.engine.Engine: BEGIN (implicit)
2026-08-30 01:03:03,389 [INFO] sqlalchemy.engine.Engine: SELECT task.id, task.story_id, task.status, task.progress, task.current_step, task.retry_count, task.error_message, task.created_at, task.updated_at 
FROM task 
WHERE task.id = ?
2026-08-30 01:03:03,389 [INFO] sqlalchemy.engine.Engine: [cached since 20.16s ago] ('2773220ff25c46149fb7e0fbe8bfafca',)
2026-08-30 01:03:03,389 [DEBUG] aiosqlite: executing functools.partial(<built-in method cursor of sqlite3.Connection object at 0x0000018C4DB5A980>)
2026-08-30 01:03:03,389 [DEBUG] aiosqlite: operation functools.partial(<built-in method cursor of sqlite3.Connection object at 0x0000018C4DB5A980>) completed
2026-08-30 01:03:03,389 [DEBUG] aiosqlite: executing functools.partial(<built-in method execute of sqlite3.Cursor object at 0x0000018C4DB83E40>, 'SELECT task.id, task.story_id, task.status, task.progress, task.current_step, task.retry_count, task.error_message, task.created_at, task.updated_at \nFROM task \nWHERE task.id = ?', ('2773220ff25c46149fb7e0fbe8bfafca',))
2026-08-30 01:03:03,389 [DEBUG] aiosqlite: operation functools.partial(<built-in method execute of sqlite3.Cursor object at 0x0000018C4DB83E40>, 'SELECT task.id, task.story_id, task.status, task.progress, task.current_step, task.retry_count, task.error_message, task.created_at, task.updated_at \nFROM task \nWHERE task.id = ?', ('2773220ff25c46149fb7e0fbe8bfafca',)) completed
2026-08-30 01:03:03,389 [DEBUG] aiosqlite: executing functools.partial(<built-in method fetchall of sqlite3.Cursor object at 0x0000018C4DB83E40>)
2026-08-30 01:03:03,389 [DEBUG] aiosqlite: operation functools.partial(<built-in method fetchall of sqlite3.Cursor object at 0x0000018C4DB83E40>) completed
2026-08-30 01:03:03,389 [DEBUG] aiosqlite: executing functools.partial(<built-in method close of sqlite3.Cursor object at 0x0000018C4DB83E40>)
2026-08-30 01:03:03,389 [DEBUG] aiosqlite: operation functools.partial(<built-in method close of sqlite3.Cursor object at 0x0000018C4DB83E40>) completed
2026-08-30 01:03:03,389 [INFO] sqlalchemy.engine.Engine: COMMIT
2026-08-30 01:03:03,389 [DEBUG] aiosqlite: executing functools.partial(<built-in method commit of sqlite3.Connection object at 0x0000018C4DB5A980>)
2026-08-30 01:03:03,389 [DEBUG] aiosqlite: operation functools.partial(<built-in method commit of sqlite3.Connection object at 0x0000018C4DB5A980>) completed
2026-08-30 01:03:03,389 [DEBUG] aiosqlite: executing functools.partial(<built-in method rollback of sqlite3.Connection object at 0x0000018C4DB5A980>)
2026-08-30 01:03:03,389 [DEBUG] aiosqlite: operation functools.partial(<built-in method rollback of sqlite3.Connection object at 0x0000018C4DB5A980>) completed
2026-08-30 01:03:03,389 [DEBUG] aiosqlite: executing functools.partial(<built-in method close of sqlite3.Connection object at 0x0000018C4DB5A980>)
2026-08-30 01:03:03,389 [DEBUG] aiosqlite: operation functools.partial(<built-in method close of sqlite3.Connection object at 0x0000018C4DB5A980>) completed
2026-08-30 01:03:08,405 [DEBUG] aiosqlite: executing <function connect.<locals>.connector at 0x0000018C4DB7ED40>
2026-08-30 01:03:08,415 [DEBUG] aiosqlite: operation <function connect.<locals>.connector at 0x0000018C4DB7ED40> completed
2026-08-30 01:03:08,416 [DEBUG] aiosqlite: executing functools.partial(<built-in method create_function of sqlite3.Connection object at 0x0000018C4DB5AB60>, 'regexp', 2, <function SQLiteDialect_pysqlite.on_connect.<locals>.regexp at 0x0000018C4AFFA660>, deterministic=True)
2026-08-30 01:03:08,416 [DEBUG] aiosqlite: operation functools.partial(<built-in method create_function of sqlite3.Connection object at 0x0000018C4DB5AB60>, 'regexp', 2, <function SQLiteDialect_pysqlite.on_connect.<locals>.regexp at 0x0000018C4AFFA660>, deterministic=True) completed
2026-08-30 01:03:08,416 [DEBUG] aiosqlite: executing functools.partial(<built-in method create_function of sqlite3.Connection object at 0x0000018C4DB5AB60>, 'floor', 1, <built-in function floor>, deterministic=True)
2026-08-30 01:03:08,417 [DEBUG] aiosqlite: operation functools.partial(<built-in method create_function of sqlite3.Connection object at 0x0000018C4DB5AB60>, 'floor', 1, <built-in function floor>, deterministic=True) completed
2026-08-30 01:03:08,417 [INFO] sqlalchemy.engine.Engine: BEGIN (implicit)
2026-08-30 01:03:08,417 [INFO] sqlalchemy.engine.Engine: SELECT task.id, task.story_id, task.status, task.progress, task.current_step, task.retry_count, task.error_message, task.created_at, task.updated_at 
FROM task 
WHERE task.id = ?
2026-08-30 01:03:08,418 [INFO] sqlalchemy.engine.Engine: [cached since 25.18s ago] ('2773220ff25c46149fb7e0fbe8bfafca',)
2026-08-30 01:03:08,419 [DEBUG] aiosqlite: executing functools.partial(<built-in method cursor of sqlite3.Connection object at 0x0000018C4DB5AB60>)
2026-08-30 01:03:08,419 [DEBUG] aiosqlite: operation functools.partial(<built-in method cursor of sqlite3.Connection object at 0x0000018C4DB5AB60>) completed
2026-08-30 01:03:08,419 [DEBUG] aiosqlite: executing functools.partial(<built-in method execute of sqlite3.Cursor object at 0x0000018C4DB835C0>, 'SELECT task.id, task.story_id, task.status, task.progress, task.current_step, task.retry_count, task.error_message, task.created_at, task.updated_at \nFROM task \nWHERE task.id = ?', ('2773220ff25c46149fb7e0fbe8bfafca',))
2026-08-30 01:03:08,419 [DEBUG] aiosqlite: operation functools.partial(<built-in method execute of sqlite3.Cursor object at 0x0000018C4DB835C0>, 'SELECT task.id, task.story_id, task.status, task.progress, task.current_step, task.retry_count, task.error_message, task.created_at, task.updated_at \nFROM task \nWHERE task.id = ?', ('2773220ff25c46149fb7e0fbe8bfafca',)) completed
2026-08-30 01:03:08,420 [DEBUG] aiosqlite: executing functools.partial(<built-in method fetchall of sqlite3.Cursor object at 0x0000018C4DB835C0>)
2026-08-30 01:03:08,420 [DEBUG] aiosqlite: operation functools.partial(<built-in method fetchall of sqlite3.Cursor object at 0x0000018C4DB835C0>) completed
2026-08-30 01:03:08,420 [DEBUG] aiosqlite: executing functools.partial(<built-in method close of sqlite3.Cursor object at 0x0000018C4DB835C0>)
2026-08-30 01:03:08,420 [DEBUG] aiosqlite: operation functools.partial(<built-in method close of sqlite3.Cursor object at 0x0000018C4DB835C0>) completed
2026-08-30 01:03:08,420 [INFO] sqlalchemy.engine.Engine: COMMIT
2026-08-30 01:03:08,420 [DEBUG] aiosqlite: executing functools.partial(<built-in method commit of sqlite3.Connection object at 0x0000018C4DB5AB60>)
2026-08-30 01:03:08,420 [DEBUG] aiosqlite: operation functools.partial(<built-in method commit of sqlite3.Connection object at 0x0000018C4DB5AB60>) completed
2026-08-30 01:03:08,420 [DEBUG] aiosqlite: executing functools.partial(<built-in method rollback of sqlite3.Connection object at 0x0000018C4DB5AB60>)
2026-08-30 01:03:08,420 [DEBUG] aiosqlite: operation functools.partial(<built-in method rollback of sqlite3.Connection object at 0x0000018C4DB5AB60>) completed
2026-08-30 01:03:08,420 [DEBUG] aiosqlite: executing functools.partial(<built-in method close of sqlite3.Connection object at 0x0000018C4DB5AB60>)
2026-08-30 01:03:08,420 [DEBUG] aiosqlite: operation functools.partial(<built-in method close of sqlite3.Connection object at 0x0000018C4DB5AB60>) completed
2026-08-30 01:03:13,446 [DEBUG] aiosqlite: executing <function connect.<locals>.connector at 0x0000018C4DB7E520>
2026-08-30 01:03:13,446 [DEBUG] aiosqlite: operation <function connect.<locals>.connector at 0x0000018C4DB7E520> completed
2026-08-30 01:03:13,447 [DEBUG] aiosqlite: executing functools.partial(<built-in method create_function of sqlite3.Connection object at 0x0000018C4DB5AE30>, 'regexp', 2, <function SQLiteDialect_pysqlite.on_connect.<locals>.regexp at 0x0000018C4AFFA660>, deterministic=True)
2026-08-30 01:03:13,447 [DEBUG] aiosqlite: operation functools.partial(<built-in method create_function of sqlite3.Connection object at 0x0000018C4DB5AE30>, 'regexp', 2, <function SQLiteDialect_pysqlite.on_connect.<locals>.regexp at 0x0000018C4AFFA660>, deterministic=True) completed
2026-08-30 01:03:13,447 [DEBUG] aiosqlite: executing functools.partial(<built-in method create_function of sqlite3.Connection object at 0x0000018C4DB5AE30>, 'floor', 1, <built-in function floor>, deterministic=True)
2026-08-30 01:03:13,447 [DEBUG] aiosqlite: operation functools.partial(<built-in method create_function of sqlite3.Connection object at 0x0000018C4DB5AE30>, 'floor', 1, <built-in function floor>, deterministic=True) completed
2026-08-30 01:03:13,448 [INFO] sqlalchemy.engine.Engine: BEGIN (implicit)
2026-08-30 01:03:13,448 [INFO] sqlalchemy.engine.Engine: SELECT task.id, task.story_id, task.status, task.progress, task.current_step, task.retry_count, task.error_message, task.created_at, task.updated_at 
FROM task 
WHERE task.id = ?
2026-08-30 01:03:13,448 [INFO] sqlalchemy.engine.Engine: [cached since 30.21s ago] ('2773220ff25c46149fb7e0fbe8bfafca',)
2026-08-30 01:03:13,448 [DEBUG] aiosqlite: executing functools.partial(<built-in method cursor of sqlite3.Connection object at 0x0000018C4DB5AE30>)
2026-08-30 01:03:13,448 [DEBUG] aiosqlite: operation functools.partial(<built-in method cursor of sqlite3.Connection object at 0x0000018C4DB5AE30>) completed
2026-08-30 01:03:13,449 [DEBUG] aiosqlite: executing functools.partial(<built-in method execute of sqlite3.Cursor object at 0x0000018C4DB83A40>, 'SELECT task.id, task.story_id, task.status, task.progress, task.current_step, task.retry_count, task.error_message, task.created_at, task.updated_at \nFROM task \nWHERE task.id = ?', ('2773220ff25c46149fb7e0fbe8bfafca',))
2026-08-30 01:03:13,449 [DEBUG] aiosqlite: operation functools.partial(<built-in method execute of sqlite3.Cursor object at 0x0000018C4DB83A40>, 'SELECT task.id, task.story_id, task.status, task.progress, task.current_step, task.retry_count, task.error_message, task.created_at, task.updated_at \nFROM task \nWHERE task.id = ?', ('2773220ff25c46149fb7e0fbe8bfafca',)) completed
2026-08-30 01:03:13,450 [DEBUG] aiosqlite: executing functools.partial(<built-in method fetchall of sqlite3.Cursor object at 0x0000018C4DB83A40>)
2026-08-30 01:03:13,450 [DEBUG] aiosqlite: operation functools.partial(<built-in method fetchall of sqlite3.Cursor object at 0x0000018C4DB83A40>) completed
2026-08-30 01:03:13,450 [DEBUG] aiosqlite: executing functools.partial(<built-in method close of sqlite3.Cursor object at 0x0000018C4DB83A40>)
2026-08-30 01:03:13,450 [DEBUG] aiosqlite: operation functools.partial(<built-in method close of sqlite3.Cursor object at 0x0000018C4DB83A40>) completed
2026-08-30 01:03:13,451 [INFO] sqlalchemy.engine.Engine: COMMIT
2026-08-30 01:03:13,451 [DEBUG] aiosqlite: executing functools.partial(<built-in method commit of sqlite3.Connection object at 0x0000018C4DB5AE30>)
2026-08-30 01:03:13,451 [DEBUG] aiosqlite: operation functools.partial(<built-in method commit of sqlite3.Connection object at 0x0000018C4DB5AE30>) completed
2026-08-30 01:03:13,451 [DEBUG] aiosqlite: executing functools.partial(<built-in method rollback of sqlite3.Connection object at 0x0000018C4DB5AE30>)
2026-08-30 01:03:13,453 [DEBUG] aiosqlite: operation functools.partial(<built-in method rollback of sqlite3.Connection object at 0x0000018C4DB5AE30>) completed
2026-08-30 01:03:13,453 [DEBUG] aiosqlite: executing functools.partial(<built-in method close of sqlite3.Connection object at 0x0000018C4DB5AE30>)
2026-08-30 01:03:13,453 [DEBUG] aiosqlite: operation functools.partial(<built-in method close of sqlite3.Connection object at 0x0000018C4DB5AE30>) completed
2026-08-30 01:03:18,460 [DEBUG] aiosqlite: executing <function connect.<locals>.connector at 0x0000018C4DB7EAC0>
2026-08-30 01:03:18,469 [DEBUG] aiosqlite: operation <function connect.<locals>.connector at 0x0000018C4DB7EAC0> completed
2026-08-30 01:03:18,469 [DEBUG] aiosqlite: executing functools.partial(<built-in method create_function of sqlite3.Connection object at 0x0000018C4DB5B100>, 'regexp', 2, <function SQLiteDialect_pysqlite.on_connect.<locals>.regexp at 0x0000018C4AFFA660>, deterministic=True)
2026-08-30 01:03:18,469 [DEBUG] aiosqlite: operation functools.partial(<built-in method create_function of sqlite3.Connection object at 0x0000018C4DB5B100>, 'regexp', 2, <function SQLiteDialect_pysqlite.on_connect.<locals>.regexp at 0x0000018C4AFFA660>, deterministic=True) completed
2026-08-30 01:03:18,469 [DEBUG] aiosqlite: executing functools.partial(<built-in method create_function of sqlite3.Connection object at 0x0000018C4DB5B100>, 'floor', 1, <built-in function floor>, deterministic=True)
2026-08-30 01:03:18,469 [DEBUG] aiosqlite: operation functools.partial(<built-in method create_function of sqlite3.Connection object at 0x0000018C4DB5B100>, 'floor', 1, <built-in function floor>, deterministic=True) completed
2026-08-30 01:03:18,469 [INFO] sqlalchemy.engine.Engine: BEGIN (implicit)
2026-08-30 01:03:18,469 [INFO] sqlalchemy.engine.Engine: SELECT task.id, task.story_id, task.status, task.progress, task.current_step, task.retry_count, task.error_message, task.created_at, task.updated_at 
FROM task 
WHERE task.id = ?
2026-08-30 01:03:18,473 [INFO] sqlalchemy.engine.Engine: [cached since 35.24s ago] ('2773220ff25c46149fb7e0fbe8bfafca',)
2026-08-30 01:03:18,473 [DEBUG] aiosqlite: executing functools.partial(<built-in method cursor of sqlite3.Connection object at 0x0000018C4DB5B100>)
2026-08-30 01:03:18,473 [DEBUG] aiosqlite: operation functools.partial(<built-in method cursor of sqlite3.Connection object at 0x0000018C4DB5B100>) completed
2026-08-30 01:03:18,474 [DEBUG] aiosqlite: executing functools.partial(<built-in method execute of sqlite3.Cursor object at 0x0000018C4DB83B40>, 'SELECT task.id, task.story_id, task.status, task.progress, task.current_step, task.retry_count, task.error_message, task.created_at, task.updated_at \nFROM task \nWHERE task.id = ?', ('2773220ff25c46149fb7e0fbe8bfafca',))
2026-08-30 01:03:18,475 [DEBUG] aiosqlite: operation functools.partial(<built-in method execute of sqlite3.Cursor object at 0x0000018C4DB83B40>, 'SELECT task.id, task.story_id, task.status, task.progress, task.current_step, task.retry_count, task.error_message, task.created_at, task.updated_at \nFROM task \nWHERE task.id = ?', ('2773220ff25c46149fb7e0fbe8bfafca',)) completed
2026-08-30 01:03:18,475 [DEBUG] aiosqlite: executing functools.partial(<built-in method fetchall of sqlite3.Cursor object at 0x0000018C4DB83B40>)
2026-08-30 01:03:18,475 [DEBUG] aiosqlite: operation functools.partial(<built-in method fetchall of sqlite3.Cursor object at 0x0000018C4DB83B40>) completed
2026-08-30 01:03:18,476 [DEBUG] aiosqlite: executing functools.partial(<built-in method close of sqlite3.Cursor object at 0x0000018C4DB83B40>)
2026-08-30 01:03:18,476 [DEBUG] aiosqlite: operation functools.partial(<built-in method close of sqlite3.Cursor object at 0x0000018C4DB83B40>) completed
2026-08-30 01:03:18,476 [INFO] sqlalchemy.engine.Engine: COMMIT
2026-08-30 01:03:18,477 [DEBUG] aiosqlite: executing functools.partial(<built-in method commit of sqlite3.Connection object at 0x0000018C4DB5B100>)
2026-08-30 01:03:18,477 [DEBUG] aiosqlite: operation functools.partial(<built-in method commit of sqlite3.Connection object at 0x0000018C4DB5B100>) completed
2026-08-30 01:03:18,477 [DEBUG] aiosqlite: executing functools.partial(<built-in method rollback of sqlite3.Connection object at 0x0000018C4DB5B100>)
2026-08-30 01:03:18,477 [DEBUG] aiosqlite: operation functools.partial(<built-in method rollback of sqlite3.Connection object at 0x0000018C4DB5B100>) completed
2026-08-30 01:03:18,477 [DEBUG] aiosqlite: executing functools.partial(<built-in method close of sqlite3.Connection object at 0x0000018C4DB5B100>)
2026-08-30 01:03:18,478 [DEBUG] aiosqlite: operation functools.partial(<built-in method close of sqlite3.Connection object at 0x0000018C4DB5B100>) completed
2026-08-30 01:03:23,500 [DEBUG] aiosqlite: executing <function connect.<locals>.connector at 0x0000018C4DB7ED40>
2026-08-30 01:03:23,511 [DEBUG] aiosqlite: operation <function connect.<locals>.connector at 0x0000018C4DB7ED40> completed
2026-08-30 01:03:23,511 [DEBUG] aiosqlite: executing functools.partial(<built-in method create_function of sqlite3.Connection object at 0x0000018C4DB5B3D0>, 'regexp', 2, <function SQLiteDialect_pysqlite.on_connect.<locals>.regexp at 0x0000018C4AFFA660>, deterministic=True)
2026-08-30 01:03:23,511 [DEBUG] aiosqlite: operation functools.partial(<built-in method create_function of sqlite3.Connection object at 0x0000018C4DB5B3D0>, 'regexp', 2, <function SQLiteDialect_pysqlite.on_connect.<locals>.regexp at 0x0000018C4AFFA660>, deterministic=True) completed
2026-08-30 01:03:23,511 [DEBUG] aiosqlite: executing functools.partial(<built-in method create_function of sqlite3.Connection object at 0x0000018C4DB5B3D0>, 'floor', 1, <built-in function floor>, deterministic=True)
2026-08-30 01:03:23,511 [DEBUG] aiosqlite: operation functools.partial(<built-in method create_function of sqlite3.Connection object at 0x0000018C4DB5B3D0>, 'floor', 1, <built-in function floor>, deterministic=True) completed
2026-08-30 01:03:23,511 [INFO] sqlalchemy.engine.Engine: BEGIN (implicit)
2026-08-30 01:03:23,511 [INFO] sqlalchemy.engine.Engine: SELECT task.id, task.story_id, task.status, task.progress, task.current_step, task.retry_count, task.error_message, task.created_at, task.updated_at 
FROM task 
WHERE task.id = ?
2026-08-30 01:03:23,511 [INFO] sqlalchemy.engine.Engine: [cached since 40.28s ago] ('2773220ff25c46149fb7e0fbe8bfafca',)
2026-08-30 01:03:23,511 [DEBUG] aiosqlite: executing functools.partial(<built-in method cursor of sqlite3.Connection object at 0x0000018C4DB5B3D0>)
2026-08-30 01:03:23,511 [DEBUG] aiosqlite: operation functools.partial(<built-in method cursor of sqlite3.Connection object at 0x0000018C4DB5B3D0>) completed
2026-08-30 01:03:23,511 [DEBUG] aiosqlite: executing functools.partial(<built-in method execute of sqlite3.Cursor object at 0x0000018C4DB838C0>, 'SELECT task.id, task.story_id, task.status, task.progress, task.current_step, task.retry_count, task.error_message, task.created_at, task.updated_at \nFROM task \nWHERE task.id = ?', ('2773220ff25c46149fb7e0fbe8bfafca',))
2026-08-30 01:03:23,511 [DEBUG] aiosqlite: operation functools.partial(<built-in method execute of sqlite3.Cursor object at 0x0000018C4DB838C0>, 'SELECT task.id, task.story_id, task.status, task.progress, task.current_step, task.retry_count, task.error_message, task.created_at, task.updated_at \nFROM task \nWHERE task.id = ?', ('2773220ff25c46149fb7e0fbe8bfafca',)) completed
2026-08-30 01:03:23,511 [DEBUG] aiosqlite: executing functools.partial(<built-in method fetchall of sqlite3.Cursor object at 0x0000018C4DB838C0>)
2026-08-30 01:03:23,511 [DEBUG] aiosqlite: operation functools.partial(<built-in method fetchall of sqlite3.Cursor object at 0x0000018C4DB838C0>) completed
2026-08-30 01:03:23,511 [DEBUG] aiosqlite: executing functools.partial(<built-in method close of sqlite3.Cursor object at 0x0000018C4DB838C0>)
2026-08-30 01:03:23,511 [DEBUG] aiosqlite: operation functools.partial(<built-in method close of sqlite3.Cursor object at 0x0000018C4DB838C0>) completed
2026-08-30 01:03:23,511 [INFO] sqlalchemy.engine.Engine: COMMIT
2026-08-30 01:03:23,511 [DEBUG] aiosqlite: executing functools.partial(<built-in method commit of sqlite3.Connection object at 0x0000018C4DB5B3D0>)
2026-08-30 01:03:23,511 [DEBUG] aiosqlite: operation functools.partial(<built-in method commit of sqlite3.Connection object at 0x0000018C4DB5B3D0>) completed
2026-08-30 01:03:23,511 [DEBUG] aiosqlite: executing functools.partial(<built-in method rollback of sqlite3.Connection object at 0x0000018C4DB5B3D0>)
2026-08-30 01:03:23,511 [DEBUG] aiosqlite: operation functools.partial(<built-in method rollback of sqlite3.Connection object at 0x0000018C4DB5B3D0>) completed
2026-08-30 01:03:23,511 [DEBUG] aiosqlite: executing functools.partial(<built-in method close of sqlite3.Connection object at 0x0000018C4DB5B3D0>)
2026-08-30 01:03:23,511 [DEBUG] aiosqlite: operation functools.partial(<built-in method close of sqlite3.Connection object at 0x0000018C4DB5B3D0>) completed
2026-08-30 01:03:28,532 [DEBUG] aiosqlite: executing <function connect.<locals>.connector at 0x0000018C4DB7F4C0>
2026-08-30 01:03:28,534 [DEBUG] aiosqlite: operation <function connect.<locals>.connector at 0x0000018C4DB7F4C0> completed
2026-08-30 01:03:28,536 [DEBUG] aiosqlite: executing functools.partial(<built-in method create_function of sqlite3.Connection object at 0x0000018C4DB5B6A0>, 'regexp', 2, <function SQLiteDialect_pysqlite.on_connect.<locals>.regexp at 0x0000018C4AFFA660>, deterministic=True)
2026-08-30 01:03:28,536 [DEBUG] aiosqlite: operation functools.partial(<built-in method create_function of sqlite3.Connection object at 0x0000018C4DB5B6A0>, 'regexp', 2, <function SQLiteDialect_pysqlite.on_connect.<locals>.regexp at 0x0000018C4AFFA660>, deterministic=True) completed
2026-08-30 01:03:28,536 [DEBUG] aiosqlite: executing functools.partial(<built-in method create_function of sqlite3.Connection object at 0x0000018C4DB5B6A0>, 'floor', 1, <built-in function floor>, deterministic=True)
2026-08-30 01:03:28,536 [DEBUG] aiosqlite: operation functools.partial(<built-in method create_function of sqlite3.Connection object at 0x0000018C4DB5B6A0>, 'floor', 1, <built-in function floor>, deterministic=True) completed
2026-08-30 01:03:28,536 [INFO] sqlalchemy.engine.Engine: BEGIN (implicit)
2026-08-30 01:03:28,537 [INFO] sqlalchemy.engine.Engine: SELECT task.id, task.story_id, task.status, task.progress, task.current_step, task.retry_count, task.error_message, task.created_at, task.updated_at 
FROM task 
WHERE task.id = ?
2026-08-30 01:03:28,537 [INFO] sqlalchemy.engine.Engine: [cached since 45.3s ago] ('2773220ff25c46149fb7e0fbe8bfafca',)
2026-08-30 01:03:28,538 [DEBUG] aiosqlite: executing functools.partial(<built-in method cursor of sqlite3.Connection object at 0x0000018C4DB5B6A0>)
2026-08-30 01:03:28,538 [DEBUG] aiosqlite: operation functools.partial(<built-in method cursor of sqlite3.Connection object at 0x0000018C4DB5B6A0>) completed
2026-08-30 01:03:28,538 [DEBUG] aiosqlite: executing functools.partial(<built-in method execute of sqlite3.Cursor object at 0x0000018C4DB83DC0>, 'SELECT task.id, task.story_id, task.status, task.progress, task.current_step, task.retry_count, task.error_message, task.created_at, task.updated_at \nFROM task \nWHERE task.id = ?', ('2773220ff25c46149fb7e0fbe8bfafca',))
2026-08-30 01:03:28,539 [DEBUG] aiosqlite: operation functools.partial(<built-in method execute of sqlite3.Cursor object at 0x0000018C4DB83DC0>, 'SELECT task.id, task.story_id, task.status, task.progress, task.current_step, task.retry_count, task.error_message, task.created_at, task.updated_at \nFROM task \nWHERE task.id = ?', ('2773220ff25c46149fb7e0fbe8bfafca',)) completed
2026-08-30 01:03:28,540 [DEBUG] aiosqlite: executing functools.partial(<built-in method fetchall of sqlite3.Cursor object at 0x0000018C4DB83DC0>)
2026-08-30 01:03:28,540 [DEBUG] aiosqlite: operation functools.partial(<built-in method fetchall of sqlite3.Cursor object at 0x0000018C4DB83DC0>) completed
2026-08-30 01:03:28,540 [DEBUG] aiosqlite: executing functools.partial(<built-in method close of sqlite3.Cursor object at 0x0000018C4DB83DC0>)
2026-08-30 01:03:28,540 [DEBUG] aiosqlite: operation functools.partial(<built-in method close of sqlite3.Cursor object at 0x0000018C4DB83DC0>) completed
2026-08-30 01:03:28,540 [INFO] sqlalchemy.engine.Engine: COMMIT
2026-08-30 01:03:28,540 [DEBUG] aiosqlite: executing functools.partial(<built-in method commit of sqlite3.Connection object at 0x0000018C4DB5B6A0>)
2026-08-30 01:03:28,540 [DEBUG] aiosqlite: operation functools.partial(<built-in method commit of sqlite3.Connection object at 0x0000018C4DB5B6A0>) completed
2026-08-30 01:03:28,540 [DEBUG] aiosqlite: executing functools.partial(<built-in method rollback of sqlite3.Connection object at 0x0000018C4DB5B6A0>)
2026-08-30 01:03:28,540 [DEBUG] aiosqlite: operation functools.partial(<built-in method rollback of sqlite3.Connection object at 0x0000018C4DB5B6A0>) completed
2026-08-30 01:03:28,540 [DEBUG] aiosqlite: executing functools.partial(<built-in method close of sqlite3.Connection object at 0x0000018C4DB5B6A0>)
2026-08-30 01:03:28,540 [DEBUG] aiosqlite: operation functools.partial(<built-in method close of sqlite3.Connection object at 0x0000018C4DB5B6A0>) completed
2026-08-30 01:03:33,551 [DEBUG] aiosqlite: executing <function connect.<locals>.connector at 0x0000018C4DB7E200>
2026-08-30 01:03:33,561 [DEBUG] aiosqlite: operation <function connect.<locals>.connector at 0x0000018C4DB7E200> completed
2026-08-30 01:03:33,561 [DEBUG] aiosqlite: executing functools.partial(<built-in method create_function of sqlite3.Connection object at 0x0000018C4DB5B970>, 'regexp', 2, <function SQLiteDialect_pysqlite.on_connect.<locals>.regexp at 0x0000018C4AFFA660>, deterministic=True)
2026-08-30 01:03:33,561 [DEBUG] aiosqlite: operation functools.partial(<built-in method create_function of sqlite3.Connection object at 0x0000018C4DB5B970>, 'regexp', 2, <function SQLiteDialect_pysqlite.on_connect.<locals>.regexp at 0x0000018C4AFFA660>, deterministic=True) completed
2026-08-30 01:03:33,561 [DEBUG] aiosqlite: executing functools.partial(<built-in method create_function of sqlite3.Connection object at 0x0000018C4DB5B970>, 'floor', 1, <built-in function floor>, deterministic=True)
2026-08-30 01:03:33,561 [DEBUG] aiosqlite: operation functools.partial(<built-in method create_function of sqlite3.Connection object at 0x0000018C4DB5B970>, 'floor', 1, <built-in function floor>, deterministic=True) completed
2026-08-30 01:03:33,561 [INFO] sqlalchemy.engine.Engine: BEGIN (implicit)
2026-08-30 01:03:33,561 [INFO] sqlalchemy.engine.Engine: SELECT task.id, task.story_id, task.status, task.progress, task.current_step, task.retry_count, task.error_message, task.created_at, task.updated_at 
FROM task 
WHERE task.id = ?
2026-08-30 01:03:33,561 [INFO] sqlalchemy.engine.Engine: [cached since 50.33s ago] ('2773220ff25c46149fb7e0fbe8bfafca',)
2026-08-30 01:03:33,561 [DEBUG] aiosqlite: executing functools.partial(<built-in method cursor of sqlite3.Connection object at 0x0000018C4DB5B970>)
2026-08-30 01:03:33,561 [DEBUG] aiosqlite: operation functools.partial(<built-in method cursor of sqlite3.Connection object at 0x0000018C4DB5B970>) completed
2026-08-30 01:03:33,561 [DEBUG] aiosqlite: executing functools.partial(<built-in method execute of sqlite3.Cursor object at 0x0000018C4DB83C40>, 'SELECT task.id, task.story_id, task.status, task.progress, task.current_step, task.retry_count, task.error_message, task.created_at, task.updated_at \nFROM task \nWHERE task.id = ?', ('2773220ff25c46149fb7e0fbe8bfafca',))
2026-08-30 01:03:33,561 [DEBUG] aiosqlite: operation functools.partial(<built-in method execute of sqlite3.Cursor object at 0x0000018C4DB83C40>, 'SELECT task.id, task.story_id, task.status, task.progress, task.current_step, task.retry_count, task.error_message, task.created_at, task.updated_at \nFROM task \nWHERE task.id = ?', ('2773220ff25c46149fb7e0fbe8bfafca',)) completed
2026-08-30 01:03:33,561 [DEBUG] aiosqlite: executing functools.partial(<built-in method fetchall of sqlite3.Cursor object at 0x0000018C4DB83C40>)
2026-08-30 01:03:33,569 [DEBUG] aiosqlite: operation functools.partial(<built-in method fetchall of sqlite3.Cursor object at 0x0000018C4DB83C40>) completed
2026-08-30 01:03:33,570 [DEBUG] aiosqlite: executing functools.partial(<built-in method close of sqlite3.Cursor object at 0x0000018C4DB83C40>)
2026-08-30 01:03:33,575 [DEBUG] aiosqlite: operation functools.partial(<built-in method close of sqlite3.Cursor object at 0x0000018C4DB83C40>) completed
2026-08-30 01:03:33,575 [INFO] sqlalchemy.engine.Engine: COMMIT
2026-08-30 01:03:33,576 [DEBUG] aiosqlite: executing functools.partial(<built-in method commit of sqlite3.Connection object at 0x0000018C4DB5B970>)
2026-08-30 01:03:33,576 [DEBUG] aiosqlite: operation functools.partial(<built-in method commit of sqlite3.Connection object at 0x0000018C4DB5B970>) completed
2026-08-30 01:03:33,576 [DEBUG] aiosqlite: executing functools.partial(<built-in method rollback of sqlite3.Connection object at 0x0000018C4DB5B970>)
2026-08-30 01:03:33,576 [DEBUG] aiosqlite: operation functools.partial(<built-in method rollback of sqlite3.Connection object at 0x0000018C4DB5B970>) completed
2026-08-30 01:03:33,577 [DEBUG] aiosqlite: executing functools.partial(<built-in method close of sqlite3.Connection object at 0x0000018C4DB5B970>)
2026-08-30 01:03:33,577 [DEBUG] aiosqlite: operation functools.partial(<built-in method close of sqlite3.Connection object at 0x0000018C4DB5B970>) completed
2026-08-30 01:03:38,583 [DEBUG] aiosqlite: executing <function connect.<locals>.connector at 0x0000018C4DB7E5C0>
2026-08-30 01:03:38,592 [DEBUG] aiosqlite: operation <function connect.<locals>.connector at 0x0000018C4DB7E5C0> completed
2026-08-30 01:03:38,592 [DEBUG] aiosqlite: executing functools.partial(<built-in method create_function of sqlite3.Connection object at 0x0000018C4DB5BC40>, 'regexp', 2, <function SQLiteDialect_pysqlite.on_connect.<locals>.regexp at 0x0000018C4AFFA660>, deterministic=True)
2026-08-30 01:03:38,592 [DEBUG] aiosqlite: operation functools.partial(<built-in method create_function of sqlite3.Connection object at 0x0000018C4DB5BC40>, 'regexp', 2, <function SQLiteDialect_pysqlite.on_connect.<locals>.regexp at 0x0000018C4AFFA660>, deterministic=True) completed
2026-08-30 01:03:38,592 [DEBUG] aiosqlite: executing functools.partial(<built-in method create_function of sqlite3.Connection object at 0x0000018C4DB5BC40>, 'floor', 1, <built-in function floor>, deterministic=True)
2026-08-30 01:03:38,592 [DEBUG] aiosqlite: operation functools.partial(<built-in method create_function of sqlite3.Connection object at 0x0000018C4DB5BC40>, 'floor', 1, <built-in function floor>, deterministic=True) completed
2026-08-30 01:03:38,592 [INFO] sqlalchemy.engine.Engine: BEGIN (implicit)
2026-08-30 01:03:38,592 [INFO] sqlalchemy.engine.Engine: SELECT task.id, task.story_id, task.status, task.progress, task.current_step, task.retry_count, task.error_message, task.created_at, task.updated_at 
FROM task 
WHERE task.id = ?
2026-08-30 01:03:38,592 [INFO] sqlalchemy.engine.Engine: [cached since 55.36s ago] ('2773220ff25c46149fb7e0fbe8bfafca',)
2026-08-30 01:03:38,592 [DEBUG] aiosqlite: executing functools.partial(<built-in method cursor of sqlite3.Connection object at 0x0000018C4DB5BC40>)
2026-08-30 01:03:38,592 [DEBUG] aiosqlite: operation functools.partial(<built-in method cursor of sqlite3.Connection object at 0x0000018C4DB5BC40>) completed
2026-08-30 01:03:38,592 [DEBUG] aiosqlite: executing functools.partial(<built-in method execute of sqlite3.Cursor object at 0x0000018C4DBB86C0>, 'SELECT task.id, task.story_id, task.status, task.progress, task.current_step, task.retry_count, task.error_message, task.created_at, task.updated_at \nFROM task \nWHERE task.id = ?', ('2773220ff25c46149fb7e0fbe8bfafca',))
2026-08-30 01:03:38,592 [DEBUG] aiosqlite: operation functools.partial(<built-in method execute of sqlite3.Cursor object at 0x0000018C4DBB86C0>, 'SELECT task.id, task.story_id, task.status, task.progress, task.current_step, task.retry_count, task.error_message, task.created_at, task.updated_at \nFROM task \nWHERE task.id = ?', ('2773220ff25c46149fb7e0fbe8bfafca',)) completed
2026-08-30 01:03:38,592 [DEBUG] aiosqlite: executing functools.partial(<built-in method fetchall of sqlite3.Cursor object at 0x0000018C4DBB86C0>)
2026-08-30 01:03:38,592 [DEBUG] aiosqlite: operation functools.partial(<built-in method fetchall of sqlite3.Cursor object at 0x0000018C4DBB86C0>) completed
2026-08-30 01:03:38,592 [DEBUG] aiosqlite: executing functools.partial(<built-in method close of sqlite3.Cursor object at 0x0000018C4DBB86C0>)
2026-08-30 01:03:38,592 [DEBUG] aiosqlite: operation functools.partial(<built-in method close of sqlite3.Cursor object at 0x0000018C4DBB86C0>) completed
2026-08-30 01:03:38,592 [INFO] sqlalchemy.engine.Engine: COMMIT
2026-08-30 01:03:38,592 [DEBUG] aiosqlite: executing functools.partial(<built-in method commit of sqlite3.Connection object at 0x0000018C4DB5BC40>)
2026-08-30 01:03:38,592 [DEBUG] aiosqlite: operation functools.partial(<built-in method commit of sqlite3.Connection object at 0x0000018C4DB5BC40>) completed
2026-08-30 01:03:38,592 [DEBUG] aiosqlite: executing functools.partial(<built-in method rollback of sqlite3.Connection object at 0x0000018C4DB5BC40>)
2026-08-30 01:03:38,592 [DEBUG] aiosqlite: operation functools.partial(<built-in method rollback of sqlite3.Connection object at 0x0000018C4DB5BC40>) completed
2026-08-30 01:03:38,592 [DEBUG] aiosqlite: executing functools.partial(<built-in method close of sqlite3.Connection object at 0x0000018C4DB5BC40>)
2026-08-30 01:03:38,592 [DEBUG] aiosqlite: operation functools.partial(<built-in method close of sqlite3.Connection object at 0x0000018C4DB5BC40>) completed
2026-08-30 01:03:43,624 [DEBUG] aiosqlite: executing <function connect.<locals>.connector at 0x0000018C4DB7F7E0>
2026-08-30 01:03:43,624 [DEBUG] aiosqlite: operation <function connect.<locals>.connector at 0x0000018C4DB7F7E0> completed
2026-08-30 01:03:43,628 [DEBUG] aiosqlite: executing functools.partial(<built-in method create_function of sqlite3.Connection object at 0x0000018C4DBC4130>, 'regexp', 2, <function SQLiteDialect_pysqlite.on_connect.<locals>.regexp at 0x0000018C4AFFA660>, deterministic=True)
2026-08-30 01:03:43,628 [DEBUG] aiosqlite: operation functools.partial(<built-in method create_function of sqlite3.Connection object at 0x0000018C4DBC4130>, 'regexp', 2, <function SQLiteDialect_pysqlite.on_connect.<locals>.regexp at 0x0000018C4AFFA660>, deterministic=True) completed
2026-08-30 01:03:43,628 [DEBUG] aiosqlite: executing functools.partial(<built-in method create_function of sqlite3.Connection object at 0x0000018C4DBC4130>, 'floor', 1, <built-in function floor>, deterministic=True)
2026-08-30 01:03:43,628 [DEBUG] aiosqlite: operation functools.partial(<built-in method create_function of sqlite3.Connection object at 0x0000018C4DBC4130>, 'floor', 1, <built-in function floor>, deterministic=True) completed
2026-08-30 01:03:43,628 [INFO] sqlalchemy.engine.Engine: BEGIN (implicit)
2026-08-30 01:03:43,628 [INFO] sqlalchemy.engine.Engine: SELECT task.id, task.story_id, task.status, task.progress, task.current_step, task.retry_count, task.error_message, task.created_at, task.updated_at 
FROM task 
WHERE task.id = ?
2026-08-30 01:03:43,628 [INFO] sqlalchemy.engine.Engine: [cached since 60.4s ago] ('2773220ff25c46149fb7e0fbe8bfafca',)
2026-08-30 01:03:43,628 [DEBUG] aiosqlite: executing functools.partial(<built-in method cursor of sqlite3.Connection object at 0x0000018C4DBC4130>)
2026-08-30 01:03:43,628 [DEBUG] aiosqlite: operation functools.partial(<built-in method cursor of sqlite3.Connection object at 0x0000018C4DBC4130>) completed
2026-08-30 01:03:43,635 [DEBUG] aiosqlite: executing functools.partial(<built-in method execute of sqlite3.Cursor object at 0x0000018C4DBB8CC0>, 'SELECT task.id, task.story_id, task.status, task.progress, task.current_step, task.retry_count, task.error_message, task.created_at, task.updated_at \nFROM task \nWHERE task.id = ?', ('2773220ff25c46149fb7e0fbe8bfafca',))
2026-08-30 01:03:43,635 [DEBUG] aiosqlite: operation functools.partial(<built-in method execute of sqlite3.Cursor object at 0x0000018C4DBB8CC0>, 'SELECT task.id, task.story_id, task.status, task.progress, task.current_step, task.retry_count, task.error_message, task.created_at, task.updated_at \nFROM task \nWHERE task.id = ?', ('2773220ff25c46149fb7e0fbe8bfafca',)) completed
2026-08-30 01:03:43,635 [DEBUG] aiosqlite: executing functools.partial(<built-in method fetchall of sqlite3.Cursor object at 0x0000018C4DBB8CC0>)
2026-08-30 01:03:43,635 [DEBUG] aiosqlite: operation functools.partial(<built-in method fetchall of sqlite3.Cursor object at 0x0000018C4DBB8CC0>) completed
2026-08-30 01:03:43,635 [DEBUG] aiosqlite: executing functools.partial(<built-in method close of sqlite3.Cursor object at 0x0000018C4DBB8CC0>)
2026-08-30 01:03:43,635 [DEBUG] aiosqlite: operation functools.partial(<built-in method close of sqlite3.Cursor object at 0x0000018C4DBB8CC0>) completed
2026-08-30 01:03:43,635 [INFO] sqlalchemy.engine.Engine: COMMIT
2026-08-30 01:03:43,635 [DEBUG] aiosqlite: executing functools.partial(<built-in method commit of sqlite3.Connection object at 0x0000018C4DBC4130>)
2026-08-30 01:03:43,635 [DEBUG] aiosqlite: operation functools.partial(<built-in method commit of sqlite3.Connection object at 0x0000018C4DBC4130>) completed
2026-08-30 01:03:43,635 [DEBUG] aiosqlite: executing functools.partial(<built-in method rollback of sqlite3.Connection object at 0x0000018C4DBC4130>)
2026-08-30 01:03:43,635 [DEBUG] aiosqlite: operation functools.partial(<built-in method rollback of sqlite3.Connection object at 0x0000018C4DBC4130>) completed
2026-08-30 01:03:43,635 [DEBUG] aiosqlite: executing functools.partial(<built-in method close of sqlite3.Connection object at 0x0000018C4DBC4130>)
2026-08-30 01:03:43,635 [DEBUG] aiosqlite: operation functools.partial(<built-in method close of sqlite3.Connection object at 0x0000018C4DBC4130>) completed
2026-08-30 01:03:48,648 [DEBUG] aiosqlite: executing <function connect.<locals>.connector at 0x0000018C4DB7EA20>
2026-08-30 01:03:48,657 [DEBUG] aiosqlite: operation <function connect.<locals>.connector at 0x0000018C4DB7EA20> completed
2026-08-30 01:03:48,657 [DEBUG] aiosqlite: executing functools.partial(<built-in method create_function of sqlite3.Connection object at 0x0000018C4DBC4220>, 'regexp', 2, <function SQLiteDialect_pysqlite.on_connect.<locals>.regexp at 0x0000018C4AFFA660>, deterministic=True)
2026-08-30 01:03:48,657 [DEBUG] aiosqlite: operation functools.partial(<built-in method create_function of sqlite3.Connection object at 0x0000018C4DBC4220>, 'regexp', 2, <function SQLiteDialect_pysqlite.on_connect.<locals>.regexp at 0x0000018C4AFFA660>, deterministic=True) completed
2026-08-30 01:03:48,657 [DEBUG] aiosqlite: executing functools.partial(<built-in method create_function of sqlite3.Connection object at 0x0000018C4DBC4220>, 'floor', 1, <built-in function floor>, deterministic=True)
2026-08-30 01:03:48,657 [DEBUG] aiosqlite: operation functools.partial(<built-in method create_function of sqlite3.Connection object at 0x0000018C4DBC4220>, 'floor', 1, <built-in function floor>, deterministic=True) completed
2026-08-30 01:03:48,657 [INFO] sqlalchemy.engine.Engine: BEGIN (implicit)
2026-08-30 01:03:48,657 [INFO] sqlalchemy.engine.Engine: SELECT task.id, task.story_id, task.status, task.progress, task.current_step, task.retry_count, task.error_message, task.created_at, task.updated_at 
FROM task 
WHERE task.id = ?
2026-08-30 01:03:48,657 [INFO] sqlalchemy.engine.Engine: [cached since 65.43s ago] ('2773220ff25c46149fb7e0fbe8bfafca',)
2026-08-30 01:03:48,657 [DEBUG] aiosqlite: executing functools.partial(<built-in method cursor of sqlite3.Connection object at 0x0000018C4DBC4220>)
2026-08-30 01:03:48,657 [DEBUG] aiosqlite: operation functools.partial(<built-in method cursor of sqlite3.Connection object at 0x0000018C4DBC4220>) completed
2026-08-30 01:03:48,657 [DEBUG] aiosqlite: executing functools.partial(<built-in method execute of sqlite3.Cursor object at 0x0000018C4DBB8640>, 'SELECT task.id, task.story_id, task.status, task.progress, task.current_step, task.retry_count, task.error_message, task.created_at, task.updated_at \nFROM task \nWHERE task.id = ?', ('2773220ff25c46149fb7e0fbe8bfafca',))
2026-08-30 01:03:48,657 [DEBUG] aiosqlite: operation functools.partial(<built-in method execute of sqlite3.Cursor object at 0x0000018C4DBB8640>, 'SELECT task.id, task.story_id, task.status, task.progress, task.current_step, task.retry_count, task.error_message, task.created_at, task.updated_at \nFROM task \nWHERE task.id = ?', ('2773220ff25c46149fb7e0fbe8bfafca',)) completed
2026-08-30 01:03:48,657 [DEBUG] aiosqlite: executing functools.partial(<built-in method fetchall of sqlite3.Cursor object at 0x0000018C4DBB8640>)
2026-08-30 01:03:48,657 [DEBUG] aiosqlite: operation functools.partial(<built-in method fetchall of sqlite3.Cursor object at 0x0000018C4DBB8640>) completed
2026-08-30 01:03:48,657 [DEBUG] aiosqlite: executing functools.partial(<built-in method close of sqlite3.Cursor object at 0x0000018C4DBB8640>)
2026-08-30 01:03:48,657 [DEBUG] aiosqlite: operation functools.partial(<built-in method close of sqlite3.Cursor object at 0x0000018C4DBB8640>) completed
2026-08-30 01:03:48,657 [INFO] sqlalchemy.engine.Engine: COMMIT
2026-08-30 01:03:48,657 [DEBUG] aiosqlite: executing functools.partial(<built-in method commit of sqlite3.Connection object at 0x0000018C4DBC4220>)
2026-08-30 01:03:48,657 [DEBUG] aiosqlite: operation functools.partial(<built-in method commit of sqlite3.Connection object at 0x0000018C4DBC4220>) completed
2026-08-30 01:03:48,657 [DEBUG] aiosqlite: executing functools.partial(<built-in method rollback of sqlite3.Connection object at 0x0000018C4DBC4220>)
2026-08-30 01:03:48,657 [DEBUG] aiosqlite: operation functools.partial(<built-in method rollback of sqlite3.Connection object at 0x0000018C4DBC4220>) completed
2026-08-30 01:03:48,657 [DEBUG] aiosqlite: executing functools.partial(<built-in method close of sqlite3.Connection object at 0x0000018C4DBC4220>)
2026-08-30 01:03:48,657 [DEBUG] aiosqlite: operation functools.partial(<built-in method close of sqlite3.Connection object at 0x0000018C4DBC4220>) completed
2026-08-30 01:03:53,672 [DEBUG] aiosqlite: executing <function connect.<locals>.connector at 0x0000018C4DB7F100>
2026-08-30 01:03:53,681 [DEBUG] aiosqlite: operation <function connect.<locals>.connector at 0x0000018C4DB7F100> completed
2026-08-30 01:03:53,681 [DEBUG] aiosqlite: executing functools.partial(<built-in method create_function of sqlite3.Connection object at 0x0000018C4DBC44F0>, 'regexp', 2, <function SQLiteDialect_pysqlite.on_connect.<locals>.regexp at 0x0000018C4AFFA660>, deterministic=True)
2026-08-30 01:03:53,681 [DEBUG] aiosqlite: operation functools.partial(<built-in method create_function of sqlite3.Connection object at 0x0000018C4DBC44F0>, 'regexp', 2, <function SQLiteDialect_pysqlite.on_connect.<locals>.regexp at 0x0000018C4AFFA660>, deterministic=True) completed
2026-08-30 01:03:53,681 [DEBUG] aiosqlite: executing functools.partial(<built-in method create_function of sqlite3.Connection object at 0x0000018C4DBC44F0>, 'floor', 1, <built-in function floor>, deterministic=True)
2026-08-30 01:03:53,681 [DEBUG] aiosqlite: operation functools.partial(<built-in method create_function of sqlite3.Connection object at 0x0000018C4DBC44F0>, 'floor', 1, <built-in function floor>, deterministic=True) completed
2026-08-30 01:03:53,681 [INFO] sqlalchemy.engine.Engine: BEGIN (implicit)
2026-08-30 01:03:53,681 [INFO] sqlalchemy.engine.Engine: SELECT task.id, task.story_id, task.status, task.progress, task.current_step, task.retry_count, task.error_message, task.created_at, task.updated_at 
FROM task 
WHERE task.id = ?
2026-08-30 01:03:53,681 [INFO] sqlalchemy.engine.Engine: [cached since 70.45s ago] ('2773220ff25c46149fb7e0fbe8bfafca',)
2026-08-30 01:03:53,681 [DEBUG] aiosqlite: executing functools.partial(<built-in method cursor of sqlite3.Connection object at 0x0000018C4DBC44F0>)
2026-08-30 01:03:53,681 [DEBUG] aiosqlite: operation functools.partial(<built-in method cursor of sqlite3.Connection object at 0x0000018C4DBC44F0>) completed
2026-08-30 01:03:53,681 [DEBUG] aiosqlite: executing functools.partial(<built-in method execute of sqlite3.Cursor object at 0x0000018C4DBB8DC0>, 'SELECT task.id, task.story_id, task.status, task.progress, task.current_step, task.retry_count, task.error_message, task.created_at, task.updated_at \nFROM task \nWHERE task.id = ?', ('2773220ff25c46149fb7e0fbe8bfafca',))
2026-08-30 01:03:53,681 [DEBUG] aiosqlite: operation functools.partial(<built-in method execute of sqlite3.Cursor object at 0x0000018C4DBB8DC0>, 'SELECT task.id, task.story_id, task.status, task.progress, task.current_step, task.retry_count, task.error_message, task.created_at, task.updated_at \nFROM task \nWHERE task.id = ?', ('2773220ff25c46149fb7e0fbe8bfafca',)) completed
2026-08-30 01:03:53,681 [DEBUG] aiosqlite: executing functools.partial(<built-in method fetchall of sqlite3.Cursor object at 0x0000018C4DBB8DC0>)
2026-08-30 01:03:53,681 [DEBUG] aiosqlite: operation functools.partial(<built-in method fetchall of sqlite3.Cursor object at 0x0000018C4DBB8DC0>) completed
2026-08-30 01:03:53,681 [DEBUG] aiosqlite: executing functools.partial(<built-in method close of sqlite3.Cursor object at 0x0000018C4DBB8DC0>)
2026-08-30 01:03:53,681 [DEBUG] aiosqlite: operation functools.partial(<built-in method close of sqlite3.Cursor object at 0x0000018C4DBB8DC0>) completed
2026-08-30 01:03:53,681 [INFO] sqlalchemy.engine.Engine: COMMIT
2026-08-30 01:03:53,681 [DEBUG] aiosqlite: executing functools.partial(<built-in method commit of sqlite3.Connection object at 0x0000018C4DBC44F0>)
2026-08-30 01:03:53,681 [DEBUG] aiosqlite: operation functools.partial(<built-in method commit of sqlite3.Connection object at 0x0000018C4DBC44F0>) completed
2026-08-30 01:03:53,681 [DEBUG] aiosqlite: executing functools.partial(<built-in method rollback of sqlite3.Connection object at 0x0000018C4DBC44F0>)
2026-08-30 01:03:53,681 [DEBUG] aiosqlite: operation functools.partial(<built-in method rollback of sqlite3.Connection object at 0x0000018C4DBC44F0>) completed
2026-08-30 01:03:53,681 [DEBUG] aiosqlite: executing functools.partial(<built-in method close of sqlite3.Connection object at 0x0000018C4DBC44F0>)
2026-08-30 01:03:53,681 [DEBUG] aiosqlite: operation functools.partial(<built-in method close of sqlite3.Connection object at 0x0000018C4DBC44F0>) completed
2026-08-30 01:03:58,708 [DEBUG] aiosqlite: executing <function connect.<locals>.connector at 0x0000018C4DB7F600>
2026-08-30 01:03:58,719 [DEBUG] aiosqlite: operation <function connect.<locals>.connector at 0x0000018C4DB7F600> completed
2026-08-30 01:03:58,719 [DEBUG] aiosqlite: executing functools.partial(<built-in method create_function of sqlite3.Connection object at 0x0000018C4DB5B010>, 'regexp', 2, <function SQLiteDialect_pysqlite.on_connect.<locals>.regexp at 0x0000018C4AFFA660>, deterministic=True)
2026-08-30 01:03:58,719 [DEBUG] aiosqlite: operation functools.partial(<built-in method create_function of sqlite3.Connection object at 0x0000018C4DB5B010>, 'regexp', 2, <function SQLiteDialect_pysqlite.on_connect.<locals>.regexp at 0x0000018C4AFFA660>, deterministic=True) completed
2026-08-30 01:03:58,719 [DEBUG] aiosqlite: executing functools.partial(<built-in method create_function of sqlite3.Connection object at 0x0000018C4DB5B010>, 'floor', 1, <built-in function floor>, deterministic=True)
2026-08-30 01:03:58,719 [DEBUG] aiosqlite: operation functools.partial(<built-in method create_function of sqlite3.Connection object at 0x0000018C4DB5B010>, 'floor', 1, <built-in function floor>, deterministic=True) completed
2026-08-30 01:03:58,719 [INFO] sqlalchemy.engine.Engine: BEGIN (implicit)
2026-08-30 01:03:58,719 [INFO] sqlalchemy.engine.Engine: SELECT task.id, task.story_id, task.status, task.progress, task.current_step, task.retry_count, task.error_message, task.created_at, task.updated_at 
FROM task 
WHERE task.id = ?
2026-08-30 01:03:58,719 [INFO] sqlalchemy.engine.Engine: [cached since 75.49s ago] ('2773220ff25c46149fb7e0fbe8bfafca',)
2026-08-30 01:03:58,719 [DEBUG] aiosqlite: executing functools.partial(<built-in method cursor of sqlite3.Connection object at 0x0000018C4DB5B010>)
2026-08-30 01:03:58,719 [DEBUG] aiosqlite: operation functools.partial(<built-in method cursor of sqlite3.Connection object at 0x0000018C4DB5B010>) completed
2026-08-30 01:03:58,719 [DEBUG] aiosqlite: executing functools.partial(<built-in method execute of sqlite3.Cursor object at 0x0000018C4DB83440>, 'SELECT task.id, task.story_id, task.status, task.progress, task.current_step, task.retry_count, task.error_message, task.created_at, task.updated_at \nFROM task \nWHERE task.id = ?', ('2773220ff25c46149fb7e0fbe8bfafca',))
2026-08-30 01:03:58,719 [DEBUG] aiosqlite: operation functools.partial(<built-in method execute of sqlite3.Cursor object at 0x0000018C4DB83440>, 'SELECT task.id, task.story_id, task.status, task.progress, task.current_step, task.retry_count, task.error_message, task.created_at, task.updated_at \nFROM task \nWHERE task.id = ?', ('2773220ff25c46149fb7e0fbe8bfafca',)) completed
2026-08-30 01:03:58,719 [DEBUG] aiosqlite: executing functools.partial(<built-in method fetchall of sqlite3.Cursor object at 0x0000018C4DB83440>)
2026-08-30 01:03:58,719 [DEBUG] aiosqlite: operation functools.partial(<built-in method fetchall of sqlite3.Cursor object at 0x0000018C4DB83440>) completed
2026-08-30 01:03:58,719 [DEBUG] aiosqlite: executing functools.partial(<built-in method close of sqlite3.Cursor object at 0x0000018C4DB83440>)
2026-08-30 01:03:58,719 [DEBUG] aiosqlite: operation functools.partial(<built-in method close of sqlite3.Cursor object at 0x0000018C4DB83440>) completed
2026-08-30 01:03:58,719 [INFO] sqlalchemy.engine.Engine: COMMIT
2026-08-30 01:03:58,719 [DEBUG] aiosqlite: executing functools.partial(<built-in method commit of sqlite3.Connection object at 0x0000018C4DB5B010>)
2026-08-30 01:03:58,719 [DEBUG] aiosqlite: operation functools.partial(<built-in method commit of sqlite3.Connection object at 0x0000018C4DB5B010>) completed
2026-08-30 01:03:58,719 [DEBUG] aiosqlite: executing functools.partial(<built-in method rollback of sqlite3.Connection object at 0x0000018C4DB5B010>)
2026-08-30 01:03:58,719 [DEBUG] aiosqlite: operation functools.partial(<built-in method rollback of sqlite3.Connection object at 0x0000018C4DB5B010>) completed
2026-08-30 01:03:58,719 [DEBUG] aiosqlite: executing functools.partial(<built-in method close of sqlite3.Connection object at 0x0000018C4DB5B010>)
2026-08-30 01:03:58,719 [DEBUG] aiosqlite: operation functools.partial(<built-in method close of sqlite3.Connection object at 0x0000018C4DB5B010>) completed
2026-08-30 01:04:03,753 [DEBUG] aiosqlite: executing <function connect.<locals>.connector at 0x0000018C4DB7DDA0>
2026-08-30 01:04:03,762 [DEBUG] aiosqlite: operation <function connect.<locals>.connector at 0x0000018C4DB7DDA0> completed
2026-08-30 01:04:03,762 [DEBUG] aiosqlite: executing functools.partial(<built-in method create_function of sqlite3.Connection object at 0x0000018C4DB5AC50>, 'regexp', 2, <function SQLiteDialect_pysqlite.on_connect.<locals>.regexp at 0x0000018C4AFFA660>, deterministic=True)
2026-08-30 01:04:03,763 [DEBUG] aiosqlite: operation functools.partial(<built-in method create_function of sqlite3.Connection object at 0x0000018C4DB5AC50>, 'regexp', 2, <function SQLiteDialect_pysqlite.on_connect.<locals>.regexp at 0x0000018C4AFFA660>, deterministic=True) completed
2026-08-30 01:04:03,763 [DEBUG] aiosqlite: executing functools.partial(<built-in method create_function of sqlite3.Connection object at 0x0000018C4DB5AC50>, 'floor', 1, <built-in function floor>, deterministic=True)
2026-08-30 01:04:03,763 [DEBUG] aiosqlite: operation functools.partial(<built-in method create_function of sqlite3.Connection object at 0x0000018C4DB5AC50>, 'floor', 1, <built-in function floor>, deterministic=True) completed
2026-08-30 01:04:03,763 [INFO] sqlalchemy.engine.Engine: BEGIN (implicit)
2026-08-30 01:04:03,764 [INFO] sqlalchemy.engine.Engine: SELECT task.id, task.story_id, task.status, task.progress, task.current_step, task.retry_count, task.error_message, task.created_at, task.updated_at 
FROM task 
WHERE task.id = ?
2026-08-30 01:04:03,764 [INFO] sqlalchemy.engine.Engine: [cached since 80.53s ago] ('2773220ff25c46149fb7e0fbe8bfafca',)
2026-08-30 01:04:03,764 [DEBUG] aiosqlite: executing functools.partial(<built-in method cursor of sqlite3.Connection object at 0x0000018C4DB5AC50>)
2026-08-30 01:04:03,765 [DEBUG] aiosqlite: operation functools.partial(<built-in method cursor of sqlite3.Connection object at 0x0000018C4DB5AC50>) completed
2026-08-30 01:04:03,765 [DEBUG] aiosqlite: executing functools.partial(<built-in method execute of sqlite3.Cursor object at 0x0000018C4DB83EC0>, 'SELECT task.id, task.story_id, task.status, task.progress, task.current_step, task.retry_count, task.error_message, task.created_at, task.updated_at \nFROM task \nWHERE task.id = ?', ('2773220ff25c46149fb7e0fbe8bfafca',))
2026-08-30 01:04:03,765 [DEBUG] aiosqlite: operation functools.partial(<built-in method execute of sqlite3.Cursor object at 0x0000018C4DB83EC0>, 'SELECT task.id, task.story_id, task.status, task.progress, task.current_step, task.retry_count, task.error_message, task.created_at, task.updated_at \nFROM task \nWHERE task.id = ?', ('2773220ff25c46149fb7e0fbe8bfafca',)) completed
2026-08-30 01:04:03,766 [DEBUG] aiosqlite: executing functools.partial(<built-in method fetchall of sqlite3.Cursor object at 0x0000018C4DB83EC0>)
2026-08-30 01:04:03,766 [DEBUG] aiosqlite: operation functools.partial(<built-in method fetchall of sqlite3.Cursor object at 0x0000018C4DB83EC0>) completed
2026-08-30 01:04:03,766 [DEBUG] aiosqlite: executing functools.partial(<built-in method close of sqlite3.Cursor object at 0x0000018C4DB83EC0>)
2026-08-30 01:04:03,766 [DEBUG] aiosqlite: operation functools.partial(<built-in method close of sqlite3.Cursor object at 0x0000018C4DB83EC0>) completed
2026-08-30 01:04:03,766 [INFO] sqlalchemy.engine.Engine: COMMIT
2026-08-30 01:04:03,767 [DEBUG] aiosqlite: executing functools.partial(<built-in method commit of sqlite3.Connection object at 0x0000018C4DB5AC50>)
2026-08-30 01:04:03,767 [DEBUG] aiosqlite: operation functools.partial(<built-in method commit of sqlite3.Connection object at 0x0000018C4DB5AC50>) completed
2026-08-30 01:04:03,767 [DEBUG] aiosqlite: executing functools.partial(<built-in method rollback of sqlite3.Connection object at 0x0000018C4DB5AC50>)
2026-08-30 01:04:03,767 [DEBUG] aiosqlite: operation functools.partial(<built-in method rollback of sqlite3.Connection object at 0x0000018C4DB5AC50>) completed
2026-08-30 01:04:03,767 [DEBUG] aiosqlite: executing functools.partial(<built-in method close of sqlite3.Connection object at 0x0000018C4DB5AC50>)
2026-08-30 01:04:03,767 [DEBUG] aiosqlite: operation functools.partial(<built-in method close of sqlite3.Connection object at 0x0000018C4DB5AC50>) completed
2026-08-30 01:04:08,793 [DEBUG] aiosqlite: executing <function connect.<locals>.connector at 0x0000018C4DB7EF20>
2026-08-30 01:04:08,802 [DEBUG] aiosqlite: operation <function connect.<locals>.connector at 0x0000018C4DB7EF20> completed
2026-08-30 01:04:08,804 [DEBUG] aiosqlite: executing functools.partial(<built-in method create_function of sqlite3.Connection object at 0x0000018C4DB5A3E0>, 'regexp', 2, <function SQLiteDialect_pysqlite.on_connect.<locals>.regexp at 0x0000018C4AFFA660>, deterministic=True)
2026-08-30 01:04:08,804 [DEBUG] aiosqlite: operation functools.partial(<built-in method create_function of sqlite3.Connection object at 0x0000018C4DB5A3E0>, 'regexp', 2, <function SQLiteDialect_pysqlite.on_connect.<locals>.regexp at 0x0000018C4AFFA660>, deterministic=True) completed
2026-08-30 01:04:08,805 [DEBUG] aiosqlite: executing functools.partial(<built-in method create_function of sqlite3.Connection object at 0x0000018C4DB5A3E0>, 'floor', 1, <built-in function floor>, deterministic=True)
2026-08-30 01:04:08,805 [DEBUG] aiosqlite: operation functools.partial(<built-in method create_function of sqlite3.Connection object at 0x0000018C4DB5A3E0>, 'floor', 1, <built-in function floor>, deterministic=True) completed
2026-08-30 01:04:08,805 [INFO] sqlalchemy.engine.Engine: BEGIN (implicit)
2026-08-30 01:04:08,806 [INFO] sqlalchemy.engine.Engine: SELECT task.id, task.story_id, task.status, task.progress, task.current_step, task.retry_count, task.error_message, task.created_at, task.updated_at 
FROM task 
WHERE task.id = ?
2026-08-30 01:04:08,806 [INFO] sqlalchemy.engine.Engine: [cached since 85.57s ago] ('2773220ff25c46149fb7e0fbe8bfafca',)
2026-08-30 01:04:08,806 [DEBUG] aiosqlite: executing functools.partial(<built-in method cursor of sqlite3.Connection object at 0x0000018C4DB5A3E0>)
2026-08-30 01:04:08,806 [DEBUG] aiosqlite: operation functools.partial(<built-in method cursor of sqlite3.Connection object at 0x0000018C4DB5A3E0>) completed
2026-08-30 01:04:08,807 [DEBUG] aiosqlite: executing functools.partial(<built-in method execute of sqlite3.Cursor object at 0x0000018C4DB837C0>, 'SELECT task.id, task.story_id, task.status, task.progress, task.current_step, task.retry_count, task.error_message, task.created_at, task.updated_at \nFROM task \nWHERE task.id = ?', ('2773220ff25c46149fb7e0fbe8bfafca',))
2026-08-30 01:04:08,807 [DEBUG] aiosqlite: operation functools.partial(<built-in method execute of sqlite3.Cursor object at 0x0000018C4DB837C0>, 'SELECT task.id, task.story_id, task.status, task.progress, task.current_step, task.retry_count, task.error_message, task.created_at, task.updated_at \nFROM task \nWHERE task.id = ?', ('2773220ff25c46149fb7e0fbe8bfafca',)) completed
2026-08-30 01:04:08,807 [DEBUG] aiosqlite: executing functools.partial(<built-in method fetchall of sqlite3.Cursor object at 0x0000018C4DB837C0>)
2026-08-30 01:04:08,808 [DEBUG] aiosqlite: operation functools.partial(<built-in method fetchall of sqlite3.Cursor object at 0x0000018C4DB837C0>) completed
2026-08-30 01:04:08,808 [DEBUG] aiosqlite: executing functools.partial(<built-in method close of sqlite3.Cursor object at 0x0000018C4DB837C0>)
2026-08-30 01:04:08,809 [DEBUG] aiosqlite: operation functools.partial(<built-in method close of sqlite3.Cursor object at 0x0000018C4DB837C0>) completed
2026-08-30 01:04:08,809 [INFO] sqlalchemy.engine.Engine: COMMIT
2026-08-30 01:04:08,809 [DEBUG] aiosqlite: executing functools.partial(<built-in method commit of sqlite3.Connection object at 0x0000018C4DB5A3E0>)
2026-08-30 01:04:08,809 [DEBUG] aiosqlite: operation functools.partial(<built-in method commit of sqlite3.Connection object at 0x0000018C4DB5A3E0>) completed
2026-08-30 01:04:08,809 [DEBUG] aiosqlite: executing functools.partial(<built-in method rollback of sqlite3.Connection object at 0x0000018C4DB5A3E0>)
2026-08-30 01:04:08,809 [DEBUG] aiosqlite: operation functools.partial(<built-in method rollback of sqlite3.Connection object at 0x0000018C4DB5A3E0>) completed
2026-08-30 01:04:08,809 [DEBUG] aiosqlite: executing functools.partial(<built-in method close of sqlite3.Connection object at 0x0000018C4DB5A3E0>)
2026-08-30 01:04:08,809 [DEBUG] aiosqlite: operation functools.partial(<built-in method close of sqlite3.Connection object at 0x0000018C4DB5A3E0>) completed
2026-08-30 01:04:13,821 [DEBUG] aiosqlite: executing <function connect.<locals>.connector at 0x0000018C4DB7EDE0>
2026-08-30 01:04:13,829 [DEBUG] aiosqlite: operation <function connect.<locals>.connector at 0x0000018C4DB7EDE0> completed
2026-08-30 01:04:13,829 [DEBUG] aiosqlite: executing functools.partial(<built-in method create_function of sqlite3.Connection object at 0x0000018C4DB5A200>, 'regexp', 2, <function SQLiteDialect_pysqlite.on_connect.<locals>.regexp at 0x0000018C4AFFA660>, deterministic=True)
2026-08-30 01:04:13,829 [DEBUG] aiosqlite: operation functools.partial(<built-in method create_function of sqlite3.Connection object at 0x0000018C4DB5A200>, 'regexp', 2, <function SQLiteDialect_pysqlite.on_connect.<locals>.regexp at 0x0000018C4AFFA660>, deterministic=True) completed
2026-08-30 01:04:13,829 [DEBUG] aiosqlite: executing functools.partial(<built-in method create_function of sqlite3.Connection object at 0x0000018C4DB5A200>, 'floor', 1, <built-in function floor>, deterministic=True)
2026-08-30 01:04:13,829 [DEBUG] aiosqlite: operation functools.partial(<built-in method create_function of sqlite3.Connection object at 0x0000018C4DB5A200>, 'floor', 1, <built-in function floor>, deterministic=True) completed
2026-08-30 01:04:13,829 [INFO] sqlalchemy.engine.Engine: BEGIN (implicit)
2026-08-30 01:04:13,829 [INFO] sqlalchemy.engine.Engine: SELECT task.id, task.story_id, task.status, task.progress, task.current_step, task.retry_count, task.error_message, task.created_at, task.updated_at 
FROM task 
WHERE task.id = ?
2026-08-30 01:04:13,829 [INFO] sqlalchemy.engine.Engine: [cached since 90.6s ago] ('2773220ff25c46149fb7e0fbe8bfafca',)
2026-08-30 01:04:13,829 [DEBUG] aiosqlite: executing functools.partial(<built-in method cursor of sqlite3.Connection object at 0x0000018C4DB5A200>)
2026-08-30 01:04:13,829 [DEBUG] aiosqlite: operation functools.partial(<built-in method cursor of sqlite3.Connection object at 0x0000018C4DB5A200>) completed
2026-08-30 01:04:13,829 [DEBUG] aiosqlite: executing functools.partial(<built-in method execute of sqlite3.Cursor object at 0x0000018C4DB83CC0>, 'SELECT task.id, task.story_id, task.status, task.progress, task.current_step, task.retry_count, task.error_message, task.created_at, task.updated_at \nFROM task \nWHERE task.id = ?', ('2773220ff25c46149fb7e0fbe8bfafca',))
2026-08-30 01:04:13,829 [DEBUG] aiosqlite: operation functools.partial(<built-in method execute of sqlite3.Cursor object at 0x0000018C4DB83CC0>, 'SELECT task.id, task.story_id, task.status, task.progress, task.current_step, task.retry_count, task.error_message, task.created_at, task.updated_at \nFROM task \nWHERE task.id = ?', ('2773220ff25c46149fb7e0fbe8bfafca',)) completed
2026-08-30 01:04:13,829 [DEBUG] aiosqlite: executing functools.partial(<built-in method fetchall of sqlite3.Cursor object at 0x0000018C4DB83CC0>)
2026-08-30 01:04:13,839 [DEBUG] aiosqlite: operation functools.partial(<built-in method fetchall of sqlite3.Cursor object at 0x0000018C4DB83CC0>) completed
2026-08-30 01:04:13,839 [DEBUG] aiosqlite: executing functools.partial(<built-in method close of sqlite3.Cursor object at 0x0000018C4DB83CC0>)
2026-08-30 01:04:13,839 [DEBUG] aiosqlite: operation functools.partial(<built-in method close of sqlite3.Cursor object at 0x0000018C4DB83CC0>) completed
2026-08-30 01:04:13,839 [INFO] sqlalchemy.engine.Engine: COMMIT
2026-08-30 01:04:13,841 [DEBUG] aiosqlite: executing functools.partial(<built-in method commit of sqlite3.Connection object at 0x0000018C4DB5A200>)
2026-08-30 01:04:13,841 [DEBUG] aiosqlite: operation functools.partial(<built-in method commit of sqlite3.Connection object at 0x0000018C4DB5A200>) completed
2026-08-30 01:04:13,841 [DEBUG] aiosqlite: executing functools.partial(<built-in method rollback of sqlite3.Connection object at 0x0000018C4DB5A200>)
2026-08-30 01:04:13,841 [DEBUG] aiosqlite: operation functools.partial(<built-in method rollback of sqlite3.Connection object at 0x0000018C4DB5A200>) completed
2026-08-30 01:04:13,841 [DEBUG] aiosqlite: executing functools.partial(<built-in method close of sqlite3.Connection object at 0x0000018C4DB5A200>)
2026-08-30 01:04:13,841 [DEBUG] aiosqlite: operation functools.partial(<built-in method close of sqlite3.Connection object at 0x0000018C4DB5A200>) completed
2026-08-30 01:04:18,858 [DEBUG] aiosqlite: executing <function connect.<locals>.connector at 0x0000018C4DB7E5C0>
2026-08-30 01:04:18,858 [DEBUG] aiosqlite: operation <function connect.<locals>.connector at 0x0000018C4DB7E5C0> completed
2026-08-30 01:04:18,858 [DEBUG] aiosqlite: executing functools.partial(<built-in method create_function of sqlite3.Connection object at 0x0000018C4DB5A020>, 'regexp', 2, <function SQLiteDialect_pysqlite.on_connect.<locals>.regexp at 0x0000018C4AFFA660>, deterministic=True)
2026-08-30 01:04:18,858 [DEBUG] aiosqlite: operation functools.partial(<built-in method create_function of sqlite3.Connection object at 0x0000018C4DB5A020>, 'regexp', 2, <function SQLiteDialect_pysqlite.on_connect.<locals>.regexp at 0x0000018C4AFFA660>, deterministic=True) completed
2026-08-30 01:04:18,858 [DEBUG] aiosqlite: executing functools.partial(<built-in method create_function of sqlite3.Connection object at 0x0000018C4DB5A020>, 'floor', 1, <built-in function floor>, deterministic=True)
2026-08-30 01:04:18,858 [DEBUG] aiosqlite: operation functools.partial(<built-in method create_function of sqlite3.Connection object at 0x0000018C4DB5A020>, 'floor', 1, <built-in function floor>, deterministic=True) completed
2026-08-30 01:04:18,858 [INFO] sqlalchemy.engine.Engine: BEGIN (implicit)
2026-08-30 01:04:18,858 [INFO] sqlalchemy.engine.Engine: SELECT task.id, task.story_id, task.status, task.progress, task.current_step, task.retry_count, task.error_message, task.created_at, task.updated_at 
FROM task 
WHERE task.id = ?
2026-08-30 01:04:18,858 [INFO] sqlalchemy.engine.Engine: [cached since 95.63s ago] ('2773220ff25c46149fb7e0fbe8bfafca',)
2026-08-30 01:04:18,862 [DEBUG] aiosqlite: executing functools.partial(<built-in method cursor of sqlite3.Connection object at 0x0000018C4DB5A020>)
2026-08-30 01:04:18,862 [DEBUG] aiosqlite: operation functools.partial(<built-in method cursor of sqlite3.Connection object at 0x0000018C4DB5A020>) completed
2026-08-30 01:04:18,863 [DEBUG] aiosqlite: executing functools.partial(<built-in method execute of sqlite3.Cursor object at 0x0000018C4DB80BC0>, 'SELECT task.id, task.story_id, task.status, task.progress, task.current_step, task.retry_count, task.error_message, task.created_at, task.updated_at \nFROM task \nWHERE task.id = ?', ('2773220ff25c46149fb7e0fbe8bfafca',))
2026-08-30 01:04:18,863 [DEBUG] aiosqlite: operation functools.partial(<built-in method execute of sqlite3.Cursor object at 0x0000018C4DB80BC0>, 'SELECT task.id, task.story_id, task.status, task.progress, task.current_step, task.retry_count, task.error_message, task.created_at, task.updated_at \nFROM task \nWHERE task.id = ?', ('2773220ff25c46149fb7e0fbe8bfafca',)) completed
2026-08-30 01:04:18,863 [DEBUG] aiosqlite: executing functools.partial(<built-in method fetchall of sqlite3.Cursor object at 0x0000018C4DB80BC0>)
2026-08-30 01:04:18,863 [DEBUG] aiosqlite: operation functools.partial(<built-in method fetchall of sqlite3.Cursor object at 0x0000018C4DB80BC0>) completed
2026-08-30 01:04:18,863 [DEBUG] aiosqlite: executing functools.partial(<built-in method close of sqlite3.Cursor object at 0x0000018C4DB80BC0>)
2026-08-30 01:04:18,864 [DEBUG] aiosqlite: operation functools.partial(<built-in method close of sqlite3.Cursor object at 0x0000018C4DB80BC0>) completed
2026-08-30 01:04:18,864 [INFO] sqlalchemy.engine.Engine: COMMIT
2026-08-30 01:04:18,864 [DEBUG] aiosqlite: executing functools.partial(<built-in method commit of sqlite3.Connection object at 0x0000018C4DB5A020>)
2026-08-30 01:04:18,865 [DEBUG] aiosqlite: operation functools.partial(<built-in method commit of sqlite3.Connection object at 0x0000018C4DB5A020>) completed
2026-08-30 01:04:18,865 [DEBUG] aiosqlite: executing functools.partial(<built-in method rollback of sqlite3.Connection object at 0x0000018C4DB5A020>)
2026-08-30 01:04:18,866 [DEBUG] aiosqlite: operation functools.partial(<built-in method rollback of sqlite3.Connection object at 0x0000018C4DB5A020>) completed
2026-08-30 01:04:18,866 [DEBUG] aiosqlite: executing functools.partial(<built-in method close of sqlite3.Connection object at 0x0000018C4DB5A020>)
2026-08-30 01:04:18,866 [DEBUG] aiosqlite: operation functools.partial(<built-in method close of sqlite3.Connection object at 0x0000018C4DB5A020>) completed
2026-08-30 01:04:23,877 [DEBUG] aiosqlite: executing <function connect.<locals>.connector at 0x0000018C4DB7E200>
2026-08-30 01:04:23,886 [DEBUG] aiosqlite: operation <function connect.<locals>.connector at 0x0000018C4DB7E200> completed
2026-08-30 01:04:23,886 [DEBUG] aiosqlite: executing functools.partial(<built-in method create_function of sqlite3.Connection object at 0x0000018C4DB59D50>, 'regexp', 2, <function SQLiteDialect_pysqlite.on_connect.<locals>.regexp at 0x0000018C4AFFA660>, deterministic=True)
2026-08-30 01:04:23,886 [DEBUG] aiosqlite: operation functools.partial(<built-in method create_function of sqlite3.Connection object at 0x0000018C4DB59D50>, 'regexp', 2, <function SQLiteDialect_pysqlite.on_connect.<locals>.regexp at 0x0000018C4AFFA660>, deterministic=True) completed
2026-08-30 01:04:23,886 [DEBUG] aiosqlite: executing functools.partial(<built-in method create_function of sqlite3.Connection object at 0x0000018C4DB59D50>, 'floor', 1, <built-in function floor>, deterministic=True)
2026-08-30 01:04:23,886 [DEBUG] aiosqlite: operation functools.partial(<built-in method create_function of sqlite3.Connection object at 0x0000018C4DB59D50>, 'floor', 1, <built-in function floor>, deterministic=True) completed
2026-08-30 01:04:23,886 [INFO] sqlalchemy.engine.Engine: BEGIN (implicit)
2026-08-30 01:04:23,886 [INFO] sqlalchemy.engine.Engine: SELECT task.id, task.story_id, task.status, task.progress, task.current_step, task.retry_count, task.error_message, task.created_at, task.updated_at 
FROM task 
WHERE task.id = ?
2026-08-30 01:04:23,886 [INFO] sqlalchemy.engine.Engine: [cached since 100.7s ago] ('2773220ff25c46149fb7e0fbe8bfafca',)
2026-08-30 01:04:23,886 [DEBUG] aiosqlite: executing functools.partial(<built-in method cursor of sqlite3.Connection object at 0x0000018C4DB59D50>)
2026-08-30 01:04:23,886 [DEBUG] aiosqlite: operation functools.partial(<built-in method cursor of sqlite3.Connection object at 0x0000018C4DB59D50>) completed
2026-08-30 01:04:23,886 [DEBUG] aiosqlite: executing functools.partial(<built-in method execute of sqlite3.Cursor object at 0x0000018C4DB83DC0>, 'SELECT task.id, task.story_id, task.status, task.progress, task.current_step, task.retry_count, task.error_message, task.created_at, task.updated_at \nFROM task \nWHERE task.id = ?', ('2773220ff25c46149fb7e0fbe8bfafca',))
2026-08-30 01:04:23,886 [DEBUG] aiosqlite: operation functools.partial(<built-in method execute of sqlite3.Cursor object at 0x0000018C4DB83DC0>, 'SELECT task.id, task.story_id, task.status, task.progress, task.current_step, task.retry_count, task.error_message, task.created_at, task.updated_at \nFROM task \nWHERE task.id = ?', ('2773220ff25c46149fb7e0fbe8bfafca',)) completed
2026-08-30 01:04:23,886 [DEBUG] aiosqlite: executing functools.partial(<built-in method fetchall of sqlite3.Cursor object at 0x0000018C4DB83DC0>)
2026-08-30 01:04:23,886 [DEBUG] aiosqlite: operation functools.partial(<built-in method fetchall of sqlite3.Cursor object at 0x0000018C4DB83DC0>) completed
2026-08-30 01:04:23,886 [DEBUG] aiosqlite: executing functools.partial(<built-in method close of sqlite3.Cursor object at 0x0000018C4DB83DC0>)
2026-08-30 01:04:23,886 [DEBUG] aiosqlite: operation functools.partial(<built-in method close of sqlite3.Cursor object at 0x0000018C4DB83DC0>) completed
2026-08-30 01:04:23,886 [INFO] sqlalchemy.engine.Engine: COMMIT
2026-08-30 01:04:23,886 [DEBUG] aiosqlite: executing functools.partial(<built-in method commit of sqlite3.Connection object at 0x0000018C4DB59D50>)
2026-08-30 01:04:23,886 [DEBUG] aiosqlite: operation functools.partial(<built-in method commit of sqlite3.Connection object at 0x0000018C4DB59D50>) completed
2026-08-30 01:04:23,886 [DEBUG] aiosqlite: executing functools.partial(<built-in method rollback of sqlite3.Connection object at 0x0000018C4DB59D50>)
2026-08-30 01:04:23,886 [DEBUG] aiosqlite: operation functools.partial(<built-in method rollback of sqlite3.Connection object at 0x0000018C4DB59D50>) completed
2026-08-30 01:04:23,886 [DEBUG] aiosqlite: executing functools.partial(<built-in method close of sqlite3.Connection object at 0x0000018C4DB59D50>)
2026-08-30 01:04:23,886 [DEBUG] aiosqlite: operation functools.partial(<built-in method close of sqlite3.Connection object at 0x0000018C4DB59D50>) completed
2026-08-30 01:04:28,918 [DEBUG] aiosqlite: executing <function connect.<locals>.connector at 0x0000018C4DB7DD00>
2026-08-30 01:04:28,928 [DEBUG] aiosqlite: operation <function connect.<locals>.connector at 0x0000018C4DB7DD00> completed
2026-08-30 01:04:28,929 [DEBUG] aiosqlite: executing functools.partial(<built-in method create_function of sqlite3.Connection object at 0x0000018C4DB5A2F0>, 'regexp', 2, <function SQLiteDialect_pysqlite.on_connect.<locals>.regexp at 0x0000018C4AFFA660>, deterministic=True)
2026-08-30 01:04:28,929 [DEBUG] aiosqlite: operation functools.partial(<built-in method create_function of sqlite3.Connection object at 0x0000018C4DB5A2F0>, 'regexp', 2, <function SQLiteDialect_pysqlite.on_connect.<locals>.regexp at 0x0000018C4AFFA660>, deterministic=True) completed
2026-08-30 01:04:28,930 [DEBUG] aiosqlite: executing functools.partial(<built-in method create_function of sqlite3.Connection object at 0x0000018C4DB5A2F0>, 'floor', 1, <built-in function floor>, deterministic=True)
2026-08-30 01:04:28,930 [DEBUG] aiosqlite: operation functools.partial(<built-in method create_function of sqlite3.Connection object at 0x0000018C4DB5A2F0>, 'floor', 1, <built-in function floor>, deterministic=True) completed
2026-08-30 01:04:28,930 [INFO] sqlalchemy.engine.Engine: BEGIN (implicit)
2026-08-30 01:04:28,930 [INFO] sqlalchemy.engine.Engine: SELECT task.id, task.story_id, task.status, task.progress, task.current_step, task.retry_count, task.error_message, task.created_at, task.updated_at 
FROM task 
WHERE task.id = ?
2026-08-30 01:04:28,930 [INFO] sqlalchemy.engine.Engine: [cached since 105.7s ago] ('2773220ff25c46149fb7e0fbe8bfafca',)
2026-08-30 01:04:28,930 [DEBUG] aiosqlite: executing functools.partial(<built-in method cursor of sqlite3.Connection object at 0x0000018C4DB5A2F0>)
2026-08-30 01:04:28,930 [DEBUG] aiosqlite: operation functools.partial(<built-in method cursor of sqlite3.Connection object at 0x0000018C4DB5A2F0>) completed
2026-08-30 01:04:28,930 [DEBUG] aiosqlite: executing functools.partial(<built-in method execute of sqlite3.Cursor object at 0x0000018C4DB83E40>, 'SELECT task.id, task.story_id, task.status, task.progress, task.current_step, task.retry_count, task.error_message, task.created_at, task.updated_at \nFROM task \nWHERE task.id = ?', ('2773220ff25c46149fb7e0fbe8bfafca',))
2026-08-30 01:04:28,930 [DEBUG] aiosqlite: operation functools.partial(<built-in method execute of sqlite3.Cursor object at 0x0000018C4DB83E40>, 'SELECT task.id, task.story_id, task.status, task.progress, task.current_step, task.retry_count, task.error_message, task.created_at, task.updated_at \nFROM task \nWHERE task.id = ?', ('2773220ff25c46149fb7e0fbe8bfafca',)) completed
2026-08-30 01:04:28,930 [DEBUG] aiosqlite: executing functools.partial(<built-in method fetchall of sqlite3.Cursor object at 0x0000018C4DB83E40>)
2026-08-30 01:04:28,930 [DEBUG] aiosqlite: operation functools.partial(<built-in method fetchall of sqlite3.Cursor object at 0x0000018C4DB83E40>) completed
2026-08-30 01:04:28,930 [DEBUG] aiosqlite: executing functools.partial(<built-in method close of sqlite3.Cursor object at 0x0000018C4DB83E40>)
2026-08-30 01:04:28,930 [DEBUG] aiosqlite: operation functools.partial(<built-in method close of sqlite3.Cursor object at 0x0000018C4DB83E40>) completed
2026-08-30 01:04:28,930 [INFO] sqlalchemy.engine.Engine: COMMIT
2026-08-30 01:04:28,930 [DEBUG] aiosqlite: executing functools.partial(<built-in method commit of sqlite3.Connection object at 0x0000018C4DB5A2F0>)
2026-08-30 01:04:28,930 [DEBUG] aiosqlite: operation functools.partial(<built-in method commit of sqlite3.Connection object at 0x0000018C4DB5A2F0>) completed
2026-08-30 01:04:28,930 [DEBUG] aiosqlite: executing functools.partial(<built-in method rollback of sqlite3.Connection object at 0x0000018C4DB5A2F0>)
2026-08-30 01:04:28,930 [DEBUG] aiosqlite: operation functools.partial(<built-in method rollback of sqlite3.Connection object at 0x0000018C4DB5A2F0>) completed
2026-08-30 01:04:28,930 [DEBUG] aiosqlite: executing functools.partial(<built-in method close of sqlite3.Connection object at 0x0000018C4DB5A2F0>)
2026-08-30 01:04:28,930 [DEBUG] aiosqlite: operation functools.partial(<built-in method close of sqlite3.Connection object at 0x0000018C4DB5A2F0>) completed
2026-08-30 01:04:33,947 [DEBUG] aiosqlite: executing <function connect.<locals>.connector at 0x0000018C4DB7E020>
2026-08-30 01:04:33,956 [DEBUG] aiosqlite: operation <function connect.<locals>.connector at 0x0000018C4DB7E020> completed
2026-08-30 01:04:33,956 [DEBUG] aiosqlite: executing functools.partial(<built-in method create_function of sqlite3.Connection object at 0x0000018C4DB5A110>, 'regexp', 2, <function SQLiteDialect_pysqlite.on_connect.<locals>.regexp at 0x0000018C4AFFA660>, deterministic=True)
2026-08-30 01:04:33,956 [DEBUG] aiosqlite: operation functools.partial(<built-in method create_function of sqlite3.Connection object at 0x0000018C4DB5A110>, 'regexp', 2, <function SQLiteDialect_pysqlite.on_connect.<locals>.regexp at 0x0000018C4AFFA660>, deterministic=True) completed
2026-08-30 01:04:33,956 [DEBUG] aiosqlite: executing functools.partial(<built-in method create_function of sqlite3.Connection object at 0x0000018C4DB5A110>, 'floor', 1, <built-in function floor>, deterministic=True)
2026-08-30 01:04:33,956 [DEBUG] aiosqlite: operation functools.partial(<built-in method create_function of sqlite3.Connection object at 0x0000018C4DB5A110>, 'floor', 1, <built-in function floor>, deterministic=True) completed
2026-08-30 01:04:33,956 [INFO] sqlalchemy.engine.Engine: BEGIN (implicit)
2026-08-30 01:04:33,956 [INFO] sqlalchemy.engine.Engine: SELECT task.id, task.story_id, task.status, task.progress, task.current_step, task.retry_count, task.error_message, task.created_at, task.updated_at 
FROM task 
WHERE task.id = ?
2026-08-30 01:04:33,956 [INFO] sqlalchemy.engine.Engine: [cached since 110.7s ago] ('2773220ff25c46149fb7e0fbe8bfafca',)
2026-08-30 01:04:33,956 [DEBUG] aiosqlite: executing functools.partial(<built-in method cursor of sqlite3.Connection object at 0x0000018C4DB5A110>)
2026-08-30 01:04:33,956 [DEBUG] aiosqlite: operation functools.partial(<built-in method cursor of sqlite3.Connection object at 0x0000018C4DB5A110>) completed
2026-08-30 01:04:33,956 [DEBUG] aiosqlite: executing functools.partial(<built-in method execute of sqlite3.Cursor object at 0x0000018C4DB83240>, 'SELECT task.id, task.story_id, task.status, task.progress, task.current_step, task.retry_count, task.error_message, task.created_at, task.updated_at \nFROM task \nWHERE task.id = ?', ('2773220ff25c46149fb7e0fbe8bfafca',))
2026-08-30 01:04:33,956 [DEBUG] aiosqlite: operation functools.partial(<built-in method execute of sqlite3.Cursor object at 0x0000018C4DB83240>, 'SELECT task.id, task.story_id, task.status, task.progress, task.current_step, task.retry_count, task.error_message, task.created_at, task.updated_at \nFROM task \nWHERE task.id = ?', ('2773220ff25c46149fb7e0fbe8bfafca',)) completed
2026-08-30 01:04:33,956 [DEBUG] aiosqlite: executing functools.partial(<built-in method fetchall of sqlite3.Cursor object at 0x0000018C4DB83240>)
2026-08-30 01:04:33,956 [DEBUG] aiosqlite: operation functools.partial(<built-in method fetchall of sqlite3.Cursor object at 0x0000018C4DB83240>) completed
2026-08-30 01:04:33,956 [DEBUG] aiosqlite: executing functools.partial(<built-in method close of sqlite3.Cursor object at 0x0000018C4DB83240>)
2026-08-30 01:04:33,956 [DEBUG] aiosqlite: operation functools.partial(<built-in method close of sqlite3.Cursor object at 0x0000018C4DB83240>) completed
2026-08-30 01:04:33,956 [INFO] sqlalchemy.engine.Engine: COMMIT
2026-08-30 01:04:33,956 [DEBUG] aiosqlite: executing functools.partial(<built-in method commit of sqlite3.Connection object at 0x0000018C4DB5A110>)
2026-08-30 01:04:33,956 [DEBUG] aiosqlite: operation functools.partial(<built-in method commit of sqlite3.Connection object at 0x0000018C4DB5A110>) completed
2026-08-30 01:04:33,956 [DEBUG] aiosqlite: executing functools.partial(<built-in method rollback of sqlite3.Connection object at 0x0000018C4DB5A110>)
2026-08-30 01:04:33,956 [DEBUG] aiosqlite: operation functools.partial(<built-in method rollback of sqlite3.Connection object at 0x0000018C4DB5A110>) completed
2026-08-30 01:04:33,956 [DEBUG] aiosqlite: executing functools.partial(<built-in method close of sqlite3.Connection object at 0x0000018C4DB5A110>)
2026-08-30 01:04:33,956 [DEBUG] aiosqlite: operation functools.partial(<built-in method close of sqlite3.Connection object at 0x0000018C4DB5A110>) completed
2026-08-30 01:04:38,986 [DEBUG] aiosqlite: executing <function connect.<locals>.connector at 0x0000018C4DB7E340>
2026-08-30 01:04:38,988 [DEBUG] aiosqlite: operation <function connect.<locals>.connector at 0x0000018C4DB7E340> completed
2026-08-30 01:04:38,988 [DEBUG] aiosqlite: executing functools.partial(<built-in method create_function of sqlite3.Connection object at 0x0000018C4DB59990>, 'regexp', 2, <function SQLiteDialect_pysqlite.on_connect.<locals>.regexp at 0x0000018C4AFFA660>, deterministic=True)
2026-08-30 01:04:38,988 [DEBUG] aiosqlite: operation functools.partial(<built-in method create_function of sqlite3.Connection object at 0x0000018C4DB59990>, 'regexp', 2, <function SQLiteDialect_pysqlite.on_connect.<locals>.regexp at 0x0000018C4AFFA660>, deterministic=True) completed
2026-08-30 01:04:38,988 [DEBUG] aiosqlite: executing functools.partial(<built-in method create_function of sqlite3.Connection object at 0x0000018C4DB59990>, 'floor', 1, <built-in function floor>, deterministic=True)
2026-08-30 01:04:38,989 [DEBUG] aiosqlite: operation functools.partial(<built-in method create_function of sqlite3.Connection object at 0x0000018C4DB59990>, 'floor', 1, <built-in function floor>, deterministic=True) completed
2026-08-30 01:04:38,989 [INFO] sqlalchemy.engine.Engine: BEGIN (implicit)
2026-08-30 01:04:38,989 [INFO] sqlalchemy.engine.Engine: SELECT task.id, task.story_id, task.status, task.progress, task.current_step, task.retry_count, task.error_message, task.created_at, task.updated_at 
FROM task 
WHERE task.id = ?
2026-08-30 01:04:38,989 [INFO] sqlalchemy.engine.Engine: [cached since 115.8s ago] ('2773220ff25c46149fb7e0fbe8bfafca',)
2026-08-30 01:04:38,989 [DEBUG] aiosqlite: executing functools.partial(<built-in method cursor of sqlite3.Connection object at 0x0000018C4DB59990>)
2026-08-30 01:04:38,989 [DEBUG] aiosqlite: operation functools.partial(<built-in method cursor of sqlite3.Connection object at 0x0000018C4DB59990>) completed
2026-08-30 01:04:38,989 [DEBUG] aiosqlite: executing functools.partial(<built-in method execute of sqlite3.Cursor object at 0x0000018C4DB837C0>, 'SELECT task.id, task.story_id, task.status, task.progress, task.current_step, task.retry_count, task.error_message, task.created_at, task.updated_at \nFROM task \nWHERE task.id = ?', ('2773220ff25c46149fb7e0fbe8bfafca',))
2026-08-30 01:04:38,989 [DEBUG] aiosqlite: operation functools.partial(<built-in method execute of sqlite3.Cursor object at 0x0000018C4DB837C0>, 'SELECT task.id, task.story_id, task.status, task.progress, task.current_step, task.retry_count, task.error_message, task.created_at, task.updated_at \nFROM task \nWHERE task.id = ?', ('2773220ff25c46149fb7e0fbe8bfafca',)) completed
2026-08-30 01:04:38,989 [DEBUG] aiosqlite: executing functools.partial(<built-in method fetchall of sqlite3.Cursor object at 0x0000018C4DB837C0>)
2026-08-30 01:04:38,991 [DEBUG] aiosqlite: operation functools.partial(<built-in method fetchall of sqlite3.Cursor object at 0x0000018C4DB837C0>) completed
2026-08-30 01:04:38,991 [DEBUG] aiosqlite: executing functools.partial(<built-in method close of sqlite3.Cursor object at 0x0000018C4DB837C0>)
2026-08-30 01:04:38,991 [DEBUG] aiosqlite: operation functools.partial(<built-in method close of sqlite3.Cursor object at 0x0000018C4DB837C0>) completed
2026-08-30 01:04:38,991 [INFO] sqlalchemy.engine.Engine: COMMIT
2026-08-30 01:04:38,991 [DEBUG] aiosqlite: executing functools.partial(<built-in method commit of sqlite3.Connection object at 0x0000018C4DB59990>)
2026-08-30 01:04:38,991 [DEBUG] aiosqlite: operation functools.partial(<built-in method commit of sqlite3.Connection object at 0x0000018C4DB59990>) completed
2026-08-30 01:04:38,991 [DEBUG] aiosqlite: executing functools.partial(<built-in method rollback of sqlite3.Connection object at 0x0000018C4DB59990>)
2026-08-30 01:04:38,991 [DEBUG] aiosqlite: operation functools.partial(<built-in method rollback of sqlite3.Connection object at 0x0000018C4DB59990>) completed
2026-08-30 01:04:38,991 [DEBUG] aiosqlite: executing functools.partial(<built-in method close of sqlite3.Connection object at 0x0000018C4DB59990>)
2026-08-30 01:04:38,991 [DEBUG] aiosqlite: operation functools.partial(<built-in method close of sqlite3.Connection object at 0x0000018C4DB59990>) completed
2026-08-30 01:04:44,001 [DEBUG] aiosqlite: executing <function connect.<locals>.connector at 0x0000018C4DB7E520>
2026-08-30 01:04:44,011 [DEBUG] aiosqlite: operation <function connect.<locals>.connector at 0x0000018C4DB7E520> completed
2026-08-30 01:04:44,011 [DEBUG] aiosqlite: executing functools.partial(<built-in method create_function of sqlite3.Connection object at 0x0000018C4DBC4040>, 'regexp', 2, <function SQLiteDialect_pysqlite.on_connect.<locals>.regexp at 0x0000018C4AFFA660>, deterministic=True)
2026-08-30 01:04:44,011 [DEBUG] aiosqlite: operation functools.partial(<built-in method create_function of sqlite3.Connection object at 0x0000018C4DBC4040>, 'regexp', 2, <function SQLiteDialect_pysqlite.on_connect.<locals>.regexp at 0x0000018C4AFFA660>, deterministic=True) completed
2026-08-30 01:04:44,011 [DEBUG] aiosqlite: executing functools.partial(<built-in method create_function of sqlite3.Connection object at 0x0000018C4DBC4040>, 'floor', 1, <built-in function floor>, deterministic=True)
2026-08-30 01:04:44,011 [DEBUG] aiosqlite: operation functools.partial(<built-in method create_function of sqlite3.Connection object at 0x0000018C4DBC4040>, 'floor', 1, <built-in function floor>, deterministic=True) completed
2026-08-30 01:04:44,011 [INFO] sqlalchemy.engine.Engine: BEGIN (implicit)
2026-08-30 01:04:44,011 [INFO] sqlalchemy.engine.Engine: SELECT task.id, task.story_id, task.status, task.progress, task.current_step, task.retry_count, task.error_message, task.created_at, task.updated_at 
FROM task 
WHERE task.id = ?
2026-08-30 01:04:44,014 [INFO] sqlalchemy.engine.Engine: [cached since 120.8s ago] ('2773220ff25c46149fb7e0fbe8bfafca',)
2026-08-30 01:04:44,014 [DEBUG] aiosqlite: executing functools.partial(<built-in method cursor of sqlite3.Connection object at 0x0000018C4DBC4040>)
2026-08-30 01:04:44,014 [DEBUG] aiosqlite: operation functools.partial(<built-in method cursor of sqlite3.Connection object at 0x0000018C4DBC4040>) completed
2026-08-30 01:04:44,014 [DEBUG] aiosqlite: executing functools.partial(<built-in method execute of sqlite3.Cursor object at 0x0000018C4DB83E40>, 'SELECT task.id, task.story_id, task.status, task.progress, task.current_step, task.retry_count, task.error_message, task.created_at, task.updated_at \nFROM task \nWHERE task.id = ?', ('2773220ff25c46149fb7e0fbe8bfafca',))
2026-08-30 01:04:44,014 [DEBUG] aiosqlite: operation functools.partial(<built-in method execute of sqlite3.Cursor object at 0x0000018C4DB83E40>, 'SELECT task.id, task.story_id, task.status, task.progress, task.current_step, task.retry_count, task.error_message, task.created_at, task.updated_at \nFROM task \nWHERE task.id = ?', ('2773220ff25c46149fb7e0fbe8bfafca',)) completed
2026-08-30 01:04:44,014 [DEBUG] aiosqlite: executing functools.partial(<built-in method fetchall of sqlite3.Cursor object at 0x0000018C4DB83E40>)
2026-08-30 01:04:44,014 [DEBUG] aiosqlite: operation functools.partial(<built-in method fetchall of sqlite3.Cursor object at 0x0000018C4DB83E40>) completed
2026-08-30 01:04:44,014 [DEBUG] aiosqlite: executing functools.partial(<built-in method close of sqlite3.Cursor object at 0x0000018C4DB83E40>)
2026-08-30 01:04:44,014 [DEBUG] aiosqlite: operation functools.partial(<built-in method close of sqlite3.Cursor object at 0x0000018C4DB83E40>) completed
2026-08-30 01:04:44,014 [INFO] sqlalchemy.engine.Engine: COMMIT
2026-08-30 01:04:44,014 [DEBUG] aiosqlite: executing functools.partial(<built-in method commit of sqlite3.Connection object at 0x0000018C4DBC4040>)
2026-08-30 01:04:44,014 [DEBUG] aiosqlite: operation functools.partial(<built-in method commit of sqlite3.Connection object at 0x0000018C4DBC4040>) completed
2026-08-30 01:04:44,014 [DEBUG] aiosqlite: executing functools.partial(<built-in method rollback of sqlite3.Connection object at 0x0000018C4DBC4040>)
2026-08-30 01:04:44,014 [DEBUG] aiosqlite: operation functools.partial(<built-in method rollback of sqlite3.Connection object at 0x0000018C4DBC4040>) completed
2026-08-30 01:04:44,014 [DEBUG] aiosqlite: executing functools.partial(<built-in method close of sqlite3.Connection object at 0x0000018C4DBC4040>)
2026-08-30 01:04:44,014 [DEBUG] aiosqlite: operation functools.partial(<built-in method close of sqlite3.Connection object at 0x0000018C4DBC4040>) completed
2026-08-30 01:04:49,042 [DEBUG] aiosqlite: executing <function connect.<locals>.connector at 0x0000018C4DB7EB60>
2026-08-30 01:04:49,042 [DEBUG] aiosqlite: operation <function connect.<locals>.connector at 0x0000018C4DB7EB60> completed
2026-08-30 01:04:49,044 [DEBUG] aiosqlite: executing functools.partial(<built-in method create_function of sqlite3.Connection object at 0x0000018C4DBC4220>, 'regexp', 2, <function SQLiteDialect_pysqlite.on_connect.<locals>.regexp at 0x0000018C4AFFA660>, deterministic=True)
2026-08-30 01:04:49,044 [DEBUG] aiosqlite: operation functools.partial(<built-in method create_function of sqlite3.Connection object at 0x0000018C4DBC4220>, 'regexp', 2, <function SQLiteDialect_pysqlite.on_connect.<locals>.regexp at 0x0000018C4AFFA660>, deterministic=True) completed
2026-08-30 01:04:49,045 [DEBUG] aiosqlite: executing functools.partial(<built-in method create_function of sqlite3.Connection object at 0x0000018C4DBC4220>, 'floor', 1, <built-in function floor>, deterministic=True)
2026-08-30 01:04:49,046 [DEBUG] aiosqlite: operation functools.partial(<built-in method create_function of sqlite3.Connection object at 0x0000018C4DBC4220>, 'floor', 1, <built-in function floor>, deterministic=True) completed
2026-08-30 01:04:49,046 [INFO] sqlalchemy.engine.Engine: BEGIN (implicit)
2026-08-30 01:04:49,047 [INFO] sqlalchemy.engine.Engine: SELECT task.id, task.story_id, task.status, task.progress, task.current_step, task.retry_count, task.error_message, task.created_at, task.updated_at 
FROM task 
WHERE task.id = ?
2026-08-30 01:04:49,047 [INFO] sqlalchemy.engine.Engine: [cached since 125.8s ago] ('2773220ff25c46149fb7e0fbe8bfafca',)
2026-08-30 01:04:49,047 [DEBUG] aiosqlite: executing functools.partial(<built-in method cursor of sqlite3.Connection object at 0x0000018C4DBC4220>)
2026-08-30 01:04:49,047 [DEBUG] aiosqlite: operation functools.partial(<built-in method cursor of sqlite3.Connection object at 0x0000018C4DBC4220>) completed
2026-08-30 01:04:49,048 [DEBUG] aiosqlite: executing functools.partial(<built-in method execute of sqlite3.Cursor object at 0x0000018C4DBB8B40>, 'SELECT task.id, task.story_id, task.status, task.progress, task.current_step, task.retry_count, task.error_message, task.created_at, task.updated_at \nFROM task \nWHERE task.id = ?', ('2773220ff25c46149fb7e0fbe8bfafca',))
2026-08-30 01:04:49,049 [DEBUG] aiosqlite: operation functools.partial(<built-in method execute of sqlite3.Cursor object at 0x0000018C4DBB8B40>, 'SELECT task.id, task.story_id, task.status, task.progress, task.current_step, task.retry_count, task.error_message, task.created_at, task.updated_at \nFROM task \nWHERE task.id = ?', ('2773220ff25c46149fb7e0fbe8bfafca',)) completed
2026-08-30 01:04:49,049 [DEBUG] aiosqlite: executing functools.partial(<built-in method fetchall of sqlite3.Cursor object at 0x0000018C4DBB8B40>)
2026-08-30 01:04:49,049 [DEBUG] aiosqlite: operation functools.partial(<built-in method fetchall of sqlite3.Cursor object at 0x0000018C4DBB8B40>) completed
2026-08-30 01:04:49,049 [DEBUG] aiosqlite: executing functools.partial(<built-in method close of sqlite3.Cursor object at 0x0000018C4DBB8B40>)
2026-08-30 01:04:49,050 [DEBUG] aiosqlite: operation functools.partial(<built-in method close of sqlite3.Cursor object at 0x0000018C4DBB8B40>) completed
2026-08-30 01:04:49,050 [INFO] sqlalchemy.engine.Engine: COMMIT
2026-08-30 01:04:49,050 [DEBUG] aiosqlite: executing functools.partial(<built-in method commit of sqlite3.Connection object at 0x0000018C4DBC4220>)
2026-08-30 01:04:49,050 [DEBUG] aiosqlite: operation functools.partial(<built-in method commit of sqlite3.Connection object at 0x0000018C4DBC4220>) completed
2026-08-30 01:04:49,051 [DEBUG] aiosqlite: executing functools.partial(<built-in method rollback of sqlite3.Connection object at 0x0000018C4DBC4220>)
2026-08-30 01:04:49,051 [DEBUG] aiosqlite: operation functools.partial(<built-in method rollback of sqlite3.Connection object at 0x0000018C4DBC4220>) completed
2026-08-30 01:04:49,051 [DEBUG] aiosqlite: executing functools.partial(<built-in method close of sqlite3.Connection object at 0x0000018C4DBC4220>)
2026-08-30 01:04:49,051 [DEBUG] aiosqlite: operation functools.partial(<built-in method close of sqlite3.Connection object at 0x0000018C4DBC4220>) completed
2026-08-30 01:04:54,058 [DEBUG] aiosqlite: executing <function connect.<locals>.connector at 0x0000018C4DB7E0C0>
2026-08-30 01:04:54,061 [DEBUG] aiosqlite: operation <function connect.<locals>.connector at 0x0000018C4DB7E0C0> completed
2026-08-30 01:04:54,061 [DEBUG] aiosqlite: executing functools.partial(<built-in method create_function of sqlite3.Connection object at 0x0000018C4DBC44F0>, 'regexp', 2, <function SQLiteDialect_pysqlite.on_connect.<locals>.regexp at 0x0000018C4AFFA660>, deterministic=True)
2026-08-30 01:04:54,061 [DEBUG] aiosqlite: operation functools.partial(<built-in method create_function of sqlite3.Connection object at 0x0000018C4DBC44F0>, 'regexp', 2, <function SQLiteDialect_pysqlite.on_connect.<locals>.regexp at 0x0000018C4AFFA660>, deterministic=True) completed
2026-08-30 01:04:54,064 [DEBUG] aiosqlite: executing functools.partial(<built-in method create_function of sqlite3.Connection object at 0x0000018C4DBC44F0>, 'floor', 1, <built-in function floor>, deterministic=True)
2026-08-30 01:04:54,064 [DEBUG] aiosqlite: operation functools.partial(<built-in method create_function of sqlite3.Connection object at 0x0000018C4DBC44F0>, 'floor', 1, <built-in function floor>, deterministic=True) completed
2026-08-30 01:04:54,064 [INFO] sqlalchemy.engine.Engine: BEGIN (implicit)
2026-08-30 01:04:54,064 [INFO] sqlalchemy.engine.Engine: SELECT task.id, task.story_id, task.status, task.progress, task.current_step, task.retry_count, task.error_message, task.created_at, task.updated_at 
FROM task 
WHERE task.id = ?
2026-08-30 01:04:54,064 [INFO] sqlalchemy.engine.Engine: [cached since 130.8s ago] ('2773220ff25c46149fb7e0fbe8bfafca',)
2026-08-30 01:04:54,064 [DEBUG] aiosqlite: executing functools.partial(<built-in method cursor of sqlite3.Connection object at 0x0000018C4DBC44F0>)
2026-08-30 01:04:54,064 [DEBUG] aiosqlite: operation functools.partial(<built-in method cursor of sqlite3.Connection object at 0x0000018C4DBC44F0>) completed
2026-08-30 01:04:54,064 [DEBUG] aiosqlite: executing functools.partial(<built-in method execute of sqlite3.Cursor object at 0x0000018C4DBB85C0>, 'SELECT task.id, task.story_id, task.status, task.progress, task.current_step, task.retry_count, task.error_message, task.created_at, task.updated_at \nFROM task \nWHERE task.id = ?', ('2773220ff25c46149fb7e0fbe8bfafca',))
2026-08-30 01:04:54,064 [DEBUG] aiosqlite: operation functools.partial(<built-in method execute of sqlite3.Cursor object at 0x0000018C4DBB85C0>, 'SELECT task.id, task.story_id, task.status, task.progress, task.current_step, task.retry_count, task.error_message, task.created_at, task.updated_at \nFROM task \nWHERE task.id = ?', ('2773220ff25c46149fb7e0fbe8bfafca',)) completed
2026-08-30 01:04:54,064 [DEBUG] aiosqlite: executing functools.partial(<built-in method fetchall of sqlite3.Cursor object at 0x0000018C4DBB85C0>)
2026-08-30 01:04:54,064 [DEBUG] aiosqlite: operation functools.partial(<built-in method fetchall of sqlite3.Cursor object at 0x0000018C4DBB85C0>) completed
2026-08-30 01:04:54,064 [DEBUG] aiosqlite: executing functools.partial(<built-in method close of sqlite3.Cursor object at 0x0000018C4DBB85C0>)
2026-08-30 01:04:54,064 [DEBUG] aiosqlite: operation functools.partial(<built-in method close of sqlite3.Cursor object at 0x0000018C4DBB85C0>) completed
2026-08-30 01:04:54,064 [INFO] sqlalchemy.engine.Engine: COMMIT
2026-08-30 01:04:54,064 [DEBUG] aiosqlite: executing functools.partial(<built-in method commit of sqlite3.Connection object at 0x0000018C4DBC44F0>)
2026-08-30 01:04:54,064 [DEBUG] aiosqlite: operation functools.partial(<built-in method commit of sqlite3.Connection object at 0x0000018C4DBC44F0>) completed
2026-08-30 01:04:54,064 [DEBUG] aiosqlite: executing functools.partial(<built-in method rollback of sqlite3.Connection object at 0x0000018C4DBC44F0>)
2026-08-30 01:04:54,064 [DEBUG] aiosqlite: operation functools.partial(<built-in method rollback of sqlite3.Connection object at 0x0000018C4DBC44F0>) completed
2026-08-30 01:04:54,064 [DEBUG] aiosqlite: executing functools.partial(<built-in method close of sqlite3.Connection object at 0x0000018C4DBC44F0>)
2026-08-30 01:04:54,064 [DEBUG] aiosqlite: operation functools.partial(<built-in method close of sqlite3.Connection object at 0x0000018C4DBC44F0>) completed
2026-08-30 01:04:59,088 [DEBUG] aiosqlite: executing <function connect.<locals>.connector at 0x0000018C4DB7EFC0>
2026-08-30 01:04:59,100 [DEBUG] aiosqlite: operation <function connect.<locals>.connector at 0x0000018C4DB7EFC0> completed
2026-08-30 01:04:59,100 [DEBUG] aiosqlite: executing functools.partial(<built-in method create_function of sqlite3.Connection object at 0x0000018C4DBC47C0>, 'regexp', 2, <function SQLiteDialect_pysqlite.on_connect.<locals>.regexp at 0x0000018C4AFFA660>, deterministic=True)
2026-08-30 01:04:59,100 [DEBUG] aiosqlite: operation functools.partial(<built-in method create_function of sqlite3.Connection object at 0x0000018C4DBC47C0>, 'regexp', 2, <function SQLiteDialect_pysqlite.on_connect.<locals>.regexp at 0x0000018C4AFFA660>, deterministic=True) completed
2026-08-30 01:04:59,100 [DEBUG] aiosqlite: executing functools.partial(<built-in method create_function of sqlite3.Connection object at 0x0000018C4DBC47C0>, 'floor', 1, <built-in function floor>, deterministic=True)
2026-08-30 01:04:59,100 [DEBUG] aiosqlite: operation functools.partial(<built-in method create_function of sqlite3.Connection object at 0x0000018C4DBC47C0>, 'floor', 1, <built-in function floor>, deterministic=True) completed
2026-08-30 01:04:59,100 [INFO] sqlalchemy.engine.Engine: BEGIN (implicit)
2026-08-30 01:04:59,100 [INFO] sqlalchemy.engine.Engine: SELECT task.id, task.story_id, task.status, task.progress, task.current_step, task.retry_count, task.error_message, task.created_at, task.updated_at 
FROM task 
WHERE task.id = ?
2026-08-30 01:04:59,100 [INFO] sqlalchemy.engine.Engine: [cached since 135.9s ago] ('2773220ff25c46149fb7e0fbe8bfafca',)
2026-08-30 01:04:59,100 [DEBUG] aiosqlite: executing functools.partial(<built-in method cursor of sqlite3.Connection object at 0x0000018C4DBC47C0>)
2026-08-30 01:04:59,100 [DEBUG] aiosqlite: operation functools.partial(<built-in method cursor of sqlite3.Connection object at 0x0000018C4DBC47C0>) completed
2026-08-30 01:04:59,100 [DEBUG] aiosqlite: executing functools.partial(<built-in method execute of sqlite3.Cursor object at 0x0000018C4DBB8340>, 'SELECT task.id, task.story_id, task.status, task.progress, task.current_step, task.retry_count, task.error_message, task.created_at, task.updated_at \nFROM task \nWHERE task.id = ?', ('2773220ff25c46149fb7e0fbe8bfafca',))
2026-08-30 01:04:59,100 [DEBUG] aiosqlite: operation functools.partial(<built-in method execute of sqlite3.Cursor object at 0x0000018C4DBB8340>, 'SELECT task.id, task.story_id, task.status, task.progress, task.current_step, task.retry_count, task.error_message, task.created_at, task.updated_at \nFROM task \nWHERE task.id = ?', ('2773220ff25c46149fb7e0fbe8bfafca',)) completed
2026-08-30 01:04:59,100 [DEBUG] aiosqlite: executing functools.partial(<built-in method fetchall of sqlite3.Cursor object at 0x0000018C4DBB8340>)
2026-08-30 01:04:59,100 [DEBUG] aiosqlite: operation functools.partial(<built-in method fetchall of sqlite3.Cursor object at 0x0000018C4DBB8340>) completed
2026-08-30 01:04:59,100 [DEBUG] aiosqlite: executing functools.partial(<built-in method close of sqlite3.Cursor object at 0x0000018C4DBB8340>)
2026-08-30 01:04:59,100 [DEBUG] aiosqlite: operation functools.partial(<built-in method close of sqlite3.Cursor object at 0x0000018C4DBB8340>) completed
2026-08-30 01:04:59,100 [INFO] sqlalchemy.engine.Engine: COMMIT
2026-08-30 01:04:59,100 [DEBUG] aiosqlite: executing functools.partial(<built-in method commit of sqlite3.Connection object at 0x0000018C4DBC47C0>)
2026-08-30 01:04:59,100 [DEBUG] aiosqlite: operation functools.partial(<built-in method commit of sqlite3.Connection object at 0x0000018C4DBC47C0>) completed
2026-08-30 01:04:59,100 [DEBUG] aiosqlite: executing functools.partial(<built-in method rollback of sqlite3.Connection object at 0x0000018C4DBC47C0>)
2026-08-30 01:04:59,100 [DEBUG] aiosqlite: operation functools.partial(<built-in method rollback of sqlite3.Connection object at 0x0000018C4DBC47C0>) completed
2026-08-30 01:04:59,100 [DEBUG] aiosqlite: executing functools.partial(<built-in method close of sqlite3.Connection object at 0x0000018C4DBC47C0>)
2026-08-30 01:04:59,100 [DEBUG] aiosqlite: operation functools.partial(<built-in method close of sqlite3.Connection object at 0x0000018C4DBC47C0>) completed
2026-08-30 01:05:03,502 [DEBUG] httpcore.http11: receive_response_body.complete
2026-08-30 01:05:03,510 [DEBUG] httpcore.http11: response_closed.started
2026-08-30 01:05:03,510 [DEBUG] httpcore.http11: response_closed.complete
2026-08-30 01:05:03,510 [DEBUG] openai._base_client: HTTP Response: POST https://api.deepseek.com/v1/chat/completions "200 OK" Headers({'server': 'openresty', 'content-type': 'application/json', 'vary': 'origin, access-control-request-method, access-control-request-headers', 'access-control-allow-credentials': 'true', 'x-ds-trace-id': '0cf570043df2a6df5c46dde685acebbe', 'strict-transport-security': 'max-age=31536000; includeSubDomains; preload', 'x-content-type-options': 'nosniff', 'transfer-encoding': 'chunked', 'connection': 'keep-alive', 'date': 'Sat, 29 Aug 2026 17:02:44 GMT', 'eo-log-uuid': '17368355330251005477', 'eo-cache-status': 'MISS'})
2026-08-30 01:05:03,512 [DEBUG] openai._base_client: request_id: None
2026-08-30 01:05:03,514 [WARNING] agents.script_agent: Script agent retry 1/3 after error: Invalid json output: 
For troubleshooting, visit: https://python.langchain.com/docs/troubleshooting/errors/OUTPUT_PARSING_FAILURE 
2026-08-30 01:05:04,131 [DEBUG] aiosqlite: executing <function connect.<locals>.connector at 0x0000018C4DC31300>
2026-08-30 01:05:04,140 [DEBUG] aiosqlite: operation <function connect.<locals>.connector at 0x0000018C4DC31300> completed
2026-08-30 01:05:04,141 [DEBUG] aiosqlite: executing functools.partial(<built-in method create_function of sqlite3.Connection object at 0x0000018C4DB5A200>, 'regexp', 2, <function SQLiteDialect_pysqlite.on_connect.<locals>.regexp at 0x0000018C4AFFA660>, deterministic=True)
2026-08-30 01:05:04,141 [DEBUG] aiosqlite: operation functools.partial(<built-in method create_function of sqlite3.Connection object at 0x0000018C4DB5A200>, 'regexp', 2, <function SQLiteDialect_pysqlite.on_connect.<locals>.regexp at 0x0000018C4AFFA660>, deterministic=True) completed
2026-08-30 01:05:04,142 [DEBUG] aiosqlite: executing functools.partial(<built-in method create_function of sqlite3.Connection object at 0x0000018C4DB5A200>, 'floor', 1, <built-in function floor>, deterministic=True)
2026-08-30 01:05:04,143 [DEBUG] aiosqlite: operation functools.partial(<built-in method create_function of sqlite3.Connection object at 0x0000018C4DB5A200>, 'floor', 1, <built-in function floor>, deterministic=True) completed
2026-08-30 01:05:04,143 [INFO] sqlalchemy.engine.Engine: BEGIN (implicit)
2026-08-30 01:05:04,143 [INFO] sqlalchemy.engine.Engine: SELECT task.id, task.story_id, task.status, task.progress, task.current_step, task.retry_count, task.error_message, task.created_at, task.updated_at 
FROM task 
WHERE task.id = ?
2026-08-30 01:05:04,143 [INFO] sqlalchemy.engine.Engine: [cached since 140.9s ago] ('2773220ff25c46149fb7e0fbe8bfafca',)
2026-08-30 01:05:04,143 [DEBUG] aiosqlite: executing functools.partial(<built-in method cursor of sqlite3.Connection object at 0x0000018C4DB5A200>)
2026-08-30 01:05:04,143 [DEBUG] aiosqlite: operation functools.partial(<built-in method cursor of sqlite3.Connection object at 0x0000018C4DB5A200>) completed
2026-08-30 01:05:04,143 [DEBUG] aiosqlite: executing functools.partial(<built-in method execute of sqlite3.Cursor object at 0x0000018C4DAE4F40>, 'SELECT task.id, task.story_id, task.status, task.progress, task.current_step, task.retry_count, task.error_message, task.created_at, task.updated_at \nFROM task \nWHERE task.id = ?', ('2773220ff25c46149fb7e0fbe8bfafca',))
2026-08-30 01:05:04,143 [DEBUG] aiosqlite: operation functools.partial(<built-in method execute of sqlite3.Cursor object at 0x0000018C4DAE4F40>, 'SELECT task.id, task.story_id, task.status, task.progress, task.current_step, task.retry_count, task.error_message, task.created_at, task.updated_at \nFROM task \nWHERE task.id = ?', ('2773220ff25c46149fb7e0fbe8bfafca',)) completed
2026-08-30 01:05:04,143 [DEBUG] aiosqlite: executing functools.partial(<built-in method fetchall of sqlite3.Cursor object at 0x0000018C4DAE4F40>)
2026-08-30 01:05:04,143 [DEBUG] aiosqlite: operation functools.partial(<built-in method fetchall of sqlite3.Cursor object at 0x0000018C4DAE4F40>) completed
2026-08-30 01:05:04,143 [DEBUG] aiosqlite: executing functools.partial(<built-in method close of sqlite3.Cursor object at 0x0000018C4DAE4F40>)
2026-08-30 01:05:04,143 [DEBUG] aiosqlite: operation functools.partial(<built-in method close of sqlite3.Cursor object at 0x0000018C4DAE4F40>) completed
2026-08-30 01:05:04,143 [INFO] sqlalchemy.engine.Engine: COMMIT
2026-08-30 01:05:04,143 [DEBUG] aiosqlite: executing functools.partial(<built-in method commit of sqlite3.Connection object at 0x0000018C4DB5A200>)
2026-08-30 01:05:04,143 [DEBUG] aiosqlite: operation functools.partial(<built-in method commit of sqlite3.Connection object at 0x0000018C4DB5A200>) completed
2026-08-30 01:05:04,143 [DEBUG] aiosqlite: executing functools.partial(<built-in method rollback of sqlite3.Connection object at 0x0000018C4DB5A200>)
2026-08-30 01:05:04,143 [DEBUG] aiosqlite: operation functools.partial(<built-in method rollback of sqlite3.Connection object at 0x0000018C4DB5A200>) completed
2026-08-30 01:05:04,143 [DEBUG] aiosqlite: executing functools.partial(<built-in method close of sqlite3.Connection object at 0x0000018C4DB5A200>)
2026-08-30 01:05:04,143 [DEBUG] aiosqlite: operation functools.partial(<built-in method close of sqlite3.Connection object at 0x0000018C4DB5A200>) completed
2026-08-30 01:05:05,517 [DEBUG] openai._base_client: Request options: {'method': 'post', 'url': '/chat/completions', 'files': None, 'idempotency_key': 'stainless-python-retry-a7bfc1d1-2b93-43f8-af04-05c447f2e8ef', 'json_data': {'messages': [{'content': '你是一位顶级短剧编剧，擅长创作引人入胜、节奏紧凑、情感张力十足的竖屏短剧剧本。\n你的作品在抖音、快手等平台有极高的观众留存率和分享率。\n\n编剧原则：\n1. **黄金三秒**：每集开头必须在3秒内抓住观众注意力（冲突、悬念、反转）\n2. **情绪过山车**：每集要有明确的情绪起伏——从平静到紧张、从绝望到希望\n3. **悬念钩子**：每集结尾必须有强烈的悬念或反转，让观众忍不住看下一集\n4. **人物鲜明**：每个角色都要有独特的说话方式、性格标签和行为习惯\n5. **对话精炼**：每句台词都要推动剧情或揭示人物，拒绝废话\n6. **场景具体**：每个场景都要有明确的时间、地点、氛围描写\n\n输出格式要求：\n- 剧集数量：根据故事复杂度，生成3-6集短剧\n- 每集时长：适合1-3分钟的视频呈现（约200-500字对话/旁白）\n- 人物数量：3-6个主要角色\n\n请严格按照JSON Schema输出，确保数据完整、格式正确。\n', 'role': 'system'}, {'content': '请根据以下需求创作一部短剧剧本：\n\n**用户需求**：一个失意的少年程序员在雨夜捡到一只会说话的猫，这只猫自称是异世界的守护者，两人从此结伴展开奇幻冒险\n**题材类型**：奇幻\n\n请生成完整的短剧剧本，包括：\n1. 剧情大纲（200-300字，包含主线和关键转折）\n2. 角色设定（每个角色的详细描述）\n3. 分集剧本（每集的完整对话和舞台指示）\n\nThe output should be formatted as a JSON instance that conforms to the JSON schema below.\n\nAs an example, for the schema {"properties": {"foo": {"title": "Foo", "description": "a list of strings", "type": "array", "items": {"type": "string"}}}, "required": ["foo"]}\nthe object {"foo": ["bar", "baz"]} is a well-formatted instance of the schema. The object {"properties": {"foo": ["bar", "baz"]}} is not well-formatted.\n\nHere is the output schema:\n```\n{"$defs": {"CharacterCard": {"properties": {"name": {"title": "Name", "type": "string"}, "gender": {"default": "unknown", "title": "Gender", "type": "string"}, "age": {"anyOf": [{"type": "integer"}, {"type": "null"}], "default": null, "title": "Age"}, "appearance": {"default": {}, "title": "Appearance", "type": "object"}, "personality": {"default": {}, "title": "Personality", "type": "object"}}, "required": ["name"], "title": "CharacterCard", "type": "object"}, "EpisodeData": {"properties": {"episode_no": {"title": "Episode No", "type": "integer"}, "title": {"title": "Title", "type": "string"}, "summary": {"title": "Summary", "type": "string"}, "script": {"title": "Script", "type": "string"}, "characters": {"default": [], "items": {"type": "string"}, "title": "Characters", "type": "array"}}, "required": ["episode_no", "title", "summary", "script"], "title": "EpisodeData", "type": "object"}}, "properties": {"outline": {"title": "Outline", "type": "string"}, "characters": {"items": {"$ref": "#/$defs/CharacterCard"}, "title": "Characters", "type": "array"}, "episodes": {"items": {"$ref": "#/$defs/EpisodeData"}, "title": "Episodes", "type": "array"}}, "required": ["outline", "characters", "episodes"]}\n```\n', 'role': 'user'}], 'model': 'deepseek-v4-flash', 'max_tokens': 16384, 'n': 1, 'stream': False, 'temperature': 0.8}}
2026-08-30 01:05:05,519 [DEBUG] openai._base_client: Sending HTTP Request: POST https://api.deepseek.com/v1/chat/completions
2026-08-30 01:05:05,520 [DEBUG] httpcore.http11: send_request_headers.started request=<Request [b'POST']>
2026-08-30 01:05:05,520 [DEBUG] httpcore.http11: send_request_headers.complete
2026-08-30 01:05:05,521 [DEBUG] httpcore.http11: send_request_body.started request=<Request [b'POST']>
2026-08-30 01:05:05,521 [DEBUG] httpcore.http11: send_request_body.complete
2026-08-30 01:05:05,521 [DEBUG] httpcore.http11: receive_response_headers.started request=<Request [b'POST']>
2026-08-30 01:05:05,600 [DEBUG] httpcore.http11: receive_response_headers.complete return_value=(b'HTTP/1.1', 200, b'OK', [(b'Server', b'openresty'), (b'Content-Type', b'application/json'), (b'vary', b'origin, access-control-request-method, access-control-request-headers'), (b'access-control-allow-credentials', b'true'), (b'x-ds-trace-id', b'7c6269dd4e32abf4e7c53339fdefdb82'), (b'Strict-Transport-Security', b'max-age=31536000; includeSubDomains; preload'), (b'X-Content-Type-Options', b'nosniff'), (b'Transfer-Encoding', b'chunked'), (b'Connection', b'keep-alive'), (b'Date', b'Sat, 29 Aug 2026 17:05:05 GMT'), (b'EO-LOG-UUID', b'16348592589447278394'), (b'EO-Cache-Status', b'MISS')])
2026-08-30 01:05:05,602 [INFO] httpx: HTTP Request: POST https://api.deepseek.com/v1/chat/completions "HTTP/1.1 200 OK"
2026-08-30 01:05:05,602 [DEBUG] httpcore.http11: receive_response_body.started request=<Request [b'POST']>
2026-08-30 01:05:09,160 [DEBUG] aiosqlite: executing <function connect.<locals>.connector at 0x0000018C4DC32CA0>
2026-08-30 01:05:09,168 [DEBUG] aiosqlite: operation <function connect.<locals>.connector at 0x0000018C4DC32CA0> completed
2026-08-30 01:05:09,168 [DEBUG] aiosqlite: executing functools.partial(<built-in method create_function of sqlite3.Connection object at 0x0000018C4DB5AD40>, 'regexp', 2, <function SQLiteDialect_pysqlite.on_connect.<locals>.regexp at 0x0000018C4AFFA660>, deterministic=True)
2026-08-30 01:05:09,168 [DEBUG] aiosqlite: operation functools.partial(<built-in method create_function of sqlite3.Connection object at 0x0000018C4DB5AD40>, 'regexp', 2, <function SQLiteDialect_pysqlite.on_connect.<locals>.regexp at 0x0000018C4AFFA660>, deterministic=True) completed
2026-08-30 01:05:09,168 [DEBUG] aiosqlite: executing functools.partial(<built-in method create_function of sqlite3.Connection object at 0x0000018C4DB5AD40>, 'floor', 1, <built-in function floor>, deterministic=True)
2026-08-30 01:05:09,168 [DEBUG] aiosqlite: operation functools.partial(<built-in method create_function of sqlite3.Connection object at 0x0000018C4DB5AD40>, 'floor', 1, <built-in function floor>, deterministic=True) completed
2026-08-30 01:05:09,168 [INFO] sqlalchemy.engine.Engine: BEGIN (implicit)
2026-08-30 01:05:09,168 [INFO] sqlalchemy.engine.Engine: SELECT task.id, task.story_id, task.status, task.progress, task.current_step, task.retry_count, task.error_message, task.created_at, task.updated_at 
FROM task 
WHERE task.id = ?
2026-08-30 01:05:09,168 [INFO] sqlalchemy.engine.Engine: [cached since 145.9s ago] ('2773220ff25c46149fb7e0fbe8bfafca',)
2026-08-30 01:05:09,168 [DEBUG] aiosqlite: executing functools.partial(<built-in method cursor of sqlite3.Connection object at 0x0000018C4DB5AD40>)
2026-08-30 01:05:09,168 [DEBUG] aiosqlite: operation functools.partial(<built-in method cursor of sqlite3.Connection object at 0x0000018C4DB5AD40>) completed
2026-08-30 01:05:09,168 [DEBUG] aiosqlite: executing functools.partial(<built-in method execute of sqlite3.Cursor object at 0x0000018C4D9FEAC0>, 'SELECT task.id, task.story_id, task.status, task.progress, task.current_step, task.retry_count, task.error_message, task.created_at, task.updated_at \nFROM task \nWHERE task.id = ?', ('2773220ff25c46149fb7e0fbe8bfafca',))
2026-08-30 01:05:09,168 [DEBUG] aiosqlite: operation functools.partial(<built-in method execute of sqlite3.Cursor object at 0x0000018C4D9FEAC0>, 'SELECT task.id, task.story_id, task.status, task.progress, task.current_step, task.retry_count, task.error_message, task.created_at, task.updated_at \nFROM task \nWHERE task.id = ?', ('2773220ff25c46149fb7e0fbe8bfafca',)) completed
2026-08-30 01:05:09,168 [DEBUG] aiosqlite: executing functools.partial(<built-in method fetchall of sqlite3.Cursor object at 0x0000018C4D9FEAC0>)
2026-08-30 01:05:09,168 [DEBUG] aiosqlite: operation functools.partial(<built-in method fetchall of sqlite3.Cursor object at 0x0000018C4D9FEAC0>) completed
2026-08-30 01:05:09,168 [DEBUG] aiosqlite: executing functools.partial(<built-in method close of sqlite3.Cursor object at 0x0000018C4D9FEAC0>)
2026-08-30 01:05:09,168 [DEBUG] aiosqlite: operation functools.partial(<built-in method close of sqlite3.Cursor object at 0x0000018C4D9FEAC0>) completed
2026-08-30 01:05:09,168 [INFO] sqlalchemy.engine.Engine: COMMIT
2026-08-30 01:05:09,168 [DEBUG] aiosqlite: executing functools.partial(<built-in method commit of sqlite3.Connection object at 0x0000018C4DB5AD40>)
2026-08-30 01:05:09,168 [DEBUG] aiosqlite: operation functools.partial(<built-in method commit of sqlite3.Connection object at 0x0000018C4DB5AD40>) completed
2026-08-30 01:05:09,168 [DEBUG] aiosqlite: executing functools.partial(<built-in method rollback of sqlite3.Connection object at 0x0000018C4DB5AD40>)
2026-08-30 01:05:09,168 [DEBUG] aiosqlite: operation functools.partial(<built-in method rollback of sqlite3.Connection object at 0x0000018C4DB5AD40>) completed
2026-08-30 01:05:09,168 [DEBUG] aiosqlite: executing functools.partial(<built-in method close of sqlite3.Connection object at 0x0000018C4DB5AD40>)
2026-08-30 01:05:09,168 [DEBUG] aiosqlite: operation functools.partial(<built-in method close of sqlite3.Connection object at 0x0000018C4DB5AD40>) completed
2026-08-30 01:05:14,184 [DEBUG] aiosqlite: executing <function connect.<locals>.connector at 0x0000018C4DC32D40>
2026-08-30 01:05:14,186 [DEBUG] aiosqlite: operation <function connect.<locals>.connector at 0x0000018C4DC32D40> completed
2026-08-30 01:05:14,187 [DEBUG] aiosqlite: executing functools.partial(<built-in method create_function of sqlite3.Connection object at 0x0000018C4DB5AF20>, 'regexp', 2, <function SQLiteDialect_pysqlite.on_connect.<locals>.regexp at 0x0000018C4AFFA660>, deterministic=True)
2026-08-30 01:05:14,187 [DEBUG] aiosqlite: operation functools.partial(<built-in method create_function of sqlite3.Connection object at 0x0000018C4DB5AF20>, 'regexp', 2, <function SQLiteDialect_pysqlite.on_connect.<locals>.regexp at 0x0000018C4AFFA660>, deterministic=True) completed
2026-08-30 01:05:14,187 [DEBUG] aiosqlite: executing functools.partial(<built-in method create_function of sqlite3.Connection object at 0x0000018C4DB5AF20>, 'floor', 1, <built-in function floor>, deterministic=True)
2026-08-30 01:05:14,189 [DEBUG] aiosqlite: operation functools.partial(<built-in method create_function of sqlite3.Connection object at 0x0000018C4DB5AF20>, 'floor', 1, <built-in function floor>, deterministic=True) completed
2026-08-30 01:05:14,189 [INFO] sqlalchemy.engine.Engine: BEGIN (implicit)
2026-08-30 01:05:14,190 [INFO] sqlalchemy.engine.Engine: SELECT task.id, task.story_id, task.status, task.progress, task.current_step, task.retry_count, task.error_message, task.created_at, task.updated_at 
FROM task 
WHERE task.id = ?
2026-08-30 01:05:14,190 [INFO] sqlalchemy.engine.Engine: [cached since 151s ago] ('2773220ff25c46149fb7e0fbe8bfafca',)
2026-08-30 01:05:14,190 [DEBUG] aiosqlite: executing functools.partial(<built-in method cursor of sqlite3.Connection object at 0x0000018C4DB5AF20>)
2026-08-30 01:05:14,190 [DEBUG] aiosqlite: operation functools.partial(<built-in method cursor of sqlite3.Connection object at 0x0000018C4DB5AF20>) completed
2026-08-30 01:05:14,191 [DEBUG] aiosqlite: executing functools.partial(<built-in method execute of sqlite3.Cursor object at 0x0000018C4DC2BC40>, 'SELECT task.id, task.story_id, task.status, task.progress, task.current_step, task.retry_count, task.error_message, task.created_at, task.updated_at \nFROM task \nWHERE task.id = ?', ('2773220ff25c46149fb7e0fbe8bfafca',))
2026-08-30 01:05:14,191 [DEBUG] aiosqlite: operation functools.partial(<built-in method execute of sqlite3.Cursor object at 0x0000018C4DC2BC40>, 'SELECT task.id, task.story_id, task.status, task.progress, task.current_step, task.retry_count, task.error_message, task.created_at, task.updated_at \nFROM task \nWHERE task.id = ?', ('2773220ff25c46149fb7e0fbe8bfafca',)) completed
2026-08-30 01:05:14,192 [DEBUG] aiosqlite: executing functools.partial(<built-in method fetchall of sqlite3.Cursor object at 0x0000018C4DC2BC40>)
2026-08-30 01:05:14,192 [DEBUG] aiosqlite: operation functools.partial(<built-in method fetchall of sqlite3.Cursor object at 0x0000018C4DC2BC40>) completed
2026-08-30 01:05:14,192 [DEBUG] aiosqlite: executing functools.partial(<built-in method close of sqlite3.Cursor object at 0x0000018C4DC2BC40>)
2026-08-30 01:05:14,192 [DEBUG] aiosqlite: operation functools.partial(<built-in method close of sqlite3.Cursor object at 0x0000018C4DC2BC40>) completed
2026-08-30 01:05:14,193 [INFO] sqlalchemy.engine.Engine: COMMIT
2026-08-30 01:05:14,193 [DEBUG] aiosqlite: executing functools.partial(<built-in method commit of sqlite3.Connection object at 0x0000018C4DB5AF20>)
2026-08-30 01:05:14,194 [DEBUG] aiosqlite: operation functools.partial(<built-in method commit of sqlite3.Connection object at 0x0000018C4DB5AF20>) completed
2026-08-30 01:05:14,194 [DEBUG] aiosqlite: executing functools.partial(<built-in method rollback of sqlite3.Connection object at 0x0000018C4DB5AF20>)
2026-08-30 01:05:14,195 [DEBUG] aiosqlite: operation functools.partial(<built-in method rollback of sqlite3.Connection object at 0x0000018C4DB5AF20>) completed
2026-08-30 01:05:14,195 [DEBUG] aiosqlite: executing functools.partial(<built-in method close of sqlite3.Connection object at 0x0000018C4DB5AF20>)
2026-08-30 01:05:14,195 [DEBUG] aiosqlite: operation functools.partial(<built-in method close of sqlite3.Connection object at 0x0000018C4DB5AF20>) completed
2026-08-30 01:05:19,201 [DEBUG] aiosqlite: executing <function connect.<locals>.connector at 0x0000018C4DC32CA0>
2026-08-30 01:05:19,210 [DEBUG] aiosqlite: operation <function connect.<locals>.connector at 0x0000018C4DC32CA0> completed
2026-08-30 01:05:19,210 [DEBUG] aiosqlite: executing functools.partial(<built-in method create_function of sqlite3.Connection object at 0x0000018C4DB5AE30>, 'regexp', 2, <function SQLiteDialect_pysqlite.on_connect.<locals>.regexp at 0x0000018C4AFFA660>, deterministic=True)
2026-08-30 01:05:19,210 [DEBUG] aiosqlite: operation functools.partial(<built-in method create_function of sqlite3.Connection object at 0x0000018C4DB5AE30>, 'regexp', 2, <function SQLiteDialect_pysqlite.on_connect.<locals>.regexp at 0x0000018C4AFFA660>, deterministic=True) completed
2026-08-30 01:05:19,210 [DEBUG] aiosqlite: executing functools.partial(<built-in method create_function of sqlite3.Connection object at 0x0000018C4DB5AE30>, 'floor', 1, <built-in function floor>, deterministic=True)
2026-08-30 01:05:19,210 [DEBUG] aiosqlite: operation functools.partial(<built-in method create_function of sqlite3.Connection object at 0x0000018C4DB5AE30>, 'floor', 1, <built-in function floor>, deterministic=True) completed
2026-08-30 01:05:19,210 [INFO] sqlalchemy.engine.Engine: BEGIN (implicit)
2026-08-30 01:05:19,210 [INFO] sqlalchemy.engine.Engine: SELECT task.id, task.story_id, task.status, task.progress, task.current_step, task.retry_count, task.error_message, task.created_at, task.updated_at 
FROM task 
WHERE task.id = ?
2026-08-30 01:05:19,210 [INFO] sqlalchemy.engine.Engine: [cached since 156s ago] ('2773220ff25c46149fb7e0fbe8bfafca',)
2026-08-30 01:05:19,210 [DEBUG] aiosqlite: executing functools.partial(<built-in method cursor of sqlite3.Connection object at 0x0000018C4DB5AE30>)
2026-08-30 01:05:19,210 [DEBUG] aiosqlite: operation functools.partial(<built-in method cursor of sqlite3.Connection object at 0x0000018C4DB5AE30>) completed
2026-08-30 01:05:19,210 [DEBUG] aiosqlite: executing functools.partial(<built-in method execute of sqlite3.Cursor object at 0x0000018C4DC2ACC0>, 'SELECT task.id, task.story_id, task.status, task.progress, task.current_step, task.retry_count, task.error_message, task.created_at, task.updated_at \nFROM task \nWHERE task.id = ?', ('2773220ff25c46149fb7e0fbe8bfafca',))
2026-08-30 01:05:19,210 [DEBUG] aiosqlite: operation functools.partial(<built-in method execute of sqlite3.Cursor object at 0x0000018C4DC2ACC0>, 'SELECT task.id, task.story_id, task.status, task.progress, task.current_step, task.retry_count, task.error_message, task.created_at, task.updated_at \nFROM task \nWHERE task.id = ?', ('2773220ff25c46149fb7e0fbe8bfafca',)) completed
2026-08-30 01:05:19,214 [DEBUG] aiosqlite: executing functools.partial(<built-in method fetchall of sqlite3.Cursor object at 0x0000018C4DC2ACC0>)
2026-08-30 01:05:19,214 [DEBUG] aiosqlite: operation functools.partial(<built-in method fetchall of sqlite3.Cursor object at 0x0000018C4DC2ACC0>) completed
2026-08-30 01:05:19,214 [DEBUG] aiosqlite: executing functools.partial(<built-in method close of sqlite3.Cursor object at 0x0000018C4DC2ACC0>)
2026-08-30 01:05:19,214 [DEBUG] aiosqlite: operation functools.partial(<built-in method close of sqlite3.Cursor object at 0x0000018C4DC2ACC0>) completed
2026-08-30 01:05:19,214 [INFO] sqlalchemy.engine.Engine: COMMIT
2026-08-30 01:05:19,214 [DEBUG] aiosqlite: executing functools.partial(<built-in method commit of sqlite3.Connection object at 0x0000018C4DB5AE30>)
2026-08-30 01:05:19,214 [DEBUG] aiosqlite: operation functools.partial(<built-in method commit of sqlite3.Connection object at 0x0000018C4DB5AE30>) completed
2026-08-30 01:05:19,214 [DEBUG] aiosqlite: executing functools.partial(<built-in method rollback of sqlite3.Connection object at 0x0000018C4DB5AE30>)
2026-08-30 01:05:19,214 [DEBUG] aiosqlite: operation functools.partial(<built-in method rollback of sqlite3.Connection object at 0x0000018C4DB5AE30>) completed
2026-08-30 01:05:19,214 [DEBUG] aiosqlite: executing functools.partial(<built-in method close of sqlite3.Connection object at 0x0000018C4DB5AE30>)
2026-08-30 01:05:19,214 [DEBUG] aiosqlite: operation functools.partial(<built-in method close of sqlite3.Connection object at 0x0000018C4DB5AE30>) completed
2026-08-30 01:05:24,222 [DEBUG] aiosqlite: executing <function connect.<locals>.connector at 0x0000018C4DC32700>
2026-08-30 01:05:24,231 [DEBUG] aiosqlite: operation <function connect.<locals>.connector at 0x0000018C4DC32700> completed
2026-08-30 01:05:24,231 [DEBUG] aiosqlite: executing functools.partial(<built-in method create_function of sqlite3.Connection object at 0x0000018C4DB5B5B0>, 'regexp', 2, <function SQLiteDialect_pysqlite.on_connect.<locals>.regexp at 0x0000018C4AFFA660>, deterministic=True)
2026-08-30 01:05:24,231 [DEBUG] aiosqlite: operation functools.partial(<built-in method create_function of sqlite3.Connection object at 0x0000018C4DB5B5B0>, 'regexp', 2, <function SQLiteDialect_pysqlite.on_connect.<locals>.regexp at 0x0000018C4AFFA660>, deterministic=True) completed
2026-08-30 01:05:24,231 [DEBUG] aiosqlite: executing functools.partial(<built-in method create_function of sqlite3.Connection object at 0x0000018C4DB5B5B0>, 'floor', 1, <built-in function floor>, deterministic=True)
2026-08-30 01:05:24,231 [DEBUG] aiosqlite: operation functools.partial(<built-in method create_function of sqlite3.Connection object at 0x0000018C4DB5B5B0>, 'floor', 1, <built-in function floor>, deterministic=True) completed
2026-08-30 01:05:24,231 [INFO] sqlalchemy.engine.Engine: BEGIN (implicit)
2026-08-30 01:05:24,231 [INFO] sqlalchemy.engine.Engine: SELECT task.id, task.story_id, task.status, task.progress, task.current_step, task.retry_count, task.error_message, task.created_at, task.updated_at 
FROM task 
WHERE task.id = ?
2026-08-30 01:05:24,231 [INFO] sqlalchemy.engine.Engine: [cached since 161s ago] ('2773220ff25c46149fb7e0fbe8bfafca',)
2026-08-30 01:05:24,231 [DEBUG] aiosqlite: executing functools.partial(<built-in method cursor of sqlite3.Connection object at 0x0000018C4DB5B5B0>)
2026-08-30 01:05:24,231 [DEBUG] aiosqlite: operation functools.partial(<built-in method cursor of sqlite3.Connection object at 0x0000018C4DB5B5B0>) completed
2026-08-30 01:05:24,234 [DEBUG] aiosqlite: executing functools.partial(<built-in method execute of sqlite3.Cursor object at 0x0000018C4DC2AD40>, 'SELECT task.id, task.story_id, task.status, task.progress, task.current_step, task.retry_count, task.error_message, task.created_at, task.updated_at \nFROM task \nWHERE task.id = ?', ('2773220ff25c46149fb7e0fbe8bfafca',))
2026-08-30 01:05:24,235 [DEBUG] aiosqlite: operation functools.partial(<built-in method execute of sqlite3.Cursor object at 0x0000018C4DC2AD40>, 'SELECT task.id, task.story_id, task.status, task.progress, task.current_step, task.retry_count, task.error_message, task.created_at, task.updated_at \nFROM task \nWHERE task.id = ?', ('2773220ff25c46149fb7e0fbe8bfafca',)) completed
2026-08-30 01:05:24,235 [DEBUG] aiosqlite: executing functools.partial(<built-in method fetchall of sqlite3.Cursor object at 0x0000018C4DC2AD40>)
2026-08-30 01:05:24,235 [DEBUG] aiosqlite: operation functools.partial(<built-in method fetchall of sqlite3.Cursor object at 0x0000018C4DC2AD40>) completed
2026-08-30 01:05:24,235 [DEBUG] aiosqlite: executing functools.partial(<built-in method close of sqlite3.Cursor object at 0x0000018C4DC2AD40>)
2026-08-30 01:05:24,235 [DEBUG] aiosqlite: operation functools.partial(<built-in method close of sqlite3.Cursor object at 0x0000018C4DC2AD40>) completed
2026-08-30 01:05:24,236 [INFO] sqlalchemy.engine.Engine: COMMIT
2026-08-30 01:05:24,236 [DEBUG] aiosqlite: executing functools.partial(<built-in method commit of sqlite3.Connection object at 0x0000018C4DB5B5B0>)
2026-08-30 01:05:24,236 [DEBUG] aiosqlite: operation functools.partial(<built-in method commit of sqlite3.Connection object at 0x0000018C4DB5B5B0>) completed
2026-08-30 01:05:24,236 [DEBUG] aiosqlite: executing functools.partial(<built-in method rollback of sqlite3.Connection object at 0x0000018C4DB5B5B0>)
2026-08-30 01:05:24,237 [DEBUG] aiosqlite: operation functools.partial(<built-in method rollback of sqlite3.Connection object at 0x0000018C4DB5B5B0>) completed
2026-08-30 01:05:24,237 [DEBUG] aiosqlite: executing functools.partial(<built-in method close of sqlite3.Connection object at 0x0000018C4DB5B5B0>)
2026-08-30 01:05:24,237 [DEBUG] aiosqlite: operation functools.partial(<built-in method close of sqlite3.Connection object at 0x0000018C4DB5B5B0>) completed
2026-08-30 01:05:29,247 [DEBUG] aiosqlite: executing <function connect.<locals>.connector at 0x0000018C4DC32D40>
2026-08-30 01:05:29,255 [DEBUG] aiosqlite: operation <function connect.<locals>.connector at 0x0000018C4DC32D40> completed
2026-08-30 01:05:29,255 [DEBUG] aiosqlite: executing functools.partial(<built-in method create_function of sqlite3.Connection object at 0x0000018C4DB5B880>, 'regexp', 2, <function SQLiteDialect_pysqlite.on_connect.<locals>.regexp at 0x0000018C4AFFA660>, deterministic=True)
2026-08-30 01:05:29,255 [DEBUG] aiosqlite: operation functools.partial(<built-in method create_function of sqlite3.Connection object at 0x0000018C4DB5B880>, 'regexp', 2, <function SQLiteDialect_pysqlite.on_connect.<locals>.regexp at 0x0000018C4AFFA660>, deterministic=True) completed
2026-08-30 01:05:29,255 [DEBUG] aiosqlite: executing functools.partial(<built-in method create_function of sqlite3.Connection object at 0x0000018C4DB5B880>, 'floor', 1, <built-in function floor>, deterministic=True)
2026-08-30 01:05:29,257 [DEBUG] aiosqlite: operation functools.partial(<built-in method create_function of sqlite3.Connection object at 0x0000018C4DB5B880>, 'floor', 1, <built-in function floor>, deterministic=True) completed
2026-08-30 01:05:29,257 [INFO] sqlalchemy.engine.Engine: BEGIN (implicit)
2026-08-30 01:05:29,258 [INFO] sqlalchemy.engine.Engine: SELECT task.id, task.story_id, task.status, task.progress, task.current_step, task.retry_count, task.error_message, task.created_at, task.updated_at 
FROM task 
WHERE task.id = ?
2026-08-30 01:05:29,258 [INFO] sqlalchemy.engine.Engine: [cached since 166s ago] ('2773220ff25c46149fb7e0fbe8bfafca',)
2026-08-30 01:05:29,259 [DEBUG] aiosqlite: executing functools.partial(<built-in method cursor of sqlite3.Connection object at 0x0000018C4DB5B880>)
2026-08-30 01:05:29,259 [DEBUG] aiosqlite: operation functools.partial(<built-in method cursor of sqlite3.Connection object at 0x0000018C4DB5B880>) completed
2026-08-30 01:05:29,260 [DEBUG] aiosqlite: executing functools.partial(<built-in method execute of sqlite3.Cursor object at 0x0000018C4DC2ABC0>, 'SELECT task.id, task.story_id, task.status, task.progress, task.current_step, task.retry_count, task.error_message, task.created_at, task.updated_at \nFROM task \nWHERE task.id = ?', ('2773220ff25c46149fb7e0fbe8bfafca',))
2026-08-30 01:05:29,260 [DEBUG] aiosqlite: operation functools.partial(<built-in method execute of sqlite3.Cursor object at 0x0000018C4DC2ABC0>, 'SELECT task.id, task.story_id, task.status, task.progress, task.current_step, task.retry_count, task.error_message, task.created_at, task.updated_at \nFROM task \nWHERE task.id = ?', ('2773220ff25c46149fb7e0fbe8bfafca',)) completed
2026-08-30 01:05:29,261 [DEBUG] aiosqlite: executing functools.partial(<built-in method fetchall of sqlite3.Cursor object at 0x0000018C4DC2ABC0>)
2026-08-30 01:05:29,261 [DEBUG] aiosqlite: operation functools.partial(<built-in method fetchall of sqlite3.Cursor object at 0x0000018C4DC2ABC0>) completed
2026-08-30 01:05:29,261 [DEBUG] aiosqlite: executing functools.partial(<built-in method close of sqlite3.Cursor object at 0x0000018C4DC2ABC0>)
2026-08-30 01:05:29,261 [DEBUG] aiosqlite: operation functools.partial(<built-in method close of sqlite3.Cursor object at 0x0000018C4DC2ABC0>) completed
2026-08-30 01:05:29,261 [INFO] sqlalchemy.engine.Engine: COMMIT
2026-08-30 01:05:29,261 [DEBUG] aiosqlite: executing functools.partial(<built-in method commit of sqlite3.Connection object at 0x0000018C4DB5B880>)
2026-08-30 01:05:29,262 [DEBUG] aiosqlite: operation functools.partial(<built-in method commit of sqlite3.Connection object at 0x0000018C4DB5B880>) completed
2026-08-30 01:05:29,262 [DEBUG] aiosqlite: executing functools.partial(<built-in method rollback of sqlite3.Connection object at 0x0000018C4DB5B880>)
2026-08-30 01:05:29,262 [DEBUG] aiosqlite: operation functools.partial(<built-in method rollback of sqlite3.Connection object at 0x0000018C4DB5B880>) completed
2026-08-30 01:05:29,262 [DEBUG] aiosqlite: executing functools.partial(<built-in method close of sqlite3.Connection object at 0x0000018C4DB5B880>)
2026-08-30 01:05:29,262 [DEBUG] aiosqlite: operation functools.partial(<built-in method close of sqlite3.Connection object at 0x0000018C4DB5B880>) completed
2026-08-30 01:05:34,272 [DEBUG] aiosqlite: executing <function connect.<locals>.connector at 0x0000018C4DC32A20>
2026-08-30 01:05:34,281 [DEBUG] aiosqlite: operation <function connect.<locals>.connector at 0x0000018C4DC32A20> completed
2026-08-30 01:05:34,281 [DEBUG] aiosqlite: executing functools.partial(<built-in method create_function of sqlite3.Connection object at 0x0000018C4DB5BE20>, 'regexp', 2, <function SQLiteDialect_pysqlite.on_connect.<locals>.regexp at 0x0000018C4AFFA660>, deterministic=True)
2026-08-30 01:05:34,281 [DEBUG] aiosqlite: operation functools.partial(<built-in method create_function of sqlite3.Connection object at 0x0000018C4DB5BE20>, 'regexp', 2, <function SQLiteDialect_pysqlite.on_connect.<locals>.regexp at 0x0000018C4AFFA660>, deterministic=True) completed
2026-08-30 01:05:34,281 [DEBUG] aiosqlite: executing functools.partial(<built-in method create_function of sqlite3.Connection object at 0x0000018C4DB5BE20>, 'floor', 1, <built-in function floor>, deterministic=True)
2026-08-30 01:05:34,281 [DEBUG] aiosqlite: operation functools.partial(<built-in method create_function of sqlite3.Connection object at 0x0000018C4DB5BE20>, 'floor', 1, <built-in function floor>, deterministic=True) completed
2026-08-30 01:05:34,284 [INFO] sqlalchemy.engine.Engine: BEGIN (implicit)
2026-08-30 01:05:34,285 [INFO] sqlalchemy.engine.Engine: SELECT task.id, task.story_id, task.status, task.progress, task.current_step, task.retry_count, task.error_message, task.created_at, task.updated_at 
FROM task 
WHERE task.id = ?
2026-08-30 01:05:34,286 [INFO] sqlalchemy.engine.Engine: [cached since 171.1s ago] ('2773220ff25c46149fb7e0fbe8bfafca',)
2026-08-30 01:05:34,286 [DEBUG] aiosqlite: executing functools.partial(<built-in method cursor of sqlite3.Connection object at 0x0000018C4DB5BE20>)
2026-08-30 01:05:34,286 [DEBUG] aiosqlite: operation functools.partial(<built-in method cursor of sqlite3.Connection object at 0x0000018C4DB5BE20>) completed
2026-08-30 01:05:34,287 [DEBUG] aiosqlite: executing functools.partial(<built-in method execute of sqlite3.Cursor object at 0x0000018C4DC2B140>, 'SELECT task.id, task.story_id, task.status, task.progress, task.current_step, task.retry_count, task.error_message, task.created_at, task.updated_at \nFROM task \nWHERE task.id = ?', ('2773220ff25c46149fb7e0fbe8bfafca',))
2026-08-30 01:05:34,289 [DEBUG] aiosqlite: operation functools.partial(<built-in method execute of sqlite3.Cursor object at 0x0000018C4DC2B140>, 'SELECT task.id, task.story_id, task.status, task.progress, task.current_step, task.retry_count, task.error_message, task.created_at, task.updated_at \nFROM task \nWHERE task.id = ?', ('2773220ff25c46149fb7e0fbe8bfafca',)) completed
2026-08-30 01:05:34,289 [DEBUG] aiosqlite: executing functools.partial(<built-in method fetchall of sqlite3.Cursor object at 0x0000018C4DC2B140>)
2026-08-30 01:05:34,289 [DEBUG] aiosqlite: operation functools.partial(<built-in method fetchall of sqlite3.Cursor object at 0x0000018C4DC2B140>) completed
2026-08-30 01:05:34,290 [DEBUG] aiosqlite: executing functools.partial(<built-in method close of sqlite3.Cursor object at 0x0000018C4DC2B140>)
2026-08-30 01:05:34,290 [DEBUG] aiosqlite: operation functools.partial(<built-in method close of sqlite3.Cursor object at 0x0000018C4DC2B140>) completed
2026-08-30 01:05:34,291 [INFO] sqlalchemy.engine.Engine: COMMIT
2026-08-30 01:05:34,291 [DEBUG] aiosqlite: executing functools.partial(<built-in method commit of sqlite3.Connection object at 0x0000018C4DB5BE20>)
2026-08-30 01:05:34,292 [DEBUG] aiosqlite: operation functools.partial(<built-in method commit of sqlite3.Connection object at 0x0000018C4DB5BE20>) completed
2026-08-30 01:05:34,292 [DEBUG] aiosqlite: executing functools.partial(<built-in method rollback of sqlite3.Connection object at 0x0000018C4DB5BE20>)
2026-08-30 01:05:34,292 [DEBUG] aiosqlite: operation functools.partial(<built-in method rollback of sqlite3.Connection object at 0x0000018C4DB5BE20>) completed
2026-08-30 01:05:34,293 [DEBUG] aiosqlite: executing functools.partial(<built-in method close of sqlite3.Connection object at 0x0000018C4DB5BE20>)
2026-08-30 01:05:34,293 [DEBUG] aiosqlite: operation functools.partial(<built-in method close of sqlite3.Connection object at 0x0000018C4DB5BE20>) completed
2026-08-30 01:05:39,300 [DEBUG] aiosqlite: executing <function connect.<locals>.connector at 0x0000018C4DC32340>
2026-08-30 01:05:39,310 [DEBUG] aiosqlite: operation <function connect.<locals>.connector at 0x0000018C4DC32340> completed
2026-08-30 01:05:39,310 [DEBUG] aiosqlite: executing functools.partial(<built-in method create_function of sqlite3.Connection object at 0x0000018C4DB5BA60>, 'regexp', 2, <function SQLiteDialect_pysqlite.on_connect.<locals>.regexp at 0x0000018C4AFFA660>, deterministic=True)
2026-08-30 01:05:39,310 [DEBUG] aiosqlite: operation functools.partial(<built-in method create_function of sqlite3.Connection object at 0x0000018C4DB5BA60>, 'regexp', 2, <function SQLiteDialect_pysqlite.on_connect.<locals>.regexp at 0x0000018C4AFFA660>, deterministic=True) completed
2026-08-30 01:05:39,311 [DEBUG] aiosqlite: executing functools.partial(<built-in method create_function of sqlite3.Connection object at 0x0000018C4DB5BA60>, 'floor', 1, <built-in function floor>, deterministic=True)
2026-08-30 01:05:39,311 [DEBUG] aiosqlite: operation functools.partial(<built-in method create_function of sqlite3.Connection object at 0x0000018C4DB5BA60>, 'floor', 1, <built-in function floor>, deterministic=True) completed
2026-08-30 01:05:39,311 [INFO] sqlalchemy.engine.Engine: BEGIN (implicit)
2026-08-30 01:05:39,312 [INFO] sqlalchemy.engine.Engine: SELECT task.id, task.story_id, task.status, task.progress, task.current_step, task.retry_count, task.error_message, task.created_at, task.updated_at 
FROM task 
WHERE task.id = ?
2026-08-30 01:05:39,312 [INFO] sqlalchemy.engine.Engine: [cached since 176.1s ago] ('2773220ff25c46149fb7e0fbe8bfafca',)
2026-08-30 01:05:39,313 [DEBUG] aiosqlite: executing functools.partial(<built-in method cursor of sqlite3.Connection object at 0x0000018C4DB5BA60>)
2026-08-30 01:05:39,313 [DEBUG] aiosqlite: operation functools.partial(<built-in method cursor of sqlite3.Connection object at 0x0000018C4DB5BA60>) completed
2026-08-30 01:05:39,314 [DEBUG] aiosqlite: executing functools.partial(<built-in method execute of sqlite3.Cursor object at 0x0000018C4DC2B340>, 'SELECT task.id, task.story_id, task.status, task.progress, task.current_step, task.retry_count, task.error_message, task.created_at, task.updated_at \nFROM task \nWHERE task.id = ?', ('2773220ff25c46149fb7e0fbe8bfafca',))
2026-08-30 01:05:39,314 [DEBUG] aiosqlite: operation functools.partial(<built-in method execute of sqlite3.Cursor object at 0x0000018C4DC2B340>, 'SELECT task.id, task.story_id, task.status, task.progress, task.current_step, task.retry_count, task.error_message, task.created_at, task.updated_at \nFROM task \nWHERE task.id = ?', ('2773220ff25c46149fb7e0fbe8bfafca',)) completed
2026-08-30 01:05:39,314 [DEBUG] aiosqlite: executing functools.partial(<built-in method fetchall of sqlite3.Cursor object at 0x0000018C4DC2B340>)
2026-08-30 01:05:39,317 [DEBUG] aiosqlite: operation functools.partial(<built-in method fetchall of sqlite3.Cursor object at 0x0000018C4DC2B340>) completed
2026-08-30 01:05:39,317 [DEBUG] aiosqlite: executing functools.partial(<built-in method close of sqlite3.Cursor object at 0x0000018C4DC2B340>)
2026-08-30 01:05:39,317 [DEBUG] aiosqlite: operation functools.partial(<built-in method close of sqlite3.Cursor object at 0x0000018C4DC2B340>) completed
2026-08-30 01:05:39,317 [INFO] sqlalchemy.engine.Engine: COMMIT
2026-08-30 01:05:39,317 [DEBUG] aiosqlite: executing functools.partial(<built-in method commit of sqlite3.Connection object at 0x0000018C4DB5BA60>)
2026-08-30 01:05:39,317 [DEBUG] aiosqlite: operation functools.partial(<built-in method commit of sqlite3.Connection object at 0x0000018C4DB5BA60>) completed
2026-08-30 01:05:39,317 [DEBUG] aiosqlite: executing functools.partial(<built-in method rollback of sqlite3.Connection object at 0x0000018C4DB5BA60>)
2026-08-30 01:05:39,317 [DEBUG] aiosqlite: operation functools.partial(<built-in method rollback of sqlite3.Connection object at 0x0000018C4DB5BA60>) completed
2026-08-30 01:05:39,317 [DEBUG] aiosqlite: executing functools.partial(<built-in method close of sqlite3.Connection object at 0x0000018C4DB5BA60>)
2026-08-30 01:05:39,317 [DEBUG] aiosqlite: operation functools.partial(<built-in method close of sqlite3.Connection object at 0x0000018C4DB5BA60>) completed
2026-08-30 01:05:44,338 [DEBUG] aiosqlite: executing <function connect.<locals>.connector at 0x0000018C4DC32160>
2026-08-30 01:05:44,348 [DEBUG] aiosqlite: operation <function connect.<locals>.connector at 0x0000018C4DC32160> completed
2026-08-30 01:05:44,348 [DEBUG] aiosqlite: executing functools.partial(<built-in method create_function of sqlite3.Connection object at 0x0000018C4DB59120>, 'regexp', 2, <function SQLiteDialect_pysqlite.on_connect.<locals>.regexp at 0x0000018C4AFFA660>, deterministic=True)
2026-08-30 01:05:44,348 [DEBUG] aiosqlite: operation functools.partial(<built-in method create_function of sqlite3.Connection object at 0x0000018C4DB59120>, 'regexp', 2, <function SQLiteDialect_pysqlite.on_connect.<locals>.regexp at 0x0000018C4AFFA660>, deterministic=True) completed
2026-08-30 01:05:44,348 [DEBUG] aiosqlite: executing functools.partial(<built-in method create_function of sqlite3.Connection object at 0x0000018C4DB59120>, 'floor', 1, <built-in function floor>, deterministic=True)
2026-08-30 01:05:44,348 [DEBUG] aiosqlite: operation functools.partial(<built-in method create_function of sqlite3.Connection object at 0x0000018C4DB59120>, 'floor', 1, <built-in function floor>, deterministic=True) completed
2026-08-30 01:05:44,348 [INFO] sqlalchemy.engine.Engine: BEGIN (implicit)
2026-08-30 01:05:44,348 [INFO] sqlalchemy.engine.Engine: SELECT task.id, task.story_id, task.status, task.progress, task.current_step, task.retry_count, task.error_message, task.created_at, task.updated_at 
FROM task 
WHERE task.id = ?
2026-08-30 01:05:44,348 [INFO] sqlalchemy.engine.Engine: [cached since 181.1s ago] ('2773220ff25c46149fb7e0fbe8bfafca',)
2026-08-30 01:05:44,348 [DEBUG] aiosqlite: executing functools.partial(<built-in method cursor of sqlite3.Connection object at 0x0000018C4DB59120>)
2026-08-30 01:05:44,348 [DEBUG] aiosqlite: operation functools.partial(<built-in method cursor of sqlite3.Connection object at 0x0000018C4DB59120>) completed
2026-08-30 01:05:44,348 [DEBUG] aiosqlite: executing functools.partial(<built-in method execute of sqlite3.Cursor object at 0x0000018C4DC2B740>, 'SELECT task.id, task.story_id, task.status, task.progress, task.current_step, task.retry_count, task.error_message, task.created_at, task.updated_at \nFROM task \nWHERE task.id = ?', ('2773220ff25c46149fb7e0fbe8bfafca',))
2026-08-30 01:05:44,348 [DEBUG] aiosqlite: operation functools.partial(<built-in method execute of sqlite3.Cursor object at 0x0000018C4DC2B740>, 'SELECT task.id, task.story_id, task.status, task.progress, task.current_step, task.retry_count, task.error_message, task.created_at, task.updated_at \nFROM task \nWHERE task.id = ?', ('2773220ff25c46149fb7e0fbe8bfafca',)) completed
2026-08-30 01:05:44,348 [DEBUG] aiosqlite: executing functools.partial(<built-in method fetchall of sqlite3.Cursor object at 0x0000018C4DC2B740>)
2026-08-30 01:05:44,348 [DEBUG] aiosqlite: operation functools.partial(<built-in method fetchall of sqlite3.Cursor object at 0x0000018C4DC2B740>) completed
2026-08-30 01:05:44,348 [DEBUG] aiosqlite: executing functools.partial(<built-in method close of sqlite3.Cursor object at 0x0000018C4DC2B740>)
2026-08-30 01:05:44,348 [DEBUG] aiosqlite: operation functools.partial(<built-in method close of sqlite3.Cursor object at 0x0000018C4DC2B740>) completed
2026-08-30 01:05:44,348 [INFO] sqlalchemy.engine.Engine: COMMIT
2026-08-30 01:05:44,348 [DEBUG] aiosqlite: executing functools.partial(<built-in method commit of sqlite3.Connection object at 0x0000018C4DB59120>)
2026-08-30 01:05:44,348 [DEBUG] aiosqlite: operation functools.partial(<built-in method commit of sqlite3.Connection object at 0x0000018C4DB59120>) completed
2026-08-30 01:05:44,348 [DEBUG] aiosqlite: executing functools.partial(<built-in method rollback of sqlite3.Connection object at 0x0000018C4DB59120>)
2026-08-30 01:05:44,348 [DEBUG] aiosqlite: operation functools.partial(<built-in method rollback of sqlite3.Connection object at 0x0000018C4DB59120>) completed
2026-08-30 01:05:44,348 [DEBUG] aiosqlite: executing functools.partial(<built-in method close of sqlite3.Connection object at 0x0000018C4DB59120>)
2026-08-30 01:05:44,348 [DEBUG] aiosqlite: operation functools.partial(<built-in method close of sqlite3.Connection object at 0x0000018C4DB59120>) completed
2026-08-30 01:05:49,359 [DEBUG] aiosqlite: executing <function connect.<locals>.connector at 0x0000018C4DC32020>
2026-08-30 01:05:49,367 [DEBUG] aiosqlite: operation <function connect.<locals>.connector at 0x0000018C4DC32020> completed
2026-08-30 01:05:49,367 [DEBUG] aiosqlite: executing functools.partial(<built-in method create_function of sqlite3.Connection object at 0x0000018C4DC5C220>, 'regexp', 2, <function SQLiteDialect_pysqlite.on_connect.<locals>.regexp at 0x0000018C4AFFA660>, deterministic=True)
2026-08-30 01:05:49,367 [DEBUG] aiosqlite: operation functools.partial(<built-in method create_function of sqlite3.Connection object at 0x0000018C4DC5C220>, 'regexp', 2, <function SQLiteDialect_pysqlite.on_connect.<locals>.regexp at 0x0000018C4AFFA660>, deterministic=True) completed
2026-08-30 01:05:49,367 [DEBUG] aiosqlite: executing functools.partial(<built-in method create_function of sqlite3.Connection object at 0x0000018C4DC5C220>, 'floor', 1, <built-in function floor>, deterministic=True)
2026-08-30 01:05:49,367 [DEBUG] aiosqlite: operation functools.partial(<built-in method create_function of sqlite3.Connection object at 0x0000018C4DC5C220>, 'floor', 1, <built-in function floor>, deterministic=True) completed
2026-08-30 01:05:49,367 [INFO] sqlalchemy.engine.Engine: BEGIN (implicit)
2026-08-30 01:05:49,367 [INFO] sqlalchemy.engine.Engine: SELECT task.id, task.story_id, task.status, task.progress, task.current_step, task.retry_count, task.error_message, task.created_at, task.updated_at 
FROM task 
WHERE task.id = ?
2026-08-30 01:05:49,367 [INFO] sqlalchemy.engine.Engine: [cached since 186.1s ago] ('2773220ff25c46149fb7e0fbe8bfafca',)
2026-08-30 01:05:49,370 [DEBUG] aiosqlite: executing functools.partial(<built-in method cursor of sqlite3.Connection object at 0x0000018C4DC5C220>)
2026-08-30 01:05:49,370 [DEBUG] aiosqlite: operation functools.partial(<built-in method cursor of sqlite3.Connection object at 0x0000018C4DC5C220>) completed
2026-08-30 01:05:49,370 [DEBUG] aiosqlite: executing functools.partial(<built-in method execute of sqlite3.Cursor object at 0x0000018C4DC2AE40>, 'SELECT task.id, task.story_id, task.status, task.progress, task.current_step, task.retry_count, task.error_message, task.created_at, task.updated_at \nFROM task \nWHERE task.id = ?', ('2773220ff25c46149fb7e0fbe8bfafca',))
2026-08-30 01:05:49,370 [DEBUG] aiosqlite: operation functools.partial(<built-in method execute of sqlite3.Cursor object at 0x0000018C4DC2AE40>, 'SELECT task.id, task.story_id, task.status, task.progress, task.current_step, task.retry_count, task.error_message, task.created_at, task.updated_at \nFROM task \nWHERE task.id = ?', ('2773220ff25c46149fb7e0fbe8bfafca',)) completed
2026-08-30 01:05:49,370 [DEBUG] aiosqlite: executing functools.partial(<built-in method fetchall of sqlite3.Cursor object at 0x0000018C4DC2AE40>)
2026-08-30 01:05:49,370 [DEBUG] aiosqlite: operation functools.partial(<built-in method fetchall of sqlite3.Cursor object at 0x0000018C4DC2AE40>) completed
2026-08-30 01:05:49,370 [DEBUG] aiosqlite: executing functools.partial(<built-in method close of sqlite3.Cursor object at 0x0000018C4DC2AE40>)
2026-08-30 01:05:49,370 [DEBUG] aiosqlite: operation functools.partial(<built-in method close of sqlite3.Cursor object at 0x0000018C4DC2AE40>) completed
2026-08-30 01:05:49,370 [INFO] sqlalchemy.engine.Engine: COMMIT
2026-08-30 01:05:49,370 [DEBUG] aiosqlite: executing functools.partial(<built-in method commit of sqlite3.Connection object at 0x0000018C4DC5C220>)
2026-08-30 01:05:49,370 [DEBUG] aiosqlite: operation functools.partial(<built-in method commit of sqlite3.Connection object at 0x0000018C4DC5C220>) completed
2026-08-30 01:05:49,370 [DEBUG] aiosqlite: executing functools.partial(<built-in method rollback of sqlite3.Connection object at 0x0000018C4DC5C220>)
2026-08-30 01:05:49,370 [DEBUG] aiosqlite: operation functools.partial(<built-in method rollback of sqlite3.Connection object at 0x0000018C4DC5C220>) completed
2026-08-30 01:05:49,370 [DEBUG] aiosqlite: executing functools.partial(<built-in method close of sqlite3.Connection object at 0x0000018C4DC5C220>)
2026-08-30 01:05:49,370 [DEBUG] aiosqlite: operation functools.partial(<built-in method close of sqlite3.Connection object at 0x0000018C4DC5C220>) completed
2026-08-30 01:05:54,403 [DEBUG] aiosqlite: executing <function connect.<locals>.connector at 0x0000018C4DC31E40>
2026-08-30 01:05:54,403 [DEBUG] aiosqlite: operation <function connect.<locals>.connector at 0x0000018C4DC31E40> completed
2026-08-30 01:05:54,403 [DEBUG] aiosqlite: executing functools.partial(<built-in method create_function of sqlite3.Connection object at 0x0000018C4DC5C310>, 'regexp', 2, <function SQLiteDialect_pysqlite.on_connect.<locals>.regexp at 0x0000018C4AFFA660>, deterministic=True)
2026-08-30 01:05:54,403 [DEBUG] aiosqlite: operation functools.partial(<built-in method create_function of sqlite3.Connection object at 0x0000018C4DC5C310>, 'regexp', 2, <function SQLiteDialect_pysqlite.on_connect.<locals>.regexp at 0x0000018C4AFFA660>, deterministic=True) completed
2026-08-30 01:05:54,403 [DEBUG] aiosqlite: executing functools.partial(<built-in method create_function of sqlite3.Connection object at 0x0000018C4DC5C310>, 'floor', 1, <built-in function floor>, deterministic=True)
2026-08-30 01:05:54,403 [DEBUG] aiosqlite: operation functools.partial(<built-in method create_function of sqlite3.Connection object at 0x0000018C4DC5C310>, 'floor', 1, <built-in function floor>, deterministic=True) completed
2026-08-30 01:05:54,403 [INFO] sqlalchemy.engine.Engine: BEGIN (implicit)
2026-08-30 01:05:54,403 [INFO] sqlalchemy.engine.Engine: SELECT task.id, task.story_id, task.status, task.progress, task.current_step, task.retry_count, task.error_message, task.created_at, task.updated_at 
FROM task 
WHERE task.id = ?
2026-08-30 01:05:54,403 [INFO] sqlalchemy.engine.Engine: [cached since 191.2s ago] ('2773220ff25c46149fb7e0fbe8bfafca',)
2026-08-30 01:05:54,403 [DEBUG] aiosqlite: executing functools.partial(<built-in method cursor of sqlite3.Connection object at 0x0000018C4DC5C310>)
2026-08-30 01:05:54,403 [DEBUG] aiosqlite: operation functools.partial(<built-in method cursor of sqlite3.Connection object at 0x0000018C4DC5C310>) completed
2026-08-30 01:05:54,403 [DEBUG] aiosqlite: executing functools.partial(<built-in method execute of sqlite3.Cursor object at 0x0000018C4DC2B040>, 'SELECT task.id, task.story_id, task.status, task.progress, task.current_step, task.retry_count, task.error_message, task.created_at, task.updated_at \nFROM task \nWHERE task.id = ?', ('2773220ff25c46149fb7e0fbe8bfafca',))
2026-08-30 01:05:54,403 [DEBUG] aiosqlite: operation functools.partial(<built-in method execute of sqlite3.Cursor object at 0x0000018C4DC2B040>, 'SELECT task.id, task.story_id, task.status, task.progress, task.current_step, task.retry_count, task.error_message, task.created_at, task.updated_at \nFROM task \nWHERE task.id = ?', ('2773220ff25c46149fb7e0fbe8bfafca',)) completed
2026-08-30 01:05:54,403 [DEBUG] aiosqlite: executing functools.partial(<built-in method fetchall of sqlite3.Cursor object at 0x0000018C4DC2B040>)
2026-08-30 01:05:54,403 [DEBUG] aiosqlite: operation functools.partial(<built-in method fetchall of sqlite3.Cursor object at 0x0000018C4DC2B040>) completed
2026-08-30 01:05:54,403 [DEBUG] aiosqlite: executing functools.partial(<built-in method close of sqlite3.Cursor object at 0x0000018C4DC2B040>)
2026-08-30 01:05:54,403 [DEBUG] aiosqlite: operation functools.partial(<built-in method close of sqlite3.Cursor object at 0x0000018C4DC2B040>) completed
2026-08-30 01:05:54,403 [INFO] sqlalchemy.engine.Engine: COMMIT
2026-08-30 01:05:54,403 [DEBUG] aiosqlite: executing functools.partial(<built-in method commit of sqlite3.Connection object at 0x0000018C4DC5C310>)
2026-08-30 01:05:54,403 [DEBUG] aiosqlite: operation functools.partial(<built-in method commit of sqlite3.Connection object at 0x0000018C4DC5C310>) completed
2026-08-30 01:05:54,403 [DEBUG] aiosqlite: executing functools.partial(<built-in method rollback of sqlite3.Connection object at 0x0000018C4DC5C310>)
2026-08-30 01:05:54,403 [DEBUG] aiosqlite: operation functools.partial(<built-in method rollback of sqlite3.Connection object at 0x0000018C4DC5C310>) completed
2026-08-30 01:05:54,403 [DEBUG] aiosqlite: executing functools.partial(<built-in method close of sqlite3.Connection object at 0x0000018C4DC5C310>)
2026-08-30 01:05:54,403 [DEBUG] aiosqlite: operation functools.partial(<built-in method close of sqlite3.Connection object at 0x0000018C4DC5C310>) completed
2026-08-30 01:05:59,436 [DEBUG] aiosqlite: executing <function connect.<locals>.connector at 0x0000018C4DC31DA0>
2026-08-30 01:05:59,445 [DEBUG] aiosqlite: operation <function connect.<locals>.connector at 0x0000018C4DC31DA0> completed
2026-08-30 01:05:59,445 [DEBUG] aiosqlite: executing functools.partial(<built-in method create_function of sqlite3.Connection object at 0x0000018C4DC5C5E0>, 'regexp', 2, <function SQLiteDialect_pysqlite.on_connect.<locals>.regexp at 0x0000018C4AFFA660>, deterministic=True)
2026-08-30 01:05:59,445 [DEBUG] aiosqlite: operation functools.partial(<built-in method create_function of sqlite3.Connection object at 0x0000018C4DC5C5E0>, 'regexp', 2, <function SQLiteDialect_pysqlite.on_connect.<locals>.regexp at 0x0000018C4AFFA660>, deterministic=True) completed
2026-08-30 01:05:59,445 [DEBUG] aiosqlite: executing functools.partial(<built-in method create_function of sqlite3.Connection object at 0x0000018C4DC5C5E0>, 'floor', 1, <built-in function floor>, deterministic=True)
2026-08-30 01:05:59,445 [DEBUG] aiosqlite: operation functools.partial(<built-in method create_function of sqlite3.Connection object at 0x0000018C4DC5C5E0>, 'floor', 1, <built-in function floor>, deterministic=True) completed
2026-08-30 01:05:59,451 [INFO] sqlalchemy.engine.Engine: BEGIN (implicit)
2026-08-30 01:05:59,451 [INFO] sqlalchemy.engine.Engine: SELECT task.id, task.story_id, task.status, task.progress, task.current_step, task.retry_count, task.error_message, task.created_at, task.updated_at 
FROM task 
WHERE task.id = ?
2026-08-30 01:05:59,451 [INFO] sqlalchemy.engine.Engine: [cached since 196.2s ago] ('2773220ff25c46149fb7e0fbe8bfafca',)
2026-08-30 01:05:59,451 [DEBUG] aiosqlite: executing functools.partial(<built-in method cursor of sqlite3.Connection object at 0x0000018C4DC5C5E0>)
2026-08-30 01:05:59,451 [DEBUG] aiosqlite: operation functools.partial(<built-in method cursor of sqlite3.Connection object at 0x0000018C4DC5C5E0>) completed
2026-08-30 01:05:59,451 [DEBUG] aiosqlite: executing functools.partial(<built-in method execute of sqlite3.Cursor object at 0x0000018C4DC2A9C0>, 'SELECT task.id, task.story_id, task.status, task.progress, task.current_step, task.retry_count, task.error_message, task.created_at, task.updated_at \nFROM task \nWHERE task.id = ?', ('2773220ff25c46149fb7e0fbe8bfafca',))
2026-08-30 01:05:59,451 [DEBUG] aiosqlite: operation functools.partial(<built-in method execute of sqlite3.Cursor object at 0x0000018C4DC2A9C0>, 'SELECT task.id, task.story_id, task.status, task.progress, task.current_step, task.retry_count, task.error_message, task.created_at, task.updated_at \nFROM task \nWHERE task.id = ?', ('2773220ff25c46149fb7e0fbe8bfafca',)) completed
2026-08-30 01:05:59,451 [DEBUG] aiosqlite: executing functools.partial(<built-in method fetchall of sqlite3.Cursor object at 0x0000018C4DC2A9C0>)
2026-08-30 01:05:59,451 [DEBUG] aiosqlite: operation functools.partial(<built-in method fetchall of sqlite3.Cursor object at 0x0000018C4DC2A9C0>) completed
2026-08-30 01:05:59,451 [DEBUG] aiosqlite: executing functools.partial(<built-in method close of sqlite3.Cursor object at 0x0000018C4DC2A9C0>)
2026-08-30 01:05:59,451 [DEBUG] aiosqlite: operation functools.partial(<built-in method close of sqlite3.Cursor object at 0x0000018C4DC2A9C0>) completed
2026-08-30 01:05:59,451 [INFO] sqlalchemy.engine.Engine: COMMIT
2026-08-30 01:05:59,451 [DEBUG] aiosqlite: executing functools.partial(<built-in method commit of sqlite3.Connection object at 0x0000018C4DC5C5E0>)
2026-08-30 01:05:59,451 [DEBUG] aiosqlite: operation functools.partial(<built-in method commit of sqlite3.Connection object at 0x0000018C4DC5C5E0>) completed
2026-08-30 01:05:59,451 [DEBUG] aiosqlite: executing functools.partial(<built-in method rollback of sqlite3.Connection object at 0x0000018C4DC5C5E0>)
2026-08-30 01:05:59,451 [DEBUG] aiosqlite: operation functools.partial(<built-in method rollback of sqlite3.Connection object at 0x0000018C4DC5C5E0>) completed
2026-08-30 01:05:59,451 [DEBUG] aiosqlite: executing functools.partial(<built-in method close of sqlite3.Connection object at 0x0000018C4DC5C5E0>)
2026-08-30 01:05:59,451 [DEBUG] aiosqlite: operation functools.partial(<built-in method close of sqlite3.Connection object at 0x0000018C4DC5C5E0>) completed
2026-08-30 01:06:04,487 [DEBUG] aiosqlite: executing <function connect.<locals>.connector at 0x0000018C4DC31BC0>
2026-08-30 01:06:04,489 [DEBUG] aiosqlite: operation <function connect.<locals>.connector at 0x0000018C4DC31BC0> completed
2026-08-30 01:06:04,491 [DEBUG] aiosqlite: executing functools.partial(<built-in method create_function of sqlite3.Connection object at 0x0000018C4DC5C8B0>, 'regexp', 2, <function SQLiteDialect_pysqlite.on_connect.<locals>.regexp at 0x0000018C4AFFA660>, deterministic=True)
2026-08-30 01:06:04,491 [DEBUG] aiosqlite: operation functools.partial(<built-in method create_function of sqlite3.Connection object at 0x0000018C4DC5C8B0>, 'regexp', 2, <function SQLiteDialect_pysqlite.on_connect.<locals>.regexp at 0x0000018C4AFFA660>, deterministic=True) completed
2026-08-30 01:06:04,491 [DEBUG] aiosqlite: executing functools.partial(<built-in method create_function of sqlite3.Connection object at 0x0000018C4DC5C8B0>, 'floor', 1, <built-in function floor>, deterministic=True)
2026-08-30 01:06:04,493 [DEBUG] aiosqlite: operation functools.partial(<built-in method create_function of sqlite3.Connection object at 0x0000018C4DC5C8B0>, 'floor', 1, <built-in function floor>, deterministic=True) completed
2026-08-30 01:06:04,493 [INFO] sqlalchemy.engine.Engine: BEGIN (implicit)
2026-08-30 01:06:04,493 [INFO] sqlalchemy.engine.Engine: SELECT task.id, task.story_id, task.status, task.progress, task.current_step, task.retry_count, task.error_message, task.created_at, task.updated_at 
FROM task 
WHERE task.id = ?
2026-08-30 01:06:04,495 [INFO] sqlalchemy.engine.Engine: [cached since 201.3s ago] ('2773220ff25c46149fb7e0fbe8bfafca',)
2026-08-30 01:06:04,495 [DEBUG] aiosqlite: executing functools.partial(<built-in method cursor of sqlite3.Connection object at 0x0000018C4DC5C8B0>)
2026-08-30 01:06:04,495 [DEBUG] aiosqlite: operation functools.partial(<built-in method cursor of sqlite3.Connection object at 0x0000018C4DC5C8B0>) completed
2026-08-30 01:06:04,497 [DEBUG] aiosqlite: executing functools.partial(<built-in method execute of sqlite3.Cursor object at 0x0000018C4DC2AEC0>, 'SELECT task.id, task.story_id, task.status, task.progress, task.current_step, task.retry_count, task.error_message, task.created_at, task.updated_at \nFROM task \nWHERE task.id = ?', ('2773220ff25c46149fb7e0fbe8bfafca',))
2026-08-30 01:06:04,498 [DEBUG] aiosqlite: operation functools.partial(<built-in method execute of sqlite3.Cursor object at 0x0000018C4DC2AEC0>, 'SELECT task.id, task.story_id, task.status, task.progress, task.current_step, task.retry_count, task.error_message, task.created_at, task.updated_at \nFROM task \nWHERE task.id = ?', ('2773220ff25c46149fb7e0fbe8bfafca',)) completed
2026-08-30 01:06:04,500 [DEBUG] aiosqlite: executing functools.partial(<built-in method fetchall of sqlite3.Cursor object at 0x0000018C4DC2AEC0>)
2026-08-30 01:06:04,500 [DEBUG] aiosqlite: operation functools.partial(<built-in method fetchall of sqlite3.Cursor object at 0x0000018C4DC2AEC0>) completed
2026-08-30 01:06:04,500 [DEBUG] aiosqlite: executing functools.partial(<built-in method close of sqlite3.Cursor object at 0x0000018C4DC2AEC0>)
2026-08-30 01:06:04,500 [DEBUG] aiosqlite: operation functools.partial(<built-in method close of sqlite3.Cursor object at 0x0000018C4DC2AEC0>) completed
2026-08-30 01:06:04,500 [INFO] sqlalchemy.engine.Engine: COMMIT
2026-08-30 01:06:04,500 [DEBUG] aiosqlite: executing functools.partial(<built-in method commit of sqlite3.Connection object at 0x0000018C4DC5C8B0>)
2026-08-30 01:06:04,500 [DEBUG] aiosqlite: operation functools.partial(<built-in method commit of sqlite3.Connection object at 0x0000018C4DC5C8B0>) completed
2026-08-30 01:06:04,500 [DEBUG] aiosqlite: executing functools.partial(<built-in method rollback of sqlite3.Connection object at 0x0000018C4DC5C8B0>)
2026-08-30 01:06:04,500 [DEBUG] aiosqlite: operation functools.partial(<built-in method rollback of sqlite3.Connection object at 0x0000018C4DC5C8B0>) completed
2026-08-30 01:06:04,500 [DEBUG] aiosqlite: executing functools.partial(<built-in method close of sqlite3.Connection object at 0x0000018C4DC5C8B0>)
2026-08-30 01:06:04,500 [DEBUG] aiosqlite: operation functools.partial(<built-in method close of sqlite3.Connection object at 0x0000018C4DC5C8B0>) completed
2026-08-30 01:06:09,534 [DEBUG] aiosqlite: executing <function connect.<locals>.connector at 0x0000018C4DC31C60>
2026-08-30 01:06:09,537 [DEBUG] aiosqlite: operation <function connect.<locals>.connector at 0x0000018C4DC31C60> completed
2026-08-30 01:06:09,537 [DEBUG] aiosqlite: executing functools.partial(<built-in method create_function of sqlite3.Connection object at 0x0000018C4DC58D60>, 'regexp', 2, <function SQLiteDialect_pysqlite.on_connect.<locals>.regexp at 0x0000018C4AFFA660>, deterministic=True)
2026-08-30 01:06:09,537 [DEBUG] aiosqlite: operation functools.partial(<built-in method create_function of sqlite3.Connection object at 0x0000018C4DC58D60>, 'regexp', 2, <function SQLiteDialect_pysqlite.on_connect.<locals>.regexp at 0x0000018C4AFFA660>, deterministic=True) completed
2026-08-30 01:06:09,537 [DEBUG] aiosqlite: executing functools.partial(<built-in method create_function of sqlite3.Connection object at 0x0000018C4DC58D60>, 'floor', 1, <built-in function floor>, deterministic=True)
2026-08-30 01:06:09,537 [DEBUG] aiosqlite: operation functools.partial(<built-in method create_function of sqlite3.Connection object at 0x0000018C4DC58D60>, 'floor', 1, <built-in function floor>, deterministic=True) completed
2026-08-30 01:06:09,537 [INFO] sqlalchemy.engine.Engine: BEGIN (implicit)
2026-08-30 01:06:09,537 [INFO] sqlalchemy.engine.Engine: SELECT task.id, task.story_id, task.status, task.progress, task.current_step, task.retry_count, task.error_message, task.created_at, task.updated_at 
FROM task 
WHERE task.id = ?
2026-08-30 01:06:09,537 [INFO] sqlalchemy.engine.Engine: [cached since 206.3s ago] ('2773220ff25c46149fb7e0fbe8bfafca',)
2026-08-30 01:06:09,544 [DEBUG] aiosqlite: executing functools.partial(<built-in method cursor of sqlite3.Connection object at 0x0000018C4DC58D60>)
2026-08-30 01:06:09,544 [DEBUG] aiosqlite: operation functools.partial(<built-in method cursor of sqlite3.Connection object at 0x0000018C4DC58D60>) completed
2026-08-30 01:06:09,544 [DEBUG] aiosqlite: executing functools.partial(<built-in method execute of sqlite3.Cursor object at 0x0000018C4DC2B340>, 'SELECT task.id, task.story_id, task.status, task.progress, task.current_step, task.retry_count, task.error_message, task.created_at, task.updated_at \nFROM task \nWHERE task.id = ?', ('2773220ff25c46149fb7e0fbe8bfafca',))
2026-08-30 01:06:09,546 [DEBUG] aiosqlite: operation functools.partial(<built-in method execute of sqlite3.Cursor object at 0x0000018C4DC2B340>, 'SELECT task.id, task.story_id, task.status, task.progress, task.current_step, task.retry_count, task.error_message, task.created_at, task.updated_at \nFROM task \nWHERE task.id = ?', ('2773220ff25c46149fb7e0fbe8bfafca',)) completed
2026-08-30 01:06:09,546 [DEBUG] aiosqlite: executing functools.partial(<built-in method fetchall of sqlite3.Cursor object at 0x0000018C4DC2B340>)
2026-08-30 01:06:09,548 [DEBUG] aiosqlite: operation functools.partial(<built-in method fetchall of sqlite3.Cursor object at 0x0000018C4DC2B340>) completed
2026-08-30 01:06:09,548 [DEBUG] aiosqlite: executing functools.partial(<built-in method close of sqlite3.Cursor object at 0x0000018C4DC2B340>)
2026-08-30 01:06:09,548 [DEBUG] aiosqlite: operation functools.partial(<built-in method close of sqlite3.Cursor object at 0x0000018C4DC2B340>) completed
2026-08-30 01:06:09,548 [INFO] sqlalchemy.engine.Engine: COMMIT
2026-08-30 01:06:09,548 [DEBUG] aiosqlite: executing functools.partial(<built-in method commit of sqlite3.Connection object at 0x0000018C4DC58D60>)
2026-08-30 01:06:09,548 [DEBUG] aiosqlite: operation functools.partial(<built-in method commit of sqlite3.Connection object at 0x0000018C4DC58D60>) completed
2026-08-30 01:06:09,548 [DEBUG] aiosqlite: executing functools.partial(<built-in method rollback of sqlite3.Connection object at 0x0000018C4DC58D60>)
2026-08-30 01:06:09,548 [DEBUG] aiosqlite: operation functools.partial(<built-in method rollback of sqlite3.Connection object at 0x0000018C4DC58D60>) completed
2026-08-30 01:06:09,548 [DEBUG] aiosqlite: executing functools.partial(<built-in method close of sqlite3.Connection object at 0x0000018C4DC58D60>)
2026-08-30 01:06:09,548 [DEBUG] aiosqlite: operation functools.partial(<built-in method close of sqlite3.Connection object at 0x0000018C4DC58D60>) completed
2026-08-30 01:06:14,578 [DEBUG] aiosqlite: executing <function connect.<locals>.connector at 0x0000018C4DC31B20>
2026-08-30 01:06:14,589 [DEBUG] aiosqlite: operation <function connect.<locals>.connector at 0x0000018C4DC31B20> completed
2026-08-30 01:06:14,589 [DEBUG] aiosqlite: executing functools.partial(<built-in method create_function of sqlite3.Connection object at 0x0000018C4DC58E50>, 'regexp', 2, <function SQLiteDialect_pysqlite.on_connect.<locals>.regexp at 0x0000018C4AFFA660>, deterministic=True)
2026-08-30 01:06:14,590 [DEBUG] aiosqlite: operation functools.partial(<built-in method create_function of sqlite3.Connection object at 0x0000018C4DC58E50>, 'regexp', 2, <function SQLiteDialect_pysqlite.on_connect.<locals>.regexp at 0x0000018C4AFFA660>, deterministic=True) completed
2026-08-30 01:06:14,590 [DEBUG] aiosqlite: executing functools.partial(<built-in method create_function of sqlite3.Connection object at 0x0000018C4DC58E50>, 'floor', 1, <built-in function floor>, deterministic=True)
2026-08-30 01:06:14,590 [DEBUG] aiosqlite: operation functools.partial(<built-in method create_function of sqlite3.Connection object at 0x0000018C4DC58E50>, 'floor', 1, <built-in function floor>, deterministic=True) completed
2026-08-30 01:06:14,591 [INFO] sqlalchemy.engine.Engine: BEGIN (implicit)
2026-08-30 01:06:14,592 [INFO] sqlalchemy.engine.Engine: SELECT task.id, task.story_id, task.status, task.progress, task.current_step, task.retry_count, task.error_message, task.created_at, task.updated_at 
FROM task 
WHERE task.id = ?
2026-08-30 01:06:14,592 [INFO] sqlalchemy.engine.Engine: [cached since 211.4s ago] ('2773220ff25c46149fb7e0fbe8bfafca',)
2026-08-30 01:06:14,592 [DEBUG] aiosqlite: executing functools.partial(<built-in method cursor of sqlite3.Connection object at 0x0000018C4DC58E50>)
2026-08-30 01:06:14,592 [DEBUG] aiosqlite: operation functools.partial(<built-in method cursor of sqlite3.Connection object at 0x0000018C4DC58E50>) completed
2026-08-30 01:06:14,592 [DEBUG] aiosqlite: executing functools.partial(<built-in method execute of sqlite3.Cursor object at 0x0000018C4DC2ADC0>, 'SELECT task.id, task.story_id, task.status, task.progress, task.current_step, task.retry_count, task.error_message, task.created_at, task.updated_at \nFROM task \nWHERE task.id = ?', ('2773220ff25c46149fb7e0fbe8bfafca',))
2026-08-30 01:06:14,592 [DEBUG] aiosqlite: operation functools.partial(<built-in method execute of sqlite3.Cursor object at 0x0000018C4DC2ADC0>, 'SELECT task.id, task.story_id, task.status, task.progress, task.current_step, task.retry_count, task.error_message, task.created_at, task.updated_at \nFROM task \nWHERE task.id = ?', ('2773220ff25c46149fb7e0fbe8bfafca',)) completed
2026-08-30 01:06:14,592 [DEBUG] aiosqlite: executing functools.partial(<built-in method fetchall of sqlite3.Cursor object at 0x0000018C4DC2ADC0>)
2026-08-30 01:06:14,592 [DEBUG] aiosqlite: operation functools.partial(<built-in method fetchall of sqlite3.Cursor object at 0x0000018C4DC2ADC0>) completed
2026-08-30 01:06:14,592 [DEBUG] aiosqlite: executing functools.partial(<built-in method close of sqlite3.Cursor object at 0x0000018C4DC2ADC0>)
2026-08-30 01:06:14,592 [DEBUG] aiosqlite: operation functools.partial(<built-in method close of sqlite3.Cursor object at 0x0000018C4DC2ADC0>) completed
2026-08-30 01:06:14,592 [INFO] sqlalchemy.engine.Engine: COMMIT
2026-08-30 01:06:14,592 [DEBUG] aiosqlite: executing functools.partial(<built-in method commit of sqlite3.Connection object at 0x0000018C4DC58E50>)
2026-08-30 01:06:14,592 [DEBUG] aiosqlite: operation functools.partial(<built-in method commit of sqlite3.Connection object at 0x0000018C4DC58E50>) completed
2026-08-30 01:06:14,592 [DEBUG] aiosqlite: executing functools.partial(<built-in method rollback of sqlite3.Connection object at 0x0000018C4DC58E50>)
2026-08-30 01:06:14,592 [DEBUG] aiosqlite: operation functools.partial(<built-in method rollback of sqlite3.Connection object at 0x0000018C4DC58E50>) completed
2026-08-30 01:06:14,592 [DEBUG] aiosqlite: executing functools.partial(<built-in method close of sqlite3.Connection object at 0x0000018C4DC58E50>)
2026-08-30 01:06:14,592 [DEBUG] aiosqlite: operation functools.partial(<built-in method close of sqlite3.Connection object at 0x0000018C4DC58E50>) completed
2026-08-30 01:06:19,631 [DEBUG] aiosqlite: executing <function connect.<locals>.connector at 0x0000018C4DC31620>
2026-08-30 01:06:19,635 [DEBUG] aiosqlite: operation <function connect.<locals>.connector at 0x0000018C4DC31620> completed
2026-08-30 01:06:19,635 [DEBUG] aiosqlite: executing functools.partial(<built-in method create_function of sqlite3.Connection object at 0x0000018C4DC59120>, 'regexp', 2, <function SQLiteDialect_pysqlite.on_connect.<locals>.regexp at 0x0000018C4AFFA660>, deterministic=True)
2026-08-30 01:06:19,638 [DEBUG] aiosqlite: operation functools.partial(<built-in method create_function of sqlite3.Connection object at 0x0000018C4DC59120>, 'regexp', 2, <function SQLiteDialect_pysqlite.on_connect.<locals>.regexp at 0x0000018C4AFFA660>, deterministic=True) completed
2026-08-30 01:06:19,638 [DEBUG] aiosqlite: executing functools.partial(<built-in method create_function of sqlite3.Connection object at 0x0000018C4DC59120>, 'floor', 1, <built-in function floor>, deterministic=True)
2026-08-30 01:06:19,638 [DEBUG] aiosqlite: operation functools.partial(<built-in method create_function of sqlite3.Connection object at 0x0000018C4DC59120>, 'floor', 1, <built-in function floor>, deterministic=True) completed
2026-08-30 01:06:19,640 [INFO] sqlalchemy.engine.Engine: BEGIN (implicit)
2026-08-30 01:06:19,640 [INFO] sqlalchemy.engine.Engine: SELECT task.id, task.story_id, task.status, task.progress, task.current_step, task.retry_count, task.error_message, task.created_at, task.updated_at 
FROM task 
WHERE task.id = ?
2026-08-30 01:06:19,642 [INFO] sqlalchemy.engine.Engine: [cached since 216.4s ago] ('2773220ff25c46149fb7e0fbe8bfafca',)
2026-08-30 01:06:19,643 [DEBUG] aiosqlite: executing functools.partial(<built-in method cursor of sqlite3.Connection object at 0x0000018C4DC59120>)
2026-08-30 01:06:19,643 [DEBUG] aiosqlite: operation functools.partial(<built-in method cursor of sqlite3.Connection object at 0x0000018C4DC59120>) completed
2026-08-30 01:06:19,643 [DEBUG] aiosqlite: executing functools.partial(<built-in method execute of sqlite3.Cursor object at 0x0000018C4DC2ABC0>, 'SELECT task.id, task.story_id, task.status, task.progress, task.current_step, task.retry_count, task.error_message, task.created_at, task.updated_at \nFROM task \nWHERE task.id = ?', ('2773220ff25c46149fb7e0fbe8bfafca',))
2026-08-30 01:06:19,643 [DEBUG] aiosqlite: operation functools.partial(<built-in method execute of sqlite3.Cursor object at 0x0000018C4DC2ABC0>, 'SELECT task.id, task.story_id, task.status, task.progress, task.current_step, task.retry_count, task.error_message, task.created_at, task.updated_at \nFROM task \nWHERE task.id = ?', ('2773220ff25c46149fb7e0fbe8bfafca',)) completed
2026-08-30 01:06:19,643 [DEBUG] aiosqlite: executing functools.partial(<built-in method fetchall of sqlite3.Cursor object at 0x0000018C4DC2ABC0>)
2026-08-30 01:06:19,643 [DEBUG] aiosqlite: operation functools.partial(<built-in method fetchall of sqlite3.Cursor object at 0x0000018C4DC2ABC0>) completed
2026-08-30 01:06:19,643 [DEBUG] aiosqlite: executing functools.partial(<built-in method close of sqlite3.Cursor object at 0x0000018C4DC2ABC0>)
2026-08-30 01:06:19,643 [DEBUG] aiosqlite: operation functools.partial(<built-in method close of sqlite3.Cursor object at 0x0000018C4DC2ABC0>) completed
2026-08-30 01:06:19,643 [INFO] sqlalchemy.engine.Engine: COMMIT
2026-08-30 01:06:19,643 [DEBUG] aiosqlite: executing functools.partial(<built-in method commit of sqlite3.Connection object at 0x0000018C4DC59120>)
2026-08-30 01:06:19,643 [DEBUG] aiosqlite: operation functools.partial(<built-in method commit of sqlite3.Connection object at 0x0000018C4DC59120>) completed
2026-08-30 01:06:19,643 [DEBUG] aiosqlite: executing functools.partial(<built-in method rollback of sqlite3.Connection object at 0x0000018C4DC59120>)
2026-08-30 01:06:19,643 [DEBUG] aiosqlite: operation functools.partial(<built-in method rollback of sqlite3.Connection object at 0x0000018C4DC59120>) completed
2026-08-30 01:06:19,643 [DEBUG] aiosqlite: executing functools.partial(<built-in method close of sqlite3.Connection object at 0x0000018C4DC59120>)
2026-08-30 01:06:19,643 [DEBUG] aiosqlite: operation functools.partial(<built-in method close of sqlite3.Connection object at 0x0000018C4DC59120>) completed
2026-08-30 01:06:24,680 [DEBUG] aiosqlite: executing <function connect.<locals>.connector at 0x0000018C4DC31800>
2026-08-30 01:06:24,689 [DEBUG] aiosqlite: operation <function connect.<locals>.connector at 0x0000018C4DC31800> completed
2026-08-30 01:06:24,690 [DEBUG] aiosqlite: executing functools.partial(<built-in method create_function of sqlite3.Connection object at 0x0000018C4DC593F0>, 'regexp', 2, <function SQLiteDialect_pysqlite.on_connect.<locals>.regexp at 0x0000018C4AFFA660>, deterministic=True)
2026-08-30 01:06:24,690 [DEBUG] aiosqlite: operation functools.partial(<built-in method create_function of sqlite3.Connection object at 0x0000018C4DC593F0>, 'regexp', 2, <function SQLiteDialect_pysqlite.on_connect.<locals>.regexp at 0x0000018C4AFFA660>, deterministic=True) completed
2026-08-30 01:06:24,690 [DEBUG] aiosqlite: executing functools.partial(<built-in method create_function of sqlite3.Connection object at 0x0000018C4DC593F0>, 'floor', 1, <built-in function floor>, deterministic=True)
2026-08-30 01:06:24,691 [DEBUG] aiosqlite: operation functools.partial(<built-in method create_function of sqlite3.Connection object at 0x0000018C4DC593F0>, 'floor', 1, <built-in function floor>, deterministic=True) completed
2026-08-30 01:06:24,691 [INFO] sqlalchemy.engine.Engine: BEGIN (implicit)
2026-08-30 01:06:24,691 [INFO] sqlalchemy.engine.Engine: SELECT task.id, task.story_id, task.status, task.progress, task.current_step, task.retry_count, task.error_message, task.created_at, task.updated_at 
FROM task 
WHERE task.id = ?
2026-08-30 01:06:24,691 [INFO] sqlalchemy.engine.Engine: [cached since 221.5s ago] ('2773220ff25c46149fb7e0fbe8bfafca',)
2026-08-30 01:06:24,692 [DEBUG] aiosqlite: executing functools.partial(<built-in method cursor of sqlite3.Connection object at 0x0000018C4DC593F0>)
2026-08-30 01:06:24,692 [DEBUG] aiosqlite: operation functools.partial(<built-in method cursor of sqlite3.Connection object at 0x0000018C4DC593F0>) completed
2026-08-30 01:06:24,692 [DEBUG] aiosqlite: executing functools.partial(<built-in method execute of sqlite3.Cursor object at 0x0000018C4DC2ACC0>, 'SELECT task.id, task.story_id, task.status, task.progress, task.current_step, task.retry_count, task.error_message, task.created_at, task.updated_at \nFROM task \nWHERE task.id = ?', ('2773220ff25c46149fb7e0fbe8bfafca',))
2026-08-30 01:06:24,693 [DEBUG] aiosqlite: operation functools.partial(<built-in method execute of sqlite3.Cursor object at 0x0000018C4DC2ACC0>, 'SELECT task.id, task.story_id, task.status, task.progress, task.current_step, task.retry_count, task.error_message, task.created_at, task.updated_at \nFROM task \nWHERE task.id = ?', ('2773220ff25c46149fb7e0fbe8bfafca',)) completed
2026-08-30 01:06:24,693 [DEBUG] aiosqlite: executing functools.partial(<built-in method fetchall of sqlite3.Cursor object at 0x0000018C4DC2ACC0>)
2026-08-30 01:06:24,693 [DEBUG] aiosqlite: operation functools.partial(<built-in method fetchall of sqlite3.Cursor object at 0x0000018C4DC2ACC0>) completed
2026-08-30 01:06:24,694 [DEBUG] aiosqlite: executing functools.partial(<built-in method close of sqlite3.Cursor object at 0x0000018C4DC2ACC0>)
2026-08-30 01:06:24,694 [DEBUG] aiosqlite: operation functools.partial(<built-in method close of sqlite3.Cursor object at 0x0000018C4DC2ACC0>) completed
2026-08-30 01:06:24,694 [INFO] sqlalchemy.engine.Engine: COMMIT
2026-08-30 01:06:24,695 [DEBUG] aiosqlite: executing functools.partial(<built-in method commit of sqlite3.Connection object at 0x0000018C4DC593F0>)
2026-08-30 01:06:24,695 [DEBUG] aiosqlite: operation functools.partial(<built-in method commit of sqlite3.Connection object at 0x0000018C4DC593F0>) completed
2026-08-30 01:06:24,695 [DEBUG] aiosqlite: executing functools.partial(<built-in method rollback of sqlite3.Connection object at 0x0000018C4DC593F0>)
2026-08-30 01:06:24,695 [DEBUG] aiosqlite: operation functools.partial(<built-in method rollback of sqlite3.Connection object at 0x0000018C4DC593F0>) completed
2026-08-30 01:06:24,695 [DEBUG] aiosqlite: executing functools.partial(<built-in method close of sqlite3.Connection object at 0x0000018C4DC593F0>)
2026-08-30 01:06:24,695 [DEBUG] aiosqlite: operation functools.partial(<built-in method close of sqlite3.Connection object at 0x0000018C4DC593F0>) completed
2026-08-30 01:06:29,712 [DEBUG] aiosqlite: executing <function connect.<locals>.connector at 0x0000018C4DC311C0>
2026-08-30 01:06:29,717 [DEBUG] aiosqlite: operation <function connect.<locals>.connector at 0x0000018C4DC311C0> completed
2026-08-30 01:06:29,717 [DEBUG] aiosqlite: executing functools.partial(<built-in method create_function of sqlite3.Connection object at 0x0000018C4DC596C0>, 'regexp', 2, <function SQLiteDialect_pysqlite.on_connect.<locals>.regexp at 0x0000018C4AFFA660>, deterministic=True)
2026-08-30 01:06:29,718 [DEBUG] aiosqlite: operation functools.partial(<built-in method create_function of sqlite3.Connection object at 0x0000018C4DC596C0>, 'regexp', 2, <function SQLiteDialect_pysqlite.on_connect.<locals>.regexp at 0x0000018C4AFFA660>, deterministic=True) completed
2026-08-30 01:06:29,718 [DEBUG] aiosqlite: executing functools.partial(<built-in method create_function of sqlite3.Connection object at 0x0000018C4DC596C0>, 'floor', 1, <built-in function floor>, deterministic=True)
2026-08-30 01:06:29,718 [DEBUG] aiosqlite: operation functools.partial(<built-in method create_function of sqlite3.Connection object at 0x0000018C4DC596C0>, 'floor', 1, <built-in function floor>, deterministic=True) completed
2026-08-30 01:06:29,719 [INFO] sqlalchemy.engine.Engine: BEGIN (implicit)
2026-08-30 01:06:29,719 [INFO] sqlalchemy.engine.Engine: SELECT task.id, task.story_id, task.status, task.progress, task.current_step, task.retry_count, task.error_message, task.created_at, task.updated_at 
FROM task 
WHERE task.id = ?
2026-08-30 01:06:29,720 [INFO] sqlalchemy.engine.Engine: [cached since 226.5s ago] ('2773220ff25c46149fb7e0fbe8bfafca',)
2026-08-30 01:06:29,720 [DEBUG] aiosqlite: executing functools.partial(<built-in method cursor of sqlite3.Connection object at 0x0000018C4DC596C0>)
2026-08-30 01:06:29,721 [DEBUG] aiosqlite: operation functools.partial(<built-in method cursor of sqlite3.Connection object at 0x0000018C4DC596C0>) completed
2026-08-30 01:06:29,721 [DEBUG] aiosqlite: executing functools.partial(<built-in method execute of sqlite3.Cursor object at 0x0000018C4DC20640>, 'SELECT task.id, task.story_id, task.status, task.progress, task.current_step, task.retry_count, task.error_message, task.created_at, task.updated_at \nFROM task \nWHERE task.id = ?', ('2773220ff25c46149fb7e0fbe8bfafca',))
2026-08-30 01:06:29,722 [DEBUG] aiosqlite: operation functools.partial(<built-in method execute of sqlite3.Cursor object at 0x0000018C4DC20640>, 'SELECT task.id, task.story_id, task.status, task.progress, task.current_step, task.retry_count, task.error_message, task.created_at, task.updated_at \nFROM task \nWHERE task.id = ?', ('2773220ff25c46149fb7e0fbe8bfafca',)) completed
2026-08-30 01:06:29,722 [DEBUG] aiosqlite: executing functools.partial(<built-in method fetchall of sqlite3.Cursor object at 0x0000018C4DC20640>)
2026-08-30 01:06:29,723 [DEBUG] aiosqlite: operation functools.partial(<built-in method fetchall of sqlite3.Cursor object at 0x0000018C4DC20640>) completed
2026-08-30 01:06:29,723 [DEBUG] aiosqlite: executing functools.partial(<built-in method close of sqlite3.Cursor object at 0x0000018C4DC20640>)
2026-08-30 01:06:29,723 [DEBUG] aiosqlite: operation functools.partial(<built-in method close of sqlite3.Cursor object at 0x0000018C4DC20640>) completed
2026-08-30 01:06:29,723 [INFO] sqlalchemy.engine.Engine: COMMIT
2026-08-30 01:06:29,723 [DEBUG] aiosqlite: executing functools.partial(<built-in method commit of sqlite3.Connection object at 0x0000018C4DC596C0>)
2026-08-30 01:06:29,723 [DEBUG] aiosqlite: operation functools.partial(<built-in method commit of sqlite3.Connection object at 0x0000018C4DC596C0>) completed
2026-08-30 01:06:29,723 [DEBUG] aiosqlite: executing functools.partial(<built-in method rollback of sqlite3.Connection object at 0x0000018C4DC596C0>)
2026-08-30 01:06:29,723 [DEBUG] aiosqlite: operation functools.partial(<built-in method rollback of sqlite3.Connection object at 0x0000018C4DC596C0>) completed
2026-08-30 01:06:29,723 [DEBUG] aiosqlite: executing functools.partial(<built-in method close of sqlite3.Connection object at 0x0000018C4DC596C0>)
2026-08-30 01:06:29,723 [DEBUG] aiosqlite: operation functools.partial(<built-in method close of sqlite3.Connection object at 0x0000018C4DC596C0>) completed
2026-08-30 01:06:34,748 [DEBUG] aiosqlite: executing <function connect.<locals>.connector at 0x0000018C4DC314E0>
2026-08-30 01:06:34,751 [DEBUG] aiosqlite: operation <function connect.<locals>.connector at 0x0000018C4DC314E0> completed
2026-08-30 01:06:34,751 [DEBUG] aiosqlite: executing functools.partial(<built-in method create_function of sqlite3.Connection object at 0x0000018C4DC59990>, 'regexp', 2, <function SQLiteDialect_pysqlite.on_connect.<locals>.regexp at 0x0000018C4AFFA660>, deterministic=True)
2026-08-30 01:06:34,751 [DEBUG] aiosqlite: operation functools.partial(<built-in method create_function of sqlite3.Connection object at 0x0000018C4DC59990>, 'regexp', 2, <function SQLiteDialect_pysqlite.on_connect.<locals>.regexp at 0x0000018C4AFFA660>, deterministic=True) completed
2026-08-30 01:06:34,751 [DEBUG] aiosqlite: executing functools.partial(<built-in method create_function of sqlite3.Connection object at 0x0000018C4DC59990>, 'floor', 1, <built-in function floor>, deterministic=True)
2026-08-30 01:06:34,751 [DEBUG] aiosqlite: operation functools.partial(<built-in method create_function of sqlite3.Connection object at 0x0000018C4DC59990>, 'floor', 1, <built-in function floor>, deterministic=True) completed
2026-08-30 01:06:34,751 [INFO] sqlalchemy.engine.Engine: BEGIN (implicit)
2026-08-30 01:06:34,751 [INFO] sqlalchemy.engine.Engine: SELECT task.id, task.story_id, task.status, task.progress, task.current_step, task.retry_count, task.error_message, task.created_at, task.updated_at 
FROM task 
WHERE task.id = ?
2026-08-30 01:06:34,751 [INFO] sqlalchemy.engine.Engine: [cached since 231.5s ago] ('2773220ff25c46149fb7e0fbe8bfafca',)
2026-08-30 01:06:34,751 [DEBUG] aiosqlite: executing functools.partial(<built-in method cursor of sqlite3.Connection object at 0x0000018C4DC59990>)
2026-08-30 01:06:34,751 [DEBUG] aiosqlite: operation functools.partial(<built-in method cursor of sqlite3.Connection object at 0x0000018C4DC59990>) completed
2026-08-30 01:06:34,751 [DEBUG] aiosqlite: executing functools.partial(<built-in method execute of sqlite3.Cursor object at 0x0000018C4DC20BC0>, 'SELECT task.id, task.story_id, task.status, task.progress, task.current_step, task.retry_count, task.error_message, task.created_at, task.updated_at \nFROM task \nWHERE task.id = ?', ('2773220ff25c46149fb7e0fbe8bfafca',))
2026-08-30 01:06:34,759 [DEBUG] aiosqlite: operation functools.partial(<built-in method execute of sqlite3.Cursor object at 0x0000018C4DC20BC0>, 'SELECT task.id, task.story_id, task.status, task.progress, task.current_step, task.retry_count, task.error_message, task.created_at, task.updated_at \nFROM task \nWHERE task.id = ?', ('2773220ff25c46149fb7e0fbe8bfafca',)) completed
2026-08-30 01:06:34,759 [DEBUG] aiosqlite: executing functools.partial(<built-in method fetchall of sqlite3.Cursor object at 0x0000018C4DC20BC0>)
2026-08-30 01:06:34,761 [DEBUG] aiosqlite: operation functools.partial(<built-in method fetchall of sqlite3.Cursor object at 0x0000018C4DC20BC0>) completed
2026-08-30 01:06:34,761 [DEBUG] aiosqlite: executing functools.partial(<built-in method close of sqlite3.Cursor object at 0x0000018C4DC20BC0>)
2026-08-30 01:06:34,761 [DEBUG] aiosqlite: operation functools.partial(<built-in method close of sqlite3.Cursor object at 0x0000018C4DC20BC0>) completed
2026-08-30 01:06:34,761 [INFO] sqlalchemy.engine.Engine: COMMIT
2026-08-30 01:06:34,761 [DEBUG] aiosqlite: executing functools.partial(<built-in method commit of sqlite3.Connection object at 0x0000018C4DC59990>)
2026-08-30 01:06:34,761 [DEBUG] aiosqlite: operation functools.partial(<built-in method commit of sqlite3.Connection object at 0x0000018C4DC59990>) completed
2026-08-30 01:06:34,761 [DEBUG] aiosqlite: executing functools.partial(<built-in method rollback of sqlite3.Connection object at 0x0000018C4DC59990>)
2026-08-30 01:06:34,761 [DEBUG] aiosqlite: operation functools.partial(<built-in method rollback of sqlite3.Connection object at 0x0000018C4DC59990>) completed
2026-08-30 01:06:34,761 [DEBUG] aiosqlite: executing functools.partial(<built-in method close of sqlite3.Connection object at 0x0000018C4DC59990>)
2026-08-30 01:06:34,761 [DEBUG] aiosqlite: operation functools.partial(<built-in method close of sqlite3.Connection object at 0x0000018C4DC59990>) completed
2026-08-30 01:06:39,784 [DEBUG] aiosqlite: executing <function connect.<locals>.connector at 0x0000018C4DC31E40>
2026-08-30 01:06:39,785 [DEBUG] aiosqlite: operation <function connect.<locals>.connector at 0x0000018C4DC31E40> completed
2026-08-30 01:06:39,785 [DEBUG] aiosqlite: executing functools.partial(<built-in method create_function of sqlite3.Connection object at 0x0000018C4DB5B3D0>, 'regexp', 2, <function SQLiteDialect_pysqlite.on_connect.<locals>.regexp at 0x0000018C4AFFA660>, deterministic=True)
2026-08-30 01:06:39,785 [DEBUG] aiosqlite: operation functools.partial(<built-in method create_function of sqlite3.Connection object at 0x0000018C4DB5B3D0>, 'regexp', 2, <function SQLiteDialect_pysqlite.on_connect.<locals>.regexp at 0x0000018C4AFFA660>, deterministic=True) completed
2026-08-30 01:06:39,785 [DEBUG] aiosqlite: executing functools.partial(<built-in method create_function of sqlite3.Connection object at 0x0000018C4DB5B3D0>, 'floor', 1, <built-in function floor>, deterministic=True)
2026-08-30 01:06:39,785 [DEBUG] aiosqlite: operation functools.partial(<built-in method create_function of sqlite3.Connection object at 0x0000018C4DB5B3D0>, 'floor', 1, <built-in function floor>, deterministic=True) completed
2026-08-30 01:06:39,785 [INFO] sqlalchemy.engine.Engine: BEGIN (implicit)
2026-08-30 01:06:39,785 [INFO] sqlalchemy.engine.Engine: SELECT task.id, task.story_id, task.status, task.progress, task.current_step, task.retry_count, task.error_message, task.created_at, task.updated_at 
FROM task 
WHERE task.id = ?
2026-08-30 01:06:39,785 [INFO] sqlalchemy.engine.Engine: [cached since 236.6s ago] ('2773220ff25c46149fb7e0fbe8bfafca',)
2026-08-30 01:06:39,785 [DEBUG] aiosqlite: executing functools.partial(<built-in method cursor of sqlite3.Connection object at 0x0000018C4DB5B3D0>)
2026-08-30 01:06:39,785 [DEBUG] aiosqlite: operation functools.partial(<built-in method cursor of sqlite3.Connection object at 0x0000018C4DB5B3D0>) completed
2026-08-30 01:06:39,785 [DEBUG] aiosqlite: executing functools.partial(<built-in method execute of sqlite3.Cursor object at 0x0000018C4DC2BBC0>, 'SELECT task.id, task.story_id, task.status, task.progress, task.current_step, task.retry_count, task.error_message, task.created_at, task.updated_at \nFROM task \nWHERE task.id = ?', ('2773220ff25c46149fb7e0fbe8bfafca',))
2026-08-30 01:06:39,785 [DEBUG] aiosqlite: operation functools.partial(<built-in method execute of sqlite3.Cursor object at 0x0000018C4DC2BBC0>, 'SELECT task.id, task.story_id, task.status, task.progress, task.current_step, task.retry_count, task.error_message, task.created_at, task.updated_at \nFROM task \nWHERE task.id = ?', ('2773220ff25c46149fb7e0fbe8bfafca',)) completed
2026-08-30 01:06:39,795 [DEBUG] aiosqlite: executing functools.partial(<built-in method fetchall of sqlite3.Cursor object at 0x0000018C4DC2BBC0>)
2026-08-30 01:06:39,796 [DEBUG] aiosqlite: operation functools.partial(<built-in method fetchall of sqlite3.Cursor object at 0x0000018C4DC2BBC0>) completed
2026-08-30 01:06:39,796 [DEBUG] aiosqlite: executing functools.partial(<built-in method close of sqlite3.Cursor object at 0x0000018C4DC2BBC0>)
2026-08-30 01:06:39,796 [DEBUG] aiosqlite: operation functools.partial(<built-in method close of sqlite3.Cursor object at 0x0000018C4DC2BBC0>) completed
2026-08-30 01:06:39,796 [INFO] sqlalchemy.engine.Engine: COMMIT
2026-08-30 01:06:39,796 [DEBUG] aiosqlite: executing functools.partial(<built-in method commit of sqlite3.Connection object at 0x0000018C4DB5B3D0>)
2026-08-30 01:06:39,796 [DEBUG] aiosqlite: operation functools.partial(<built-in method commit of sqlite3.Connection object at 0x0000018C4DB5B3D0>) completed
2026-08-30 01:06:39,796 [DEBUG] aiosqlite: executing functools.partial(<built-in method rollback of sqlite3.Connection object at 0x0000018C4DB5B3D0>)
2026-08-30 01:06:39,796 [DEBUG] aiosqlite: operation functools.partial(<built-in method rollback of sqlite3.Connection object at 0x0000018C4DB5B3D0>) completed
2026-08-30 01:06:39,796 [DEBUG] aiosqlite: executing functools.partial(<built-in method close of sqlite3.Connection object at 0x0000018C4DB5B3D0>)
2026-08-30 01:06:39,796 [DEBUG] aiosqlite: operation functools.partial(<built-in method close of sqlite3.Connection object at 0x0000018C4DB5B3D0>) completed
2026-08-30 01:06:44,810 [DEBUG] aiosqlite: executing <function connect.<locals>.connector at 0x0000018C4DC31EE0>
2026-08-30 01:06:44,812 [DEBUG] aiosqlite: operation <function connect.<locals>.connector at 0x0000018C4DC31EE0> completed
2026-08-30 01:06:44,812 [DEBUG] aiosqlite: executing functools.partial(<built-in method create_function of sqlite3.Connection object at 0x0000018C4DB5AE30>, 'regexp', 2, <function SQLiteDialect_pysqlite.on_connect.<locals>.regexp at 0x0000018C4AFFA660>, deterministic=True)
2026-08-30 01:06:44,812 [DEBUG] aiosqlite: operation functools.partial(<built-in method create_function of sqlite3.Connection object at 0x0000018C4DB5AE30>, 'regexp', 2, <function SQLiteDialect_pysqlite.on_connect.<locals>.regexp at 0x0000018C4AFFA660>, deterministic=True) completed
2026-08-30 01:06:44,812 [DEBUG] aiosqlite: executing functools.partial(<built-in method create_function of sqlite3.Connection object at 0x0000018C4DB5AE30>, 'floor', 1, <built-in function floor>, deterministic=True)
2026-08-30 01:06:44,812 [DEBUG] aiosqlite: operation functools.partial(<built-in method create_function of sqlite3.Connection object at 0x0000018C4DB5AE30>, 'floor', 1, <built-in function floor>, deterministic=True) completed
2026-08-30 01:06:44,812 [INFO] sqlalchemy.engine.Engine: BEGIN (implicit)
2026-08-30 01:06:44,812 [INFO] sqlalchemy.engine.Engine: SELECT task.id, task.story_id, task.status, task.progress, task.current_step, task.retry_count, task.error_message, task.created_at, task.updated_at 
FROM task 
WHERE task.id = ?
2026-08-30 01:06:44,812 [INFO] sqlalchemy.engine.Engine: [cached since 241.6s ago] ('2773220ff25c46149fb7e0fbe8bfafca',)
2026-08-30 01:06:44,812 [DEBUG] aiosqlite: executing functools.partial(<built-in method cursor of sqlite3.Connection object at 0x0000018C4DB5AE30>)
2026-08-30 01:06:44,812 [DEBUG] aiosqlite: operation functools.partial(<built-in method cursor of sqlite3.Connection object at 0x0000018C4DB5AE30>) completed
2026-08-30 01:06:44,812 [DEBUG] aiosqlite: executing functools.partial(<built-in method execute of sqlite3.Cursor object at 0x0000018C4DC2B040>, 'SELECT task.id, task.story_id, task.status, task.progress, task.current_step, task.retry_count, task.error_message, task.created_at, task.updated_at \nFROM task \nWHERE task.id = ?', ('2773220ff25c46149fb7e0fbe8bfafca',))
2026-08-30 01:06:44,812 [DEBUG] aiosqlite: operation functools.partial(<built-in method execute of sqlite3.Cursor object at 0x0000018C4DC2B040>, 'SELECT task.id, task.story_id, task.status, task.progress, task.current_step, task.retry_count, task.error_message, task.created_at, task.updated_at \nFROM task \nWHERE task.id = ?', ('2773220ff25c46149fb7e0fbe8bfafca',)) completed
2026-08-30 01:06:44,812 [DEBUG] aiosqlite: executing functools.partial(<built-in method fetchall of sqlite3.Cursor object at 0x0000018C4DC2B040>)
2026-08-30 01:06:44,812 [DEBUG] aiosqlite: operation functools.partial(<built-in method fetchall of sqlite3.Cursor object at 0x0000018C4DC2B040>) completed
2026-08-30 01:06:44,812 [DEBUG] aiosqlite: executing functools.partial(<built-in method close of sqlite3.Cursor object at 0x0000018C4DC2B040>)
2026-08-30 01:06:44,812 [DEBUG] aiosqlite: operation functools.partial(<built-in method close of sqlite3.Cursor object at 0x0000018C4DC2B040>) completed
2026-08-30 01:06:44,812 [INFO] sqlalchemy.engine.Engine: COMMIT
2026-08-30 01:06:44,812 [DEBUG] aiosqlite: executing functools.partial(<built-in method commit of sqlite3.Connection object at 0x0000018C4DB5AE30>)
2026-08-30 01:06:44,812 [DEBUG] aiosqlite: operation functools.partial(<built-in method commit of sqlite3.Connection object at 0x0000018C4DB5AE30>) completed
2026-08-30 01:06:44,812 [DEBUG] aiosqlite: executing functools.partial(<built-in method rollback of sqlite3.Connection object at 0x0000018C4DB5AE30>)
2026-08-30 01:06:44,812 [DEBUG] aiosqlite: operation functools.partial(<built-in method rollback of sqlite3.Connection object at 0x0000018C4DB5AE30>) completed
2026-08-30 01:06:44,812 [DEBUG] aiosqlite: executing functools.partial(<built-in method close of sqlite3.Connection object at 0x0000018C4DB5AE30>)
2026-08-30 01:06:44,812 [DEBUG] aiosqlite: operation functools.partial(<built-in method close of sqlite3.Connection object at 0x0000018C4DB5AE30>) completed
2026-08-30 01:06:49,841 [DEBUG] aiosqlite: executing <function connect.<locals>.connector at 0x0000018C4DC302C0>
2026-08-30 01:06:49,841 [DEBUG] aiosqlite: operation <function connect.<locals>.connector at 0x0000018C4DC302C0> completed
2026-08-30 01:06:49,842 [DEBUG] aiosqlite: executing functools.partial(<built-in method create_function of sqlite3.Connection object at 0x0000018C4DB5AF20>, 'regexp', 2, <function SQLiteDialect_pysqlite.on_connect.<locals>.regexp at 0x0000018C4AFFA660>, deterministic=True)
2026-08-30 01:06:49,842 [DEBUG] aiosqlite: operation functools.partial(<built-in method create_function of sqlite3.Connection object at 0x0000018C4DB5AF20>, 'regexp', 2, <function SQLiteDialect_pysqlite.on_connect.<locals>.regexp at 0x0000018C4AFFA660>, deterministic=True) completed
2026-08-30 01:06:49,842 [DEBUG] aiosqlite: executing functools.partial(<built-in method create_function of sqlite3.Connection object at 0x0000018C4DB5AF20>, 'floor', 1, <built-in function floor>, deterministic=True)
2026-08-30 01:06:49,842 [DEBUG] aiosqlite: operation functools.partial(<built-in method create_function of sqlite3.Connection object at 0x0000018C4DB5AF20>, 'floor', 1, <built-in function floor>, deterministic=True) completed
2026-08-30 01:06:49,843 [INFO] sqlalchemy.engine.Engine: BEGIN (implicit)
2026-08-30 01:06:49,843 [INFO] sqlalchemy.engine.Engine: SELECT task.id, task.story_id, task.status, task.progress, task.current_step, task.retry_count, task.error_message, task.created_at, task.updated_at 
FROM task 
WHERE task.id = ?
2026-08-30 01:06:49,843 [INFO] sqlalchemy.engine.Engine: [cached since 246.6s ago] ('2773220ff25c46149fb7e0fbe8bfafca',)
2026-08-30 01:06:49,843 [DEBUG] aiosqlite: executing functools.partial(<built-in method cursor of sqlite3.Connection object at 0x0000018C4DB5AF20>)
2026-08-30 01:06:49,843 [DEBUG] aiosqlite: operation functools.partial(<built-in method cursor of sqlite3.Connection object at 0x0000018C4DB5AF20>) completed
2026-08-30 01:06:49,844 [DEBUG] aiosqlite: executing functools.partial(<built-in method execute of sqlite3.Cursor object at 0x0000018C4DC2BEC0>, 'SELECT task.id, task.story_id, task.status, task.progress, task.current_step, task.retry_count, task.error_message, task.created_at, task.updated_at \nFROM task \nWHERE task.id = ?', ('2773220ff25c46149fb7e0fbe8bfafca',))
2026-08-30 01:06:49,844 [DEBUG] aiosqlite: operation functools.partial(<built-in method execute of sqlite3.Cursor object at 0x0000018C4DC2BEC0>, 'SELECT task.id, task.story_id, task.status, task.progress, task.current_step, task.retry_count, task.error_message, task.created_at, task.updated_at \nFROM task \nWHERE task.id = ?', ('2773220ff25c46149fb7e0fbe8bfafca',)) completed
2026-08-30 01:06:49,845 [DEBUG] aiosqlite: executing functools.partial(<built-in method fetchall of sqlite3.Cursor object at 0x0000018C4DC2BEC0>)
2026-08-30 01:06:49,845 [DEBUG] aiosqlite: operation functools.partial(<built-in method fetchall of sqlite3.Cursor object at 0x0000018C4DC2BEC0>) completed
2026-08-30 01:06:49,845 [DEBUG] aiosqlite: executing functools.partial(<built-in method close of sqlite3.Cursor object at 0x0000018C4DC2BEC0>)
2026-08-30 01:06:49,845 [DEBUG] aiosqlite: operation functools.partial(<built-in method close of sqlite3.Cursor object at 0x0000018C4DC2BEC0>) completed
2026-08-30 01:06:49,846 [INFO] sqlalchemy.engine.Engine: COMMIT
2026-08-30 01:06:49,846 [DEBUG] aiosqlite: executing functools.partial(<built-in method commit of sqlite3.Connection object at 0x0000018C4DB5AF20>)
2026-08-30 01:06:49,846 [DEBUG] aiosqlite: operation functools.partial(<built-in method commit of sqlite3.Connection object at 0x0000018C4DB5AF20>) completed
2026-08-30 01:06:49,846 [DEBUG] aiosqlite: executing functools.partial(<built-in method rollback of sqlite3.Connection object at 0x0000018C4DB5AF20>)
2026-08-30 01:06:49,847 [DEBUG] aiosqlite: operation functools.partial(<built-in method rollback of sqlite3.Connection object at 0x0000018C4DB5AF20>) completed
2026-08-30 01:06:49,847 [DEBUG] aiosqlite: executing functools.partial(<built-in method close of sqlite3.Connection object at 0x0000018C4DB5AF20>)
2026-08-30 01:06:49,847 [DEBUG] aiosqlite: operation functools.partial(<built-in method close of sqlite3.Connection object at 0x0000018C4DB5AF20>) completed
2026-08-30 01:06:54,871 [DEBUG] aiosqlite: executing <function connect.<locals>.connector at 0x0000018C4DC32AC0>
2026-08-30 01:06:54,871 [DEBUG] aiosqlite: operation <function connect.<locals>.connector at 0x0000018C4DC32AC0> completed
2026-08-30 01:06:54,871 [DEBUG] aiosqlite: executing functools.partial(<built-in method create_function of sqlite3.Connection object at 0x0000018C4DB5AD40>, 'regexp', 2, <function SQLiteDialect_pysqlite.on_connect.<locals>.regexp at 0x0000018C4AFFA660>, deterministic=True)
2026-08-30 01:06:54,871 [DEBUG] aiosqlite: operation functools.partial(<built-in method create_function of sqlite3.Connection object at 0x0000018C4DB5AD40>, 'regexp', 2, <function SQLiteDialect_pysqlite.on_connect.<locals>.regexp at 0x0000018C4AFFA660>, deterministic=True) completed
2026-08-30 01:06:54,871 [DEBUG] aiosqlite: executing functools.partial(<built-in method create_function of sqlite3.Connection object at 0x0000018C4DB5AD40>, 'floor', 1, <built-in function floor>, deterministic=True)
2026-08-30 01:06:54,871 [DEBUG] aiosqlite: operation functools.partial(<built-in method create_function of sqlite3.Connection object at 0x0000018C4DB5AD40>, 'floor', 1, <built-in function floor>, deterministic=True) completed
2026-08-30 01:06:54,871 [INFO] sqlalchemy.engine.Engine: BEGIN (implicit)
2026-08-30 01:06:54,871 [INFO] sqlalchemy.engine.Engine: SELECT task.id, task.story_id, task.status, task.progress, task.current_step, task.retry_count, task.error_message, task.created_at, task.updated_at 
FROM task 
WHERE task.id = ?
2026-08-30 01:06:54,871 [INFO] sqlalchemy.engine.Engine: [cached since 251.6s ago] ('2773220ff25c46149fb7e0fbe8bfafca',)
2026-08-30 01:06:54,871 [DEBUG] aiosqlite: executing functools.partial(<built-in method cursor of sqlite3.Connection object at 0x0000018C4DB5AD40>)
2026-08-30 01:06:54,871 [DEBUG] aiosqlite: operation functools.partial(<built-in method cursor of sqlite3.Connection object at 0x0000018C4DB5AD40>) completed
2026-08-30 01:06:54,871 [DEBUG] aiosqlite: executing functools.partial(<built-in method execute of sqlite3.Cursor object at 0x0000018C4DC2A8C0>, 'SELECT task.id, task.story_id, task.status, task.progress, task.current_step, task.retry_count, task.error_message, task.created_at, task.updated_at \nFROM task \nWHERE task.id = ?', ('2773220ff25c46149fb7e0fbe8bfafca',))
2026-08-30 01:06:54,871 [DEBUG] aiosqlite: operation functools.partial(<built-in method execute of sqlite3.Cursor object at 0x0000018C4DC2A8C0>, 'SELECT task.id, task.story_id, task.status, task.progress, task.current_step, task.retry_count, task.error_message, task.created_at, task.updated_at \nFROM task \nWHERE task.id = ?', ('2773220ff25c46149fb7e0fbe8bfafca',)) completed
2026-08-30 01:06:54,871 [DEBUG] aiosqlite: executing functools.partial(<built-in method fetchall of sqlite3.Cursor object at 0x0000018C4DC2A8C0>)
2026-08-30 01:06:54,871 [DEBUG] aiosqlite: operation functools.partial(<built-in method fetchall of sqlite3.Cursor object at 0x0000018C4DC2A8C0>) completed
2026-08-30 01:06:54,871 [DEBUG] aiosqlite: executing functools.partial(<built-in method close of sqlite3.Cursor object at 0x0000018C4DC2A8C0>)
2026-08-30 01:06:54,871 [DEBUG] aiosqlite: operation functools.partial(<built-in method close of sqlite3.Cursor object at 0x0000018C4DC2A8C0>) completed
2026-08-30 01:06:54,871 [INFO] sqlalchemy.engine.Engine: COMMIT
2026-08-30 01:06:54,880 [DEBUG] aiosqlite: executing functools.partial(<built-in method commit of sqlite3.Connection object at 0x0000018C4DB5AD40>)
2026-08-30 01:06:54,880 [DEBUG] aiosqlite: operation functools.partial(<built-in method commit of sqlite3.Connection object at 0x0000018C4DB5AD40>) completed
2026-08-30 01:06:54,880 [DEBUG] aiosqlite: executing functools.partial(<built-in method rollback of sqlite3.Connection object at 0x0000018C4DB5AD40>)
2026-08-30 01:06:54,880 [DEBUG] aiosqlite: operation functools.partial(<built-in method rollback of sqlite3.Connection object at 0x0000018C4DB5AD40>) completed
2026-08-30 01:06:54,881 [DEBUG] aiosqlite: executing functools.partial(<built-in method close of sqlite3.Connection object at 0x0000018C4DB5AD40>)
2026-08-30 01:06:54,881 [DEBUG] aiosqlite: operation functools.partial(<built-in method close of sqlite3.Connection object at 0x0000018C4DB5AD40>) completed
2026-08-30 01:06:59,892 [DEBUG] aiosqlite: executing <function connect.<locals>.connector at 0x0000018C4DC316C0>
2026-08-30 01:06:59,894 [DEBUG] aiosqlite: operation <function connect.<locals>.connector at 0x0000018C4DC316C0> completed
2026-08-30 01:06:59,895 [DEBUG] aiosqlite: executing functools.partial(<built-in method create_function of sqlite3.Connection object at 0x0000018C4DB5A7A0>, 'regexp', 2, <function SQLiteDialect_pysqlite.on_connect.<locals>.regexp at 0x0000018C4AFFA660>, deterministic=True)
2026-08-30 01:06:59,895 [DEBUG] aiosqlite: operation functools.partial(<built-in method create_function of sqlite3.Connection object at 0x0000018C4DB5A7A0>, 'regexp', 2, <function SQLiteDialect_pysqlite.on_connect.<locals>.regexp at 0x0000018C4AFFA660>, deterministic=True) completed
2026-08-30 01:06:59,896 [DEBUG] aiosqlite: executing functools.partial(<built-in method create_function of sqlite3.Connection object at 0x0000018C4DB5A7A0>, 'floor', 1, <built-in function floor>, deterministic=True)
2026-08-30 01:06:59,898 [DEBUG] aiosqlite: operation functools.partial(<built-in method create_function of sqlite3.Connection object at 0x0000018C4DB5A7A0>, 'floor', 1, <built-in function floor>, deterministic=True) completed
2026-08-30 01:06:59,898 [INFO] sqlalchemy.engine.Engine: BEGIN (implicit)
2026-08-30 01:06:59,899 [INFO] sqlalchemy.engine.Engine: SELECT task.id, task.story_id, task.status, task.progress, task.current_step, task.retry_count, task.error_message, task.created_at, task.updated_at 
FROM task 
WHERE task.id = ?
2026-08-30 01:06:59,900 [INFO] sqlalchemy.engine.Engine: [cached since 256.7s ago] ('2773220ff25c46149fb7e0fbe8bfafca',)
2026-08-30 01:06:59,900 [DEBUG] aiosqlite: executing functools.partial(<built-in method cursor of sqlite3.Connection object at 0x0000018C4DB5A7A0>)
2026-08-30 01:06:59,901 [DEBUG] aiosqlite: operation functools.partial(<built-in method cursor of sqlite3.Connection object at 0x0000018C4DB5A7A0>) completed
2026-08-30 01:06:59,901 [DEBUG] aiosqlite: executing functools.partial(<built-in method execute of sqlite3.Cursor object at 0x0000018C4DC2B7C0>, 'SELECT task.id, task.story_id, task.status, task.progress, task.current_step, task.retry_count, task.error_message, task.created_at, task.updated_at \nFROM task \nWHERE task.id = ?', ('2773220ff25c46149fb7e0fbe8bfafca',))
2026-08-30 01:06:59,902 [DEBUG] aiosqlite: operation functools.partial(<built-in method execute of sqlite3.Cursor object at 0x0000018C4DC2B7C0>, 'SELECT task.id, task.story_id, task.status, task.progress, task.current_step, task.retry_count, task.error_message, task.created_at, task.updated_at \nFROM task \nWHERE task.id = ?', ('2773220ff25c46149fb7e0fbe8bfafca',)) completed
2026-08-30 01:06:59,902 [DEBUG] aiosqlite: executing functools.partial(<built-in method fetchall of sqlite3.Cursor object at 0x0000018C4DC2B7C0>)
2026-08-30 01:06:59,902 [DEBUG] aiosqlite: operation functools.partial(<built-in method fetchall of sqlite3.Cursor object at 0x0000018C4DC2B7C0>) completed
2026-08-30 01:06:59,902 [DEBUG] aiosqlite: executing functools.partial(<built-in method close of sqlite3.Cursor object at 0x0000018C4DC2B7C0>)
2026-08-30 01:06:59,902 [DEBUG] aiosqlite: operation functools.partial(<built-in method close of sqlite3.Cursor object at 0x0000018C4DC2B7C0>) completed
2026-08-30 01:06:59,902 [INFO] sqlalchemy.engine.Engine: COMMIT
2026-08-30 01:06:59,902 [DEBUG] aiosqlite: executing functools.partial(<built-in method commit of sqlite3.Connection object at 0x0000018C4DB5A7A0>)
2026-08-30 01:06:59,902 [DEBUG] aiosqlite: operation functools.partial(<built-in method commit of sqlite3.Connection object at 0x0000018C4DB5A7A0>) completed
2026-08-30 01:06:59,902 [DEBUG] aiosqlite: executing functools.partial(<built-in method rollback of sqlite3.Connection object at 0x0000018C4DB5A7A0>)
2026-08-30 01:06:59,902 [DEBUG] aiosqlite: operation functools.partial(<built-in method rollback of sqlite3.Connection object at 0x0000018C4DB5A7A0>) completed
2026-08-30 01:06:59,902 [DEBUG] aiosqlite: executing functools.partial(<built-in method close of sqlite3.Connection object at 0x0000018C4DB5A7A0>)
2026-08-30 01:06:59,902 [DEBUG] aiosqlite: operation functools.partial(<built-in method close of sqlite3.Connection object at 0x0000018C4DB5A7A0>) completed
2026-08-30 01:07:01,759 [DEBUG] httpcore.http11: receive_response_body.complete
2026-08-30 01:07:01,759 [DEBUG] httpcore.http11: response_closed.started
2026-08-30 01:07:01,759 [DEBUG] httpcore.http11: response_closed.complete
2026-08-30 01:07:01,759 [DEBUG] openai._base_client: HTTP Response: POST https://api.deepseek.com/v1/chat/completions "200 OK" Headers({'server': 'openresty', 'content-type': 'application/json', 'vary': 'origin, access-control-request-method, access-control-request-headers', 'access-control-allow-credentials': 'true', 'x-ds-trace-id': '7c6269dd4e32abf4e7c53339fdefdb82', 'strict-transport-security': 'max-age=31536000; includeSubDomains; preload', 'x-content-type-options': 'nosniff', 'transfer-encoding': 'chunked', 'connection': 'keep-alive', 'date': 'Sat, 29 Aug 2026 17:05:05 GMT', 'eo-log-uuid': '16348592589447278394', 'eo-cache-status': 'MISS'})
2026-08-30 01:07:01,759 [DEBUG] openai._base_client: request_id: None
2026-08-30 01:07:01,759 [INFO] agents.script_agent: script_agent completed | 4 characters, 5 episodes | story_id=8ad45d6c-4e70-4b92-8884-7500f2973209
2026-08-30 01:07:01,759 [INFO] runtime.event_bus: EventBus: Event(step.completed, session=, src=script) → 1 handlers
2026-08-30 01:07:01,759 [DEBUG] runtime.director: Artifact stored: script (3 keys)
2026-08-30 01:07:01,759 [INFO] runtime.director: Director verdict: script -> proceed (confidence=0.90)
2026-08-30 01:07:01,759 [DEBUG] runtime.event_bus: EventBus: Event(director.decision, session=, src=director) published (no handlers)
2026-08-30 01:07:01,759 [DEBUG] runtime.director: Artifact stored: script (3 keys)
2026-08-30 01:07:01,759 [DEBUG] runtime.agent_conversation: A2A [handoff]: script -> character (67dd4cbf) | Handoff from script to character.

Produced: Outline: 程序员林默在雨夜被公司裁员，失魂落魄地捡到一只受伤的
2026-08-30 01:07:01,759 [INFO] runtime.workflow_engine: [A2A] script -> character: handoff
2026-08-30 01:07:01,759 [DEBUG] runtime.workflow_engine: [StoryMemory] Stored script output to memory
2026-08-30 01:07:01,759 [DEBUG] runtime.workflow_engine: [StoryMemory] Injected context for character (48 chars)
2026-08-30 01:07:01,759 [INFO] runtime.event_bus: EventBus: Event(step.started, session=, src=character) → 1 handlers
2026-08-30 01:07:01,759 [INFO] tasks.runner: Task 2773220f-f25c-4614-9fb7-e0fbe8bfafca: step=character, progress=20%
2026-08-30 01:07:01,759 [INFO] agents.character_agent: character_agent started | story_id=8ad45d6c-4e70-4b92-8884-7500f2973209
2026-08-30 01:07:01,769 [DEBUG] httpx: load_ssl_context verify=True cert=None trust_env=True http2=False
2026-08-30 01:07:01,769 [DEBUG] httpx: load_verify_locations cafile='E:\\myproject\\myproject\\storyflow-ai\\storyflow-ai\\backend\\venv\\Lib\\site-packages\\certifi\\cacert.pem'
2026-08-30 01:07:01,953 [DEBUG] httpx: load_ssl_context verify=True cert=None trust_env=True http2=False
2026-08-30 01:07:01,953 [DEBUG] httpx: load_verify_locations cafile='E:\\myproject\\myproject\\storyflow-ai\\storyflow-ai\\backend\\venv\\Lib\\site-packages\\certifi\\cacert.pem'
2026-08-30 01:07:02,134 [DEBUG] httpx: load_ssl_context verify=True cert=None trust_env=True http2=False
2026-08-30 01:07:02,134 [DEBUG] httpx: load_verify_locations cafile='E:\\myproject\\myproject\\storyflow-ai\\storyflow-ai\\backend\\venv\\Lib\\site-packages\\certifi\\cacert.pem'
2026-08-30 01:07:02,327 [DEBUG] httpx: load_ssl_context verify=True cert=None trust_env=True http2=False
2026-08-30 01:07:02,328 [DEBUG] httpx: load_verify_locations cafile='E:\\myproject\\myproject\\storyflow-ai\\storyflow-ai\\backend\\venv\\Lib\\site-packages\\certifi\\cacert.pem'
2026-08-30 01:07:02,506 [DEBUG] httpx: load_ssl_context verify=True cert=None trust_env=True http2=False
2026-08-30 01:07:02,506 [DEBUG] httpx: load_verify_locations cafile='E:\\myproject\\myproject\\storyflow-ai\\storyflow-ai\\backend\\venv\\Lib\\site-packages\\certifi\\cacert.pem'
2026-08-30 01:07:02,693 [DEBUG] httpx: load_ssl_context verify=True cert=None trust_env=True http2=False
2026-08-30 01:07:02,693 [DEBUG] httpx: load_verify_locations cafile='E:\\myproject\\myproject\\storyflow-ai\\storyflow-ai\\backend\\venv\\Lib\\site-packages\\certifi\\cacert.pem'
2026-08-30 01:07:02,876 [DEBUG] app.llm: Created new LLM instance: model=deepseek-v4-flash, temp=0.40
2026-08-30 01:07:02,876 [DEBUG] openai._base_client: Request options: {'method': 'post', 'url': '/chat/completions', 'files': None, 'idempotency_key': 'stainless-python-retry-e20caab2-7162-4fd7-aeac-4a2d2e218c9b', 'json_data': {'messages': [{'content': '你是一位专业的角色视觉设计师，专门为AI图像生成系统（如Stable Diffusion、Midjourney）编写精确的角色外观描述。\n你需要根据角色基本信息，为每个角色生成详细的视觉描述卡片，确保：\n1. 外观描述足够详细，可以用于AI图像生成\n2. 每个角色的视觉特征具有高度辨识度\n3. 描述用词精确，避免模糊表达\n4. 所有描述最终会转为英文 prompt，所以细节要具体到可被 SD 理解\n', 'role': 'system'}, {'content': '请为以下角色生成详细的视觉描述卡片：\n\n1. 林默\n   性别：男\n   年龄：25\n   性格：{\'性格\': \'内向、倔强、善良\', \'状态\': \'失业失意却对代码有执念\'}\n   当前外观描述：{"发型": "乱蓬蓬短发", "穿搭": "格子衫、牛仔裤、运动鞋", "特征": "黑框眼镜，身形消瘦，黑眼圈很重"}\n\n2. 夜影\n   性别：公\n   年龄：None\n   性格：{\'性格\': \'毒舌、傲娇、忠诚\', \'口头禅\': \'凡人，别拖后腿。\'}\n   当前外观描述：{"物种": "黑猫", "特征": "金色竖瞳，左耳有缺口", "能力": "尾巴可化作金色光链，燃烧生命时全身燃起金焰"}\n\n3. 小雨\n   性别：女\n   年龄：18\n   性格：{\'性格\': \'温柔坚强，偶尔冒失\', \'身份\': \'异世界星之守护者/公主\'}\n   当前外观描述：{"发型": "高马尾", "穿搭": "白色连衣裙", "特征": "手腕有星形印记，瞳孔在觉醒后呈星辉色"}\n\n4. 暗影之首\n   性别：未知\n   年龄：None\n   性格：{\'性格\': \'阴险、傲慢、偏执\', \'目标\': \'吞噬世界，打通两界通道\'}\n   当前外观描述：{"形态": "有意识的黑雾", "化身": "可凝聚成人形或附着于电子设备", "特征": "猩红色狭长双眼"}\n\n\n请确保每个角色的外观描述包含以下四个维度：\n- hair：发型、发色、长度、特殊造型（英文描述）\n- body：身高、体型、体态特征（英文描述）\n- cloth：服装风格、具体穿着、配饰（英文描述）\n- face：五官特征、肤色、特殊标记（英文描述）\n\n同时为每个角色补充：\n- personality：性格特征的中文描述（字符串）\n- catchphrase：一句经典口头禅（中文）\n\nThe output should be formatted as a JSON instance that conforms to the JSON schema below.\n\nAs an example, for the schema {"properties": {"foo": {"title": "Foo", "description": "a list of strings", "type": "array", "items": {"type": "string"}}}, "required": ["foo"]}\nthe object {"foo": ["bar", "baz"]} is a well-formatted instance of the schema. The object {"properties": {"foo": ["bar", "baz"]}} is not well-formatted.\n\nHere is the output schema:\n```\n{"$defs": {"AppearanceCard": {"properties": {"hair": {"default": "", "description": "发型、发色、长度（英文）", "title": "Hair", "type": "string"}, "body": {"default": "", "description": "身高、体型、体态（英文）", "title": "Body", "type": "string"}, "cloth": {"default": "", "description": "服装风格、穿着、配饰（英文）", "title": "Cloth", "type": "string"}, "face": {"default": "", "description": "五官、肤色、标记（英文）", "title": "Face", "type": "string"}}, "title": "AppearanceCard", "type": "object"}, "EnrichedCharacter": {"properties": {"name": {"title": "Name", "type": "string"}, "gender": {"default": "unknown", "title": "Gender", "type": "string"}, "age": {"anyOf": [{"type": "integer"}, {"type": "null"}], "default": null, "title": "Age"}, "appearance": {"$ref": "#/$defs/AppearanceCard"}, "personality": {"title": "Personality", "type": "object"}, "catchphrase": {"default": "", "title": "Catchphrase", "type": "string"}}, "required": ["name", "appearance"], "title": "EnrichedCharacter", "type": "object"}}, "properties": {"characters": {"items": {"$ref": "#/$defs/EnrichedCharacter"}, "title": "Characters", "type": "array"}}, "required": ["characters"]}\n```\n', 'role': 'user'}], 'model': 'deepseek-v4-flash', 'max_tokens': 16384, 'n': 1, 'stream': False, 'temperature': 0.4}}
2026-08-30 01:07:02,876 [DEBUG] openai._base_client: Sending HTTP Request: POST https://api.deepseek.com/v1/chat/completions
2026-08-30 01:07:02,876 [DEBUG] httpcore.connection: connect_tcp.started host='127.0.0.1' port=7890 local_address=None timeout=None socket_options=None
2026-08-30 01:07:02,876 [DEBUG] httpcore.connection: connect_tcp.complete return_value=<httpcore._backends.anyio.AnyIOStream object at 0x0000018C4DC34AD0>
2026-08-30 01:07:02,876 [DEBUG] httpcore.http11: send_request_headers.started request=<Request [b'CONNECT']>
2026-08-30 01:07:02,892 [DEBUG] httpcore.http11: send_request_headers.complete
2026-08-30 01:07:02,892 [DEBUG] httpcore.http11: send_request_body.started request=<Request [b'CONNECT']>
2026-08-30 01:07:02,892 [DEBUG] httpcore.http11: send_request_body.complete
2026-08-30 01:07:02,892 [DEBUG] httpcore.http11: receive_response_headers.started request=<Request [b'CONNECT']>
2026-08-30 01:07:02,892 [DEBUG] httpcore.http11: receive_response_headers.complete return_value=(b'HTTP/1.1', 200, b'Connection established', [])
2026-08-30 01:07:02,892 [DEBUG] httpcore.proxy: start_tls.started ssl_context=<ssl.SSLContext object at 0x0000018C4DC2BBD0> server_hostname='api.deepseek.com' timeout=None
2026-08-30 01:07:02,962 [DEBUG] httpcore.proxy: start_tls.complete return_value=<httpcore._backends.anyio.AnyIOStream object at 0x0000018C4DC34E00>
2026-08-30 01:07:02,962 [DEBUG] httpcore.http11: send_request_headers.started request=<Request [b'POST']>
2026-08-30 01:07:02,967 [DEBUG] httpcore.http11: send_request_headers.complete
2026-08-30 01:07:02,968 [DEBUG] httpcore.http11: send_request_body.started request=<Request [b'POST']>
2026-08-30 01:07:02,968 [DEBUG] httpcore.http11: send_request_body.complete
2026-08-30 01:07:02,968 [DEBUG] httpcore.http11: receive_response_headers.started request=<Request [b'POST']>
2026-08-30 01:07:03,104 [DEBUG] httpcore.http11: receive_response_headers.complete return_value=(b'HTTP/1.1', 200, b'OK', [(b'Server', b'openresty'), (b'Content-Type', b'application/json'), (b'vary', b'origin, access-control-request-method, access-control-request-headers'), (b'access-control-allow-credentials', b'true'), (b'x-ds-trace-id', b'a7a4179386a9905ca3508387c24bce1b'), (b'Strict-Transport-Security', b'max-age=31536000; includeSubDomains; preload'), (b'X-Content-Type-Options', b'nosniff'), (b'Transfer-Encoding', b'chunked'), (b'Connection', b'keep-alive'), (b'Date', b'Sat, 29 Aug 2026 17:07:03 GMT'), (b'EO-LOG-UUID', b'16242796423530794717'), (b'EO-Cache-Status', b'MISS')])
2026-08-30 01:07:03,104 [INFO] httpx: HTTP Request: POST https://api.deepseek.com/v1/chat/completions "HTTP/1.1 200 OK"
2026-08-30 01:07:03,104 [DEBUG] httpcore.http11: receive_response_body.started request=<Request [b'POST']>
2026-08-30 01:07:04,930 [DEBUG] aiosqlite: executing <function connect.<locals>.connector at 0x0000018C4DC32F20>
2026-08-30 01:07:04,931 [DEBUG] aiosqlite: operation <function connect.<locals>.connector at 0x0000018C4DC32F20> completed
2026-08-30 01:07:04,932 [DEBUG] aiosqlite: executing functools.partial(<built-in method create_function of sqlite3.Connection object at 0x0000018C4DBBC5E0>, 'regexp', 2, <function SQLiteDialect_pysqlite.on_connect.<locals>.regexp at 0x0000018C4AFFA660>, deterministic=True)
2026-08-30 01:07:04,932 [DEBUG] aiosqlite: operation functools.partial(<built-in method create_function of sqlite3.Connection object at 0x0000018C4DBBC5E0>, 'regexp', 2, <function SQLiteDialect_pysqlite.on_connect.<locals>.regexp at 0x0000018C4AFFA660>, deterministic=True) completed
2026-08-30 01:07:04,932 [DEBUG] aiosqlite: executing functools.partial(<built-in method create_function of sqlite3.Connection object at 0x0000018C4DBBC5E0>, 'floor', 1, <built-in function floor>, deterministic=True)
2026-08-30 01:07:04,932 [DEBUG] aiosqlite: operation functools.partial(<built-in method create_function of sqlite3.Connection object at 0x0000018C4DBBC5E0>, 'floor', 1, <built-in function floor>, deterministic=True) completed
2026-08-30 01:07:04,932 [INFO] sqlalchemy.engine.Engine: BEGIN (implicit)
2026-08-30 01:07:04,935 [INFO] sqlalchemy.engine.Engine: SELECT task.id, task.story_id, task.status, task.progress, task.current_step, task.retry_count, task.error_message, task.created_at, task.updated_at 
FROM task 
WHERE task.id = ?
2026-08-30 01:07:04,935 [INFO] sqlalchemy.engine.Engine: [cached since 261.7s ago] ('2773220ff25c46149fb7e0fbe8bfafca',)
2026-08-30 01:07:04,935 [DEBUG] aiosqlite: executing functools.partial(<built-in method cursor of sqlite3.Connection object at 0x0000018C4DBBC5E0>)
2026-08-30 01:07:04,935 [DEBUG] aiosqlite: operation functools.partial(<built-in method cursor of sqlite3.Connection object at 0x0000018C4DBBC5E0>) completed
2026-08-30 01:07:04,935 [DEBUG] aiosqlite: executing functools.partial(<built-in method execute of sqlite3.Cursor object at 0x0000018C4DC21CC0>, 'SELECT task.id, task.story_id, task.status, task.progress, task.current_step, task.retry_count, task.error_message, task.created_at, task.updated_at \nFROM task \nWHERE task.id = ?', ('2773220ff25c46149fb7e0fbe8bfafca',))
2026-08-30 01:07:04,935 [DEBUG] aiosqlite: operation functools.partial(<built-in method execute of sqlite3.Cursor object at 0x0000018C4DC21CC0>, 'SELECT task.id, task.story_id, task.status, task.progress, task.current_step, task.retry_count, task.error_message, task.created_at, task.updated_at \nFROM task \nWHERE task.id = ?', ('2773220ff25c46149fb7e0fbe8bfafca',)) completed
2026-08-30 01:07:04,935 [DEBUG] aiosqlite: executing functools.partial(<built-in method fetchall of sqlite3.Cursor object at 0x0000018C4DC21CC0>)
2026-08-30 01:07:04,935 [DEBUG] aiosqlite: operation functools.partial(<built-in method fetchall of sqlite3.Cursor object at 0x0000018C4DC21CC0>) completed
2026-08-30 01:07:04,935 [DEBUG] aiosqlite: executing functools.partial(<built-in method close of sqlite3.Cursor object at 0x0000018C4DC21CC0>)
2026-08-30 01:07:04,935 [DEBUG] aiosqlite: operation functools.partial(<built-in method close of sqlite3.Cursor object at 0x0000018C4DC21CC0>) completed
2026-08-30 01:07:04,935 [INFO] sqlalchemy.engine.Engine: COMMIT
2026-08-30 01:07:04,939 [DEBUG] aiosqlite: executing functools.partial(<built-in method commit of sqlite3.Connection object at 0x0000018C4DBBC5E0>)
2026-08-30 01:07:04,939 [DEBUG] aiosqlite: operation functools.partial(<built-in method commit of sqlite3.Connection object at 0x0000018C4DBBC5E0>) completed
2026-08-30 01:07:04,939 [DEBUG] aiosqlite: executing functools.partial(<built-in method rollback of sqlite3.Connection object at 0x0000018C4DBBC5E0>)
2026-08-30 01:07:04,939 [DEBUG] aiosqlite: operation functools.partial(<built-in method rollback of sqlite3.Connection object at 0x0000018C4DBBC5E0>) completed
2026-08-30 01:07:04,940 [DEBUG] aiosqlite: executing functools.partial(<built-in method close of sqlite3.Connection object at 0x0000018C4DBBC5E0>)
2026-08-30 01:07:04,940 [DEBUG] aiosqlite: operation functools.partial(<built-in method close of sqlite3.Connection object at 0x0000018C4DBBC5E0>) completed
2026-08-30 01:07:09,964 [DEBUG] aiosqlite: executing <function connect.<locals>.connector at 0x0000018C4DC32CA0>
2026-08-30 01:07:09,974 [DEBUG] aiosqlite: operation <function connect.<locals>.connector at 0x0000018C4DC32CA0> completed
2026-08-30 01:07:09,974 [DEBUG] aiosqlite: executing functools.partial(<built-in method create_function of sqlite3.Connection object at 0x0000018C4DBBC6D0>, 'regexp', 2, <function SQLiteDialect_pysqlite.on_connect.<locals>.regexp at 0x0000018C4AFFA660>, deterministic=True)
2026-08-30 01:07:09,974 [DEBUG] aiosqlite: operation functools.partial(<built-in method create_function of sqlite3.Connection object at 0x0000018C4DBBC6D0>, 'regexp', 2, <function SQLiteDialect_pysqlite.on_connect.<locals>.regexp at 0x0000018C4AFFA660>, deterministic=True) completed
2026-08-30 01:07:09,974 [DEBUG] aiosqlite: executing functools.partial(<built-in method create_function of sqlite3.Connection object at 0x0000018C4DBBC6D0>, 'floor', 1, <built-in function floor>, deterministic=True)
2026-08-30 01:07:09,974 [DEBUG] aiosqlite: operation functools.partial(<built-in method create_function of sqlite3.Connection object at 0x0000018C4DBBC6D0>, 'floor', 1, <built-in function floor>, deterministic=True) completed
2026-08-30 01:07:09,974 [INFO] sqlalchemy.engine.Engine: BEGIN (implicit)
2026-08-30 01:07:09,974 [INFO] sqlalchemy.engine.Engine: SELECT task.id, task.story_id, task.status, task.progress, task.current_step, task.retry_count, task.error_message, task.created_at, task.updated_at 
FROM task 
WHERE task.id = ?
2026-08-30 01:07:09,974 [INFO] sqlalchemy.engine.Engine: [cached since 266.7s ago] ('2773220ff25c46149fb7e0fbe8bfafca',)
2026-08-30 01:07:09,974 [DEBUG] aiosqlite: executing functools.partial(<built-in method cursor of sqlite3.Connection object at 0x0000018C4DBBC6D0>)
2026-08-30 01:07:09,974 [DEBUG] aiosqlite: operation functools.partial(<built-in method cursor of sqlite3.Connection object at 0x0000018C4DBBC6D0>) completed
2026-08-30 01:07:09,974 [DEBUG] aiosqlite: executing functools.partial(<built-in method execute of sqlite3.Cursor object at 0x0000018C4DC208C0>, 'SELECT task.id, task.story_id, task.status, task.progress, task.current_step, task.retry_count, task.error_message, task.created_at, task.updated_at \nFROM task \nWHERE task.id = ?', ('2773220ff25c46149fb7e0fbe8bfafca',))
2026-08-30 01:07:09,974 [DEBUG] aiosqlite: operation functools.partial(<built-in method execute of sqlite3.Cursor object at 0x0000018C4DC208C0>, 'SELECT task.id, task.story_id, task.status, task.progress, task.current_step, task.retry_count, task.error_message, task.created_at, task.updated_at \nFROM task \nWHERE task.id = ?', ('2773220ff25c46149fb7e0fbe8bfafca',)) completed
2026-08-30 01:07:09,974 [DEBUG] aiosqlite: executing functools.partial(<built-in method fetchall of sqlite3.Cursor object at 0x0000018C4DC208C0>)
2026-08-30 01:07:09,974 [DEBUG] aiosqlite: operation functools.partial(<built-in method fetchall of sqlite3.Cursor object at 0x0000018C4DC208C0>) completed
2026-08-30 01:07:09,980 [DEBUG] aiosqlite: executing functools.partial(<built-in method close of sqlite3.Cursor object at 0x0000018C4DC208C0>)
2026-08-30 01:07:09,980 [DEBUG] aiosqlite: operation functools.partial(<built-in method close of sqlite3.Cursor object at 0x0000018C4DC208C0>) completed
2026-08-30 01:07:09,980 [INFO] sqlalchemy.engine.Engine: COMMIT
2026-08-30 01:07:09,980 [DEBUG] aiosqlite: executing functools.partial(<built-in method commit of sqlite3.Connection object at 0x0000018C4DBBC6D0>)
2026-08-30 01:07:09,980 [DEBUG] aiosqlite: operation functools.partial(<built-in method commit of sqlite3.Connection object at 0x0000018C4DBBC6D0>) completed
2026-08-30 01:07:09,980 [DEBUG] aiosqlite: executing functools.partial(<built-in method rollback of sqlite3.Connection object at 0x0000018C4DBBC6D0>)
2026-08-30 01:07:09,980 [DEBUG] aiosqlite: operation functools.partial(<built-in method rollback of sqlite3.Connection object at 0x0000018C4DBBC6D0>) completed
2026-08-30 01:07:09,980 [DEBUG] aiosqlite: executing functools.partial(<built-in method close of sqlite3.Connection object at 0x0000018C4DBBC6D0>)
2026-08-30 01:07:09,980 [DEBUG] aiosqlite: operation functools.partial(<built-in method close of sqlite3.Connection object at 0x0000018C4DBBC6D0>) completed
2026-08-30 01:07:15,014 [DEBUG] aiosqlite: executing <function connect.<locals>.connector at 0x0000018C4DC32FC0>
2026-08-30 01:07:15,015 [DEBUG] aiosqlite: operation <function connect.<locals>.connector at 0x0000018C4DC32FC0> completed
2026-08-30 01:07:15,015 [DEBUG] aiosqlite: executing functools.partial(<built-in method create_function of sqlite3.Connection object at 0x0000018C4DBBC9A0>, 'regexp', 2, <function SQLiteDialect_pysqlite.on_connect.<locals>.regexp at 0x0000018C4AFFA660>, deterministic=True)
2026-08-30 01:07:15,015 [DEBUG] aiosqlite: operation functools.partial(<built-in method create_function of sqlite3.Connection object at 0x0000018C4DBBC9A0>, 'regexp', 2, <function SQLiteDialect_pysqlite.on_connect.<locals>.regexp at 0x0000018C4AFFA660>, deterministic=True) completed
2026-08-30 01:07:15,015 [DEBUG] aiosqlite: executing functools.partial(<built-in method create_function of sqlite3.Connection object at 0x0000018C4DBBC9A0>, 'floor', 1, <built-in function floor>, deterministic=True)
2026-08-30 01:07:15,015 [DEBUG] aiosqlite: operation functools.partial(<built-in method create_function of sqlite3.Connection object at 0x0000018C4DBBC9A0>, 'floor', 1, <built-in function floor>, deterministic=True) completed
2026-08-30 01:07:15,015 [INFO] sqlalchemy.engine.Engine: BEGIN (implicit)
2026-08-30 01:07:15,015 [INFO] sqlalchemy.engine.Engine: SELECT task.id, task.story_id, task.status, task.progress, task.current_step, task.retry_count, task.error_message, task.created_at, task.updated_at 
FROM task 
WHERE task.id = ?
2026-08-30 01:07:15,015 [INFO] sqlalchemy.engine.Engine: [cached since 271.8s ago] ('2773220ff25c46149fb7e0fbe8bfafca',)
2026-08-30 01:07:15,015 [DEBUG] aiosqlite: executing functools.partial(<built-in method cursor of sqlite3.Connection object at 0x0000018C4DBBC9A0>)
2026-08-30 01:07:15,015 [DEBUG] aiosqlite: operation functools.partial(<built-in method cursor of sqlite3.Connection object at 0x0000018C4DBBC9A0>) completed
2026-08-30 01:07:15,015 [DEBUG] aiosqlite: executing functools.partial(<built-in method execute of sqlite3.Cursor object at 0x0000018C4DC224C0>, 'SELECT task.id, task.story_id, task.status, task.progress, task.current_step, task.retry_count, task.error_message, task.created_at, task.updated_at \nFROM task \nWHERE task.id = ?', ('2773220ff25c46149fb7e0fbe8bfafca',))
2026-08-30 01:07:15,015 [DEBUG] aiosqlite: operation functools.partial(<built-in method execute of sqlite3.Cursor object at 0x0000018C4DC224C0>, 'SELECT task.id, task.story_id, task.status, task.progress, task.current_step, task.retry_count, task.error_message, task.created_at, task.updated_at \nFROM task \nWHERE task.id = ?', ('2773220ff25c46149fb7e0fbe8bfafca',)) completed
2026-08-30 01:07:15,015 [DEBUG] aiosqlite: executing functools.partial(<built-in method fetchall of sqlite3.Cursor object at 0x0000018C4DC224C0>)
2026-08-30 01:07:15,015 [DEBUG] aiosqlite: operation functools.partial(<built-in method fetchall of sqlite3.Cursor object at 0x0000018C4DC224C0>) completed
2026-08-30 01:07:15,015 [DEBUG] aiosqlite: executing functools.partial(<built-in method close of sqlite3.Cursor object at 0x0000018C4DC224C0>)
2026-08-30 01:07:15,015 [DEBUG] aiosqlite: operation functools.partial(<built-in method close of sqlite3.Cursor object at 0x0000018C4DC224C0>) completed
2026-08-30 01:07:15,015 [INFO] sqlalchemy.engine.Engine: COMMIT
2026-08-30 01:07:15,015 [DEBUG] aiosqlite: executing functools.partial(<built-in method commit of sqlite3.Connection object at 0x0000018C4DBBC9A0>)
2026-08-30 01:07:15,015 [DEBUG] aiosqlite: operation functools.partial(<built-in method commit of sqlite3.Connection object at 0x0000018C4DBBC9A0>) completed
2026-08-30 01:07:15,015 [DEBUG] aiosqlite: executing functools.partial(<built-in method rollback of sqlite3.Connection object at 0x0000018C4DBBC9A0>)
2026-08-30 01:07:15,022 [DEBUG] aiosqlite: operation functools.partial(<built-in method rollback of sqlite3.Connection object at 0x0000018C4DBBC9A0>) completed
2026-08-30 01:07:15,022 [DEBUG] aiosqlite: executing functools.partial(<built-in method close of sqlite3.Connection object at 0x0000018C4DBBC9A0>)
2026-08-30 01:07:15,022 [DEBUG] aiosqlite: operation functools.partial(<built-in method close of sqlite3.Connection object at 0x0000018C4DBBC9A0>) completed
2026-08-30 01:07:20,033 [DEBUG] aiosqlite: executing <function connect.<locals>.connector at 0x0000018C4DC33BA0>
2026-08-30 01:07:20,033 [DEBUG] aiosqlite: operation <function connect.<locals>.connector at 0x0000018C4DC33BA0> completed
2026-08-30 01:07:20,033 [DEBUG] aiosqlite: executing functools.partial(<built-in method create_function of sqlite3.Connection object at 0x0000018C4DBBCC70>, 'regexp', 2, <function SQLiteDialect_pysqlite.on_connect.<locals>.regexp at 0x0000018C4AFFA660>, deterministic=True)
2026-08-30 01:07:20,034 [DEBUG] aiosqlite: operation functools.partial(<built-in method create_function of sqlite3.Connection object at 0x0000018C4DBBCC70>, 'regexp', 2, <function SQLiteDialect_pysqlite.on_connect.<locals>.regexp at 0x0000018C4AFFA660>, deterministic=True) completed
2026-08-30 01:07:20,034 [DEBUG] aiosqlite: executing functools.partial(<built-in method create_function of sqlite3.Connection object at 0x0000018C4DBBCC70>, 'floor', 1, <built-in function floor>, deterministic=True)
2026-08-30 01:07:20,034 [DEBUG] aiosqlite: operation functools.partial(<built-in method create_function of sqlite3.Connection object at 0x0000018C4DBBCC70>, 'floor', 1, <built-in function floor>, deterministic=True) completed
2026-08-30 01:07:20,034 [INFO] sqlalchemy.engine.Engine: BEGIN (implicit)
2026-08-30 01:07:20,034 [INFO] sqlalchemy.engine.Engine: SELECT task.id, task.story_id, task.status, task.progress, task.current_step, task.retry_count, task.error_message, task.created_at, task.updated_at 
FROM task 
WHERE task.id = ?
2026-08-30 01:07:20,035 [INFO] sqlalchemy.engine.Engine: [cached since 276.8s ago] ('2773220ff25c46149fb7e0fbe8bfafca',)
2026-08-30 01:07:20,035 [DEBUG] aiosqlite: executing functools.partial(<built-in method cursor of sqlite3.Connection object at 0x0000018C4DBBCC70>)
2026-08-30 01:07:20,035 [DEBUG] aiosqlite: operation functools.partial(<built-in method cursor of sqlite3.Connection object at 0x0000018C4DBBCC70>) completed
2026-08-30 01:07:20,035 [DEBUG] aiosqlite: executing functools.partial(<built-in method execute of sqlite3.Cursor object at 0x0000018C4DC22440>, 'SELECT task.id, task.story_id, task.status, task.progress, task.current_step, task.retry_count, task.error_message, task.created_at, task.updated_at \nFROM task \nWHERE task.id = ?', ('2773220ff25c46149fb7e0fbe8bfafca',))
2026-08-30 01:07:20,036 [DEBUG] aiosqlite: operation functools.partial(<built-in method execute of sqlite3.Cursor object at 0x0000018C4DC22440>, 'SELECT task.id, task.story_id, task.status, task.progress, task.current_step, task.retry_count, task.error_message, task.created_at, task.updated_at \nFROM task \nWHERE task.id = ?', ('2773220ff25c46149fb7e0fbe8bfafca',)) completed
2026-08-30 01:07:20,036 [DEBUG] aiosqlite: executing functools.partial(<built-in method fetchall of sqlite3.Cursor object at 0x0000018C4DC22440>)
2026-08-30 01:07:20,036 [DEBUG] aiosqlite: operation functools.partial(<built-in method fetchall of sqlite3.Cursor object at 0x0000018C4DC22440>) completed
2026-08-30 01:07:20,037 [DEBUG] aiosqlite: executing functools.partial(<built-in method close of sqlite3.Cursor object at 0x0000018C4DC22440>)
2026-08-30 01:07:20,037 [DEBUG] aiosqlite: operation functools.partial(<built-in method close of sqlite3.Cursor object at 0x0000018C4DC22440>) completed
2026-08-30 01:07:20,037 [INFO] sqlalchemy.engine.Engine: COMMIT
2026-08-30 01:07:20,037 [DEBUG] aiosqlite: executing functools.partial(<built-in method commit of sqlite3.Connection object at 0x0000018C4DBBCC70>)
2026-08-30 01:07:20,037 [DEBUG] aiosqlite: operation functools.partial(<built-in method commit of sqlite3.Connection object at 0x0000018C4DBBCC70>) completed
2026-08-30 01:07:20,037 [DEBUG] aiosqlite: executing functools.partial(<built-in method rollback of sqlite3.Connection object at 0x0000018C4DBBCC70>)
2026-08-30 01:07:20,037 [DEBUG] aiosqlite: operation functools.partial(<built-in method rollback of sqlite3.Connection object at 0x0000018C4DBBCC70>) completed
2026-08-30 01:07:20,037 [DEBUG] aiosqlite: executing functools.partial(<built-in method close of sqlite3.Connection object at 0x0000018C4DBBCC70>)
2026-08-30 01:07:20,037 [DEBUG] aiosqlite: operation functools.partial(<built-in method close of sqlite3.Connection object at 0x0000018C4DBBCC70>) completed
2026-08-30 01:07:25,047 [DEBUG] aiosqlite: executing <function connect.<locals>.connector at 0x0000018C4DC33F60>
2026-08-30 01:07:25,048 [DEBUG] aiosqlite: operation <function connect.<locals>.connector at 0x0000018C4DC33F60> completed
2026-08-30 01:07:25,048 [DEBUG] aiosqlite: executing functools.partial(<built-in method create_function of sqlite3.Connection object at 0x0000018C4DBBCF40>, 'regexp', 2, <function SQLiteDialect_pysqlite.on_connect.<locals>.regexp at 0x0000018C4AFFA660>, deterministic=True)
2026-08-30 01:07:25,048 [DEBUG] aiosqlite: operation functools.partial(<built-in method create_function of sqlite3.Connection object at 0x0000018C4DBBCF40>, 'regexp', 2, <function SQLiteDialect_pysqlite.on_connect.<locals>.regexp at 0x0000018C4AFFA660>, deterministic=True) completed
2026-08-30 01:07:25,048 [DEBUG] aiosqlite: executing functools.partial(<built-in method create_function of sqlite3.Connection object at 0x0000018C4DBBCF40>, 'floor', 1, <built-in function floor>, deterministic=True)
2026-08-30 01:07:25,049 [DEBUG] aiosqlite: operation functools.partial(<built-in method create_function of sqlite3.Connection object at 0x0000018C4DBBCF40>, 'floor', 1, <built-in function floor>, deterministic=True) completed
2026-08-30 01:07:25,049 [INFO] sqlalchemy.engine.Engine: BEGIN (implicit)
2026-08-30 01:07:25,049 [INFO] sqlalchemy.engine.Engine: SELECT task.id, task.story_id, task.status, task.progress, task.current_step, task.retry_count, task.error_message, task.created_at, task.updated_at 
FROM task 
WHERE task.id = ?
2026-08-30 01:07:25,049 [INFO] sqlalchemy.engine.Engine: [cached since 281.8s ago] ('2773220ff25c46149fb7e0fbe8bfafca',)
2026-08-30 01:07:25,049 [DEBUG] aiosqlite: executing functools.partial(<built-in method cursor of sqlite3.Connection object at 0x0000018C4DBBCF40>)
2026-08-30 01:07:25,049 [DEBUG] aiosqlite: operation functools.partial(<built-in method cursor of sqlite3.Connection object at 0x0000018C4DBBCF40>) completed
2026-08-30 01:07:25,049 [DEBUG] aiosqlite: executing functools.partial(<built-in method execute of sqlite3.Cursor object at 0x0000018C4DC21AC0>, 'SELECT task.id, task.story_id, task.status, task.progress, task.current_step, task.retry_count, task.error_message, task.created_at, task.updated_at \nFROM task \nWHERE task.id = ?', ('2773220ff25c46149fb7e0fbe8bfafca',))
2026-08-30 01:07:25,049 [DEBUG] aiosqlite: operation functools.partial(<built-in method execute of sqlite3.Cursor object at 0x0000018C4DC21AC0>, 'SELECT task.id, task.story_id, task.status, task.progress, task.current_step, task.retry_count, task.error_message, task.created_at, task.updated_at \nFROM task \nWHERE task.id = ?', ('2773220ff25c46149fb7e0fbe8bfafca',)) completed
2026-08-30 01:07:25,049 [DEBUG] aiosqlite: executing functools.partial(<built-in method fetchall of sqlite3.Cursor object at 0x0000018C4DC21AC0>)
2026-08-30 01:07:25,049 [DEBUG] aiosqlite: operation functools.partial(<built-in method fetchall of sqlite3.Cursor object at 0x0000018C4DC21AC0>) completed
2026-08-30 01:07:25,049 [DEBUG] aiosqlite: executing functools.partial(<built-in method close of sqlite3.Cursor object at 0x0000018C4DC21AC0>)
2026-08-30 01:07:25,049 [DEBUG] aiosqlite: operation functools.partial(<built-in method close of sqlite3.Cursor object at 0x0000018C4DC21AC0>) completed
2026-08-30 01:07:25,049 [INFO] sqlalchemy.engine.Engine: COMMIT
2026-08-30 01:07:25,049 [DEBUG] aiosqlite: executing functools.partial(<built-in method commit of sqlite3.Connection object at 0x0000018C4DBBCF40>)
2026-08-30 01:07:25,049 [DEBUG] aiosqlite: operation functools.partial(<built-in method commit of sqlite3.Connection object at 0x0000018C4DBBCF40>) completed
2026-08-30 01:07:25,049 [DEBUG] aiosqlite: executing functools.partial(<built-in method rollback of sqlite3.Connection object at 0x0000018C4DBBCF40>)
2026-08-30 01:07:25,049 [DEBUG] aiosqlite: operation functools.partial(<built-in method rollback of sqlite3.Connection object at 0x0000018C4DBBCF40>) completed
2026-08-30 01:07:25,049 [DEBUG] aiosqlite: executing functools.partial(<built-in method close of sqlite3.Connection object at 0x0000018C4DBBCF40>)
2026-08-30 01:07:25,049 [DEBUG] aiosqlite: operation functools.partial(<built-in method close of sqlite3.Connection object at 0x0000018C4DBBCF40>) completed
2026-08-30 01:07:25,581 [DEBUG] httpcore.http11: receive_response_body.complete
2026-08-30 01:07:25,581 [DEBUG] httpcore.http11: response_closed.started
2026-08-30 01:07:25,581 [DEBUG] httpcore.http11: response_closed.complete
2026-08-30 01:07:25,581 [DEBUG] openai._base_client: HTTP Response: POST https://api.deepseek.com/v1/chat/completions "200 OK" Headers({'server': 'openresty', 'content-type': 'application/json', 'vary': 'origin, access-control-request-method, access-control-request-headers', 'access-control-allow-credentials': 'true', 'x-ds-trace-id': 'a7a4179386a9905ca3508387c24bce1b', 'strict-transport-security': 'max-age=31536000; includeSubDomains; preload', 'x-content-type-options': 'nosniff', 'transfer-encoding': 'chunked', 'connection': 'keep-alive', 'date': 'Sat, 29 Aug 2026 17:07:03 GMT', 'eo-log-uuid': '16242796423530794717', 'eo-cache-status': 'MISS'})
2026-08-30 01:07:25,582 [DEBUG] openai._base_client: request_id: None
2026-08-30 01:07:25,583 [INFO] agents.character_agent: character_agent completed | 4 characters enriched | story_id=8ad45d6c-4e70-4b92-8884-7500f2973209
2026-08-30 01:07:25,583 [INFO] runtime.event_bus: EventBus: Event(step.completed, session=, src=character) → 1 handlers
2026-08-30 01:07:25,584 [DEBUG] runtime.director: Artifact stored: character (1 keys)
2026-08-30 01:07:25,584 [INFO] runtime.director: Director verdict: character -> proceed (confidence=0.90)
2026-08-30 01:07:25,584 [DEBUG] runtime.event_bus: EventBus: Event(director.decision, session=, src=director) published (no handlers)
2026-08-30 01:07:25,585 [DEBUG] runtime.director: Artifact stored: character (1 keys)
2026-08-30 01:07:25,585 [DEBUG] runtime.agent_conversation: A2A [handoff]: character -> storyboard (67dd4cbf) | Handoff from character to storyboard.

Produced: 4 character profiles enriched w
2026-08-30 01:07:25,585 [INFO] runtime.workflow_engine: [A2A] character -> storyboard: handoff
2026-08-30 01:07:25,585 [DEBUG] runtime.memory.manager: Memory stored: type=conversation, entity=world, text=World details. Setting: 程序员林默在雨夜被公司裁员，失魂落魄地捡到一只受伤的[:50]
2026-08-30 01:07:25,585 [DEBUG] runtime.memory.manager: Memory stored: type=conversation, entity=world, text=World details. Setting: 被裁员的程序员林默在雨夜捡到一只受伤的黑猫，猫竟开口[:50]
2026-08-30 01:07:25,585 [DEBUG] runtime.memory.manager: Memory stored: type=conversation, entity=world, text=World details. Setting: 夜影向林默解释碎片来历，两人在废弃公交站遇到被黑影追[:50]
2026-08-30 01:07:25,585 [DEBUG] runtime.memory.manager: Memory stored: type=conversation, entity=world, text=World details. Setting: 三人潜入旧图书馆地下，找到第一块碎片。小雨接触碎片的[:50]
2026-08-30 01:07:25,585 [DEBUG] runtime.memory.manager: Memory stored: type=conversation, entity=world, text=World details. Setting: 暗影之首通过林默被裁的旧电脑入侵现实，揭示林默三年前[:50]
2026-08-30 01:07:25,585 [DEBUG] runtime.memory.manager: Memory stored: type=conversation, entity=world, text=World details. Setting: 林默用后门逆转暗影之首的路径，夜影燃烧生命化作金色流[:50]
2026-08-30 01:07:25,586 [DEBUG] runtime.memory.manager: Memory stored: type=conversation, entity=visual_style, text=Story visual style. Art style: Worn plaid shirt ov[:50]
2026-08-30 01:07:25,586 [DEBUG] runtime.workflow_engine: [StoryMemory] Stored character output to memory
2026-08-30 01:07:25,586 [DEBUG] runtime.workflow_engine: [StoryMemory] Injected context for storyboard (2328 chars)
2026-08-30 01:07:25,586 [INFO] runtime.event_bus: EventBus: Event(step.started, session=, src=storyboard) → 1 handlers
2026-08-30 01:07:25,586 [INFO] tasks.runner: Task 2773220f-f25c-4614-9fb7-e0fbe8bfafca: step=storyboard, progress=30%
2026-08-30 01:07:25,586 [INFO] agents.storyboard_agent: storyboard_agent started | story_id=8ad45d6c-4e70-4b92-8884-7500f2973209
2026-08-30 01:07:25,586 [INFO] agents.storyboard_agent: Generating storyboard for episode 1 | story_id=8ad45d6c-4e70-4b92-8884-7500f2973209
2026-08-30 01:07:25,588 [DEBUG] openai._base_client: Request options: {'method': 'post', 'url': '/chat/completions', 'files': None, 'idempotency_key': 'stainless-python-retry-1639e893-53f5-40e1-bb06-74951332c884', 'json_data': {'messages': [{'content': '你是一位资深动画分镜师，擅长将剧本拆解为精确的分镜脚本。\n你需要根据每集的剧本内容，生成逐场景的分镜描述，每个场景将用于AI图像生成。\n\n分镜原则：\n1. **镜头语言**：合理运用远景、中景、近景、特写、俯拍、仰拍等镜头\n2. **场景切换**：每个场景之间要有自然的过渡逻辑\n3. **角色一致性**：场景描述中必须精确引用角色外观，确保AI生成图像时角色形象一致\n4. **时长合理**：每个场景3-8秒，对话场景适当延长\n5. **画面构图**：每个场景的prompt要包含画面构图、光影、色调等细节\n\n可用镜头类型：\n- 远景（wide shot）：展示环境和氛围\n- 中景（medium shot）：展示人物上半身和互动\n- 近景（close-up）：展示人物面部表情\n- 特写（extreme close-up）：展示细节（眼睛、手、物品）\n- 俯拍（high angle shot）：从上往下看\n- 仰拍（low angle shot）：从下往上看\n\n输出必须是合法JSON数组，每个元素格式：\n{"scene": 1, "camera": "中景", "duration": 5, "prompt": "英文图像生成prompt", "characters": ["角色A"], "dialogue": "台词"}\n', 'role': 'system'}, {'content': '请为以下剧集生成分镜脚本：\n\n## 剧集信息\n第1集：雨夜相遇\n剧情概要：被裁员的程序员林默在雨夜捡到一只受伤的黑猫，猫竟开口说话并自称异世界守护者。暗影怪物追杀而至，林默被迫相信眼前的一切。\n\n## 完整剧本\n【雨夜，城市街头】\n林默提着公文包低头走在雨中，雨水打湿他的格子衫。他打开手机，屏幕上是“解除劳动合同通知”，雨水混着泪水模糊了视线。\n林默（自嘲）： “连猫都比我强，至少还有地方躲雨。”\n墙角传来微弱的猫叫。林默走近，看到一只黑猫蜷缩在纸箱里，左耳有伤口，金瞳警惕地盯着他。\n林默： “别怕，我带你回家。”\n他刚伸手，猫突然开口：\n夜影： “别废话，后面有追兵，快走！”\n林默惊得跌坐在地： “猫……猫说话了？！”\n夜影： “我是异世界守护者夜影。没时间解释，你已经被盯上了。”\n话音未落，街尾一团黑影涌来，路灯接连熄灭，黑影发出刺耳嘶鸣。\n夜影纵身跃起，尾巴化作金色光链击退黑影，却被一道黑气击中，落在林默怀里。\n夜影： “凡人……愣着干什么？跑！”\n林默本能地抱紧猫，冲进雨幕。\n【林默家中，深夜】\n林默把猫放在桌上，自己浑身湿透。夜影蜷成一团，伤口渗血。\n夜影： “多谢。但麻烦刚开始，你沾了我的气息，暗影不会放过你。”\n林默： “什么意思？你先讲清楚！”\n夜影： “五块星辰碎片散落人间，暗影之首想集齐它们打开两界通道。我必须阻止它，而你……”\n夜影眯起金瞳： “你的左眼，现在能看到常人不该看到的东西了吧？”\n林默走到镜子前，摘下眼镜，左眼瞳孔中有浅浅的金色纹路。\n林默： “这是什么？！”\n夜影： “你是这个世界的‘锚点’，也是唯一能帮我的人。”\n林默沉默片刻： “我凭什么信你？”\n夜影静静看他： “因为你已经无路可走，而我，能给你一个方向。”\n窗外，一团黑影慢慢爬上玻璃，露出一张扭曲的脸。\n夜影猛地抬头： “来了。”\n【定格，片名浮现：《雨夜之猫》】\n\n## 角色外观参考（请严格保持一致）\n林默: Messy short black hair, unkempt and slightly overgrown, with strands sticking out in different directions., Pale sallow face, heavy dark circles under the eyes, tired but intense gaze., Thin and lanky, around 175cm, slightly hunched posture; appears tired and underweight., wearing Worn plaid shirt over a plain T-shirt, loose blue jeans, and scuffed white sneakers; black-rimmed glasses.\n夜影: Short, sleek black fur covering the entire body, glossy in the light., Golden vertical slit pupils, sharp and contemptuous expression, left ear has a visible notch; sleek whiskers., Lean and agile cat body, medium-sized, with a tail that can transform into a golden light chain; when burning life, golden flames envelop the whole form., wearing No clothing; natural black fur only.\n小雨: Long dark hair tied into a neat high ponytail, with a few loose strands framing her face., Soft, gentle face with warm eyes; after awakening, her pupils turn into shimmering starlight color., Slender and graceful, about 160cm tall; a small glowing star-shaped mark appears on her wrist., wearing A simple white dress that falls to her knees, with faint star-pattern embroidery on the hem; no heavy accessories.\n暗影之首: No hair; the entire form is a swirling, conscious black mist., No visible mouth or nose; two narrow, elongated scarlet eyes glow from within the darkness, radiating malice., Amorphous; can condense into a tall humanoid silhouette with no solid mass, or attach to electronic devices; height and build are unstable, shifting like smoke., wearing No clothes; instead, dark mist and shadow fragments form an ever-shifting cloak around the figure.\n\n## 要求\n1. 根据剧本内容，将每个关键场景拆分为独立的分镜\n2. 每个场景的prompt必须用英文编写，格式为：\n   "anime style, [镜头类型], [场景环境描述], [角色外观描述], [动作/表情描述], [光影/氛围], high quality, detailed"\n3. 角色外观必须完整引用上面的参考信息\n4. 每个场景的dialogue字段填写该场景对应的台词，无台词则为空字符串\n5. 每集生成5到10个场景\n\n请直接输出JSON数组，不要包含其他文字。\n', 'role': 'user'}], 'model': 'deepseek-v4-flash', 'max_tokens': 16384, 'n': 1, 'stream': False, 'temperature': 0.4}}
2026-08-30 01:07:25,589 [DEBUG] openai._base_client: Sending HTTP Request: POST https://api.deepseek.com/v1/chat/completions
2026-08-30 01:07:25,590 [DEBUG] httpcore.http11: send_request_headers.started request=<Request [b'POST']>
2026-08-30 01:07:25,590 [DEBUG] httpcore.http11: send_request_headers.complete
2026-08-30 01:07:25,590 [DEBUG] httpcore.http11: send_request_body.started request=<Request [b'POST']>
2026-08-30 01:07:25,590 [DEBUG] httpcore.http11: send_request_body.complete
2026-08-30 01:07:25,590 [DEBUG] httpcore.http11: receive_response_headers.started request=<Request [b'POST']>
2026-08-30 01:07:25,766 [DEBUG] httpcore.http11: receive_response_headers.complete return_value=(b'HTTP/1.1', 200, b'OK', [(b'Server', b'openresty'), (b'Content-Type', b'application/json'), (b'vary', b'origin, access-control-request-method, access-control-request-headers'), (b'access-control-allow-credentials', b'true'), (b'x-ds-trace-id', b'bae3cc4eecfd08bef90a5628266a0300'), (b'Strict-Transport-Security', b'max-age=31536000; includeSubDomains; preload'), (b'X-Content-Type-Options', b'nosniff'), (b'Transfer-Encoding', b'chunked'), (b'Connection', b'keep-alive'), (b'Date', b'Sat, 29 Aug 2026 17:07:25 GMT'), (b'EO-LOG-UUID', b'13474034119840056763'), (b'EO-Cache-Status', b'MISS')])
2026-08-30 01:07:25,767 [INFO] httpx: HTTP Request: POST https://api.deepseek.com/v1/chat/completions "HTTP/1.1 200 OK"
2026-08-30 01:07:25,767 [DEBUG] httpcore.http11: receive_response_body.started request=<Request [b'POST']>
2026-08-30 01:07:30,076 [DEBUG] aiosqlite: executing <function connect.<locals>.connector at 0x0000018C4DC31120>
2026-08-30 01:07:30,076 [DEBUG] aiosqlite: operation <function connect.<locals>.connector at 0x0000018C4DC31120> completed
2026-08-30 01:07:30,077 [DEBUG] aiosqlite: executing functools.partial(<built-in method create_function of sqlite3.Connection object at 0x0000018C4DB59D50>, 'regexp', 2, <function SQLiteDialect_pysqlite.on_connect.<locals>.regexp at 0x0000018C4AFFA660>, deterministic=True)
2026-08-30 01:07:30,077 [DEBUG] aiosqlite: operation functools.partial(<built-in method create_function of sqlite3.Connection object at 0x0000018C4DB59D50>, 'regexp', 2, <function SQLiteDialect_pysqlite.on_connect.<locals>.regexp at 0x0000018C4AFFA660>, deterministic=True) completed
2026-08-30 01:07:30,077 [DEBUG] aiosqlite: executing functools.partial(<built-in method create_function of sqlite3.Connection object at 0x0000018C4DB59D50>, 'floor', 1, <built-in function floor>, deterministic=True)
2026-08-30 01:07:30,077 [DEBUG] aiosqlite: operation functools.partial(<built-in method create_function of sqlite3.Connection object at 0x0000018C4DB59D50>, 'floor', 1, <built-in function floor>, deterministic=True) completed
2026-08-30 01:07:30,077 [INFO] sqlalchemy.engine.Engine: BEGIN (implicit)
2026-08-30 01:07:30,077 [INFO] sqlalchemy.engine.Engine: SELECT task.id, task.story_id, task.status, task.progress, task.current_step, task.retry_count, task.error_message, task.created_at, task.updated_at 
FROM task 
WHERE task.id = ?
2026-08-30 01:07:30,077 [INFO] sqlalchemy.engine.Engine: [cached since 286.8s ago] ('2773220ff25c46149fb7e0fbe8bfafca',)
2026-08-30 01:07:30,078 [DEBUG] aiosqlite: executing functools.partial(<built-in method cursor of sqlite3.Connection object at 0x0000018C4DB59D50>)
2026-08-30 01:07:30,078 [DEBUG] aiosqlite: operation functools.partial(<built-in method cursor of sqlite3.Connection object at 0x0000018C4DB59D50>) completed
2026-08-30 01:07:30,078 [DEBUG] aiosqlite: executing functools.partial(<built-in method execute of sqlite3.Cursor object at 0x0000018C4DC220C0>, 'SELECT task.id, task.story_id, task.status, task.progress, task.current_step, task.retry_count, task.error_message, task.created_at, task.updated_at \nFROM task \nWHERE task.id = ?', ('2773220ff25c46149fb7e0fbe8bfafca',))
2026-08-30 01:07:30,079 [DEBUG] aiosqlite: operation functools.partial(<built-in method execute of sqlite3.Cursor object at 0x0000018C4DC220C0>, 'SELECT task.id, task.story_id, task.status, task.progress, task.current_step, task.retry_count, task.error_message, task.created_at, task.updated_at \nFROM task \nWHERE task.id = ?', ('2773220ff25c46149fb7e0fbe8bfafca',)) completed
2026-08-30 01:07:30,079 [DEBUG] aiosqlite: executing functools.partial(<built-in method fetchall of sqlite3.Cursor object at 0x0000018C4DC220C0>)
2026-08-30 01:07:30,079 [DEBUG] aiosqlite: operation functools.partial(<built-in method fetchall of sqlite3.Cursor object at 0x0000018C4DC220C0>) completed
2026-08-30 01:07:30,079 [DEBUG] aiosqlite: executing functools.partial(<built-in method close of sqlite3.Cursor object at 0x0000018C4DC220C0>)
2026-08-30 01:07:30,080 [DEBUG] aiosqlite: operation functools.partial(<built-in method close of sqlite3.Cursor object at 0x0000018C4DC220C0>) completed
2026-08-30 01:07:30,080 [INFO] sqlalchemy.engine.Engine: COMMIT
2026-08-30 01:07:30,080 [DEBUG] aiosqlite: executing functools.partial(<built-in method commit of sqlite3.Connection object at 0x0000018C4DB59D50>)
2026-08-30 01:07:30,080 [DEBUG] aiosqlite: operation functools.partial(<built-in method commit of sqlite3.Connection object at 0x0000018C4DB59D50>) completed
2026-08-30 01:07:30,081 [DEBUG] aiosqlite: executing functools.partial(<built-in method rollback of sqlite3.Connection object at 0x0000018C4DB59D50>)
2026-08-30 01:07:30,081 [DEBUG] aiosqlite: operation functools.partial(<built-in method rollback of sqlite3.Connection object at 0x0000018C4DB59D50>) completed
2026-08-30 01:07:30,081 [DEBUG] aiosqlite: executing functools.partial(<built-in method close of sqlite3.Connection object at 0x0000018C4DB59D50>)
2026-08-30 01:07:30,081 [DEBUG] aiosqlite: operation functools.partial(<built-in method close of sqlite3.Connection object at 0x0000018C4DB59D50>) completed
2026-08-30 01:07:35,092 [DEBUG] aiosqlite: executing <function connect.<locals>.connector at 0x0000018C4DC33A60>
2026-08-30 01:07:35,092 [DEBUG] aiosqlite: operation <function connect.<locals>.connector at 0x0000018C4DC33A60> completed
2026-08-30 01:07:35,092 [DEBUG] aiosqlite: executing functools.partial(<built-in method create_function of sqlite3.Connection object at 0x0000018C4DBBDE40>, 'regexp', 2, <function SQLiteDialect_pysqlite.on_connect.<locals>.regexp at 0x0000018C4AFFA660>, deterministic=True)
2026-08-30 01:07:35,092 [DEBUG] aiosqlite: operation functools.partial(<built-in method create_function of sqlite3.Connection object at 0x0000018C4DBBDE40>, 'regexp', 2, <function SQLiteDialect_pysqlite.on_connect.<locals>.regexp at 0x0000018C4AFFA660>, deterministic=True) completed
2026-08-30 01:07:35,094 [DEBUG] aiosqlite: executing functools.partial(<built-in method create_function of sqlite3.Connection object at 0x0000018C4DBBDE40>, 'floor', 1, <built-in function floor>, deterministic=True)
2026-08-30 01:07:35,094 [DEBUG] aiosqlite: operation functools.partial(<built-in method create_function of sqlite3.Connection object at 0x0000018C4DBBDE40>, 'floor', 1, <built-in function floor>, deterministic=True) completed
2026-08-30 01:07:35,094 [INFO] sqlalchemy.engine.Engine: BEGIN (implicit)
2026-08-30 01:07:35,094 [INFO] sqlalchemy.engine.Engine: SELECT task.id, task.story_id, task.status, task.progress, task.current_step, task.retry_count, task.error_message, task.created_at, task.updated_at 
FROM task 
WHERE task.id = ?
2026-08-30 01:07:35,094 [INFO] sqlalchemy.engine.Engine: [cached since 291.9s ago] ('2773220ff25c46149fb7e0fbe8bfafca',)
2026-08-30 01:07:35,094 [DEBUG] aiosqlite: executing functools.partial(<built-in method cursor of sqlite3.Connection object at 0x0000018C4DBBDE40>)
2026-08-30 01:07:35,094 [DEBUG] aiosqlite: operation functools.partial(<built-in method cursor of sqlite3.Connection object at 0x0000018C4DBBDE40>) completed
2026-08-30 01:07:35,094 [DEBUG] aiosqlite: executing functools.partial(<built-in method execute of sqlite3.Cursor object at 0x0000018C4DC206C0>, 'SELECT task.id, task.story_id, task.status, task.progress, task.current_step, task.retry_count, task.error_message, task.created_at, task.updated_at \nFROM task \nWHERE task.id = ?', ('2773220ff25c46149fb7e0fbe8bfafca',))
2026-08-30 01:07:35,096 [DEBUG] aiosqlite: operation functools.partial(<built-in method execute of sqlite3.Cursor object at 0x0000018C4DC206C0>, 'SELECT task.id, task.story_id, task.status, task.progress, task.current_step, task.retry_count, task.error_message, task.created_at, task.updated_at \nFROM task \nWHERE task.id = ?', ('2773220ff25c46149fb7e0fbe8bfafca',)) completed
2026-08-30 01:07:35,096 [DEBUG] aiosqlite: executing functools.partial(<built-in method fetchall of sqlite3.Cursor object at 0x0000018C4DC206C0>)
2026-08-30 01:07:35,096 [DEBUG] aiosqlite: operation functools.partial(<built-in method fetchall of sqlite3.Cursor object at 0x0000018C4DC206C0>) completed
2026-08-30 01:07:35,096 [DEBUG] aiosqlite: executing functools.partial(<built-in method close of sqlite3.Cursor object at 0x0000018C4DC206C0>)
2026-08-30 01:07:35,096 [DEBUG] aiosqlite: operation functools.partial(<built-in method close of sqlite3.Cursor object at 0x0000018C4DC206C0>) completed
2026-08-30 01:07:35,096 [INFO] sqlalchemy.engine.Engine: COMMIT
2026-08-30 01:07:35,096 [DEBUG] aiosqlite: executing functools.partial(<built-in method commit of sqlite3.Connection object at 0x0000018C4DBBDE40>)
2026-08-30 01:07:35,096 [DEBUG] aiosqlite: operation functools.partial(<built-in method commit of sqlite3.Connection object at 0x0000018C4DBBDE40>) completed
2026-08-30 01:07:35,096 [DEBUG] aiosqlite: executing functools.partial(<built-in method rollback of sqlite3.Connection object at 0x0000018C4DBBDE40>)
2026-08-30 01:07:35,096 [DEBUG] aiosqlite: operation functools.partial(<built-in method rollback of sqlite3.Connection object at 0x0000018C4DBBDE40>) completed
2026-08-30 01:07:35,096 [DEBUG] aiosqlite: executing functools.partial(<built-in method close of sqlite3.Connection object at 0x0000018C4DBBDE40>)
2026-08-30 01:07:35,096 [DEBUG] aiosqlite: operation functools.partial(<built-in method close of sqlite3.Connection object at 0x0000018C4DBBDE40>) completed
2026-08-30 01:07:40,107 [DEBUG] aiosqlite: executing <function connect.<locals>.connector at 0x0000018C4DC33CE0>
2026-08-30 01:07:40,107 [DEBUG] aiosqlite: operation <function connect.<locals>.connector at 0x0000018C4DC33CE0> completed
2026-08-30 01:07:40,107 [DEBUG] aiosqlite: executing functools.partial(<built-in method create_function of sqlite3.Connection object at 0x0000018C4DBBDF30>, 'regexp', 2, <function SQLiteDialect_pysqlite.on_connect.<locals>.regexp at 0x0000018C4AFFA660>, deterministic=True)
2026-08-30 01:07:40,107 [DEBUG] aiosqlite: operation functools.partial(<built-in method create_function of sqlite3.Connection object at 0x0000018C4DBBDF30>, 'regexp', 2, <function SQLiteDialect_pysqlite.on_connect.<locals>.regexp at 0x0000018C4AFFA660>, deterministic=True) completed
2026-08-30 01:07:40,107 [DEBUG] aiosqlite: executing functools.partial(<built-in method create_function of sqlite3.Connection object at 0x0000018C4DBBDF30>, 'floor', 1, <built-in function floor>, deterministic=True)
2026-08-30 01:07:40,107 [DEBUG] aiosqlite: operation functools.partial(<built-in method create_function of sqlite3.Connection object at 0x0000018C4DBBDF30>, 'floor', 1, <built-in function floor>, deterministic=True) completed
2026-08-30 01:07:40,107 [INFO] sqlalchemy.engine.Engine: BEGIN (implicit)
2026-08-30 01:07:40,107 [INFO] sqlalchemy.engine.Engine: SELECT task.id, task.story_id, task.status, task.progress, task.current_step, task.retry_count, task.error_message, task.created_at, task.updated_at 
FROM task 
WHERE task.id = ?
2026-08-30 01:07:40,107 [INFO] sqlalchemy.engine.Engine: [cached since 296.9s ago] ('2773220ff25c46149fb7e0fbe8bfafca',)
2026-08-30 01:07:40,107 [DEBUG] aiosqlite: executing functools.partial(<built-in method cursor of sqlite3.Connection object at 0x0000018C4DBBDF30>)
2026-08-30 01:07:40,107 [DEBUG] aiosqlite: operation functools.partial(<built-in method cursor of sqlite3.Connection object at 0x0000018C4DBBDF30>) completed
2026-08-30 01:07:40,107 [DEBUG] aiosqlite: executing functools.partial(<built-in method execute of sqlite3.Cursor object at 0x0000018C4DC222C0>, 'SELECT task.id, task.story_id, task.status, task.progress, task.current_step, task.retry_count, task.error_message, task.created_at, task.updated_at \nFROM task \nWHERE task.id = ?', ('2773220ff25c46149fb7e0fbe8bfafca',))
2026-08-30 01:07:40,107 [DEBUG] aiosqlite: operation functools.partial(<built-in method execute of sqlite3.Cursor object at 0x0000018C4DC222C0>, 'SELECT task.id, task.story_id, task.status, task.progress, task.current_step, task.retry_count, task.error_message, task.created_at, task.updated_at \nFROM task \nWHERE task.id = ?', ('2773220ff25c46149fb7e0fbe8bfafca',)) completed
2026-08-30 01:07:40,107 [DEBUG] aiosqlite: executing functools.partial(<built-in method fetchall of sqlite3.Cursor object at 0x0000018C4DC222C0>)
2026-08-30 01:07:40,107 [DEBUG] aiosqlite: operation functools.partial(<built-in method fetchall of sqlite3.Cursor object at 0x0000018C4DC222C0>) completed
2026-08-30 01:07:40,107 [DEBUG] aiosqlite: executing functools.partial(<built-in method close of sqlite3.Cursor object at 0x0000018C4DC222C0>)
2026-08-30 01:07:40,107 [DEBUG] aiosqlite: operation functools.partial(<built-in method close of sqlite3.Cursor object at 0x0000018C4DC222C0>) completed
2026-08-30 01:07:40,107 [INFO] sqlalchemy.engine.Engine: COMMIT
2026-08-30 01:07:40,107 [DEBUG] aiosqlite: executing functools.partial(<built-in method commit of sqlite3.Connection object at 0x0000018C4DBBDF30>)
2026-08-30 01:07:40,107 [DEBUG] aiosqlite: operation functools.partial(<built-in method commit of sqlite3.Connection object at 0x0000018C4DBBDF30>) completed
2026-08-30 01:07:40,107 [DEBUG] aiosqlite: executing functools.partial(<built-in method rollback of sqlite3.Connection object at 0x0000018C4DBBDF30>)
2026-08-30 01:07:40,115 [DEBUG] aiosqlite: operation functools.partial(<built-in method rollback of sqlite3.Connection object at 0x0000018C4DBBDF30>) completed
2026-08-30 01:07:40,115 [DEBUG] aiosqlite: executing functools.partial(<built-in method close of sqlite3.Connection object at 0x0000018C4DBBDF30>)
2026-08-30 01:07:40,115 [DEBUG] aiosqlite: operation functools.partial(<built-in method close of sqlite3.Connection object at 0x0000018C4DBBDF30>) completed
2026-08-30 01:07:45,127 [DEBUG] aiosqlite: executing <function connect.<locals>.connector at 0x0000018C4DC32980>
2026-08-30 01:07:45,127 [DEBUG] aiosqlite: operation <function connect.<locals>.connector at 0x0000018C4DC32980> completed
2026-08-30 01:07:45,127 [DEBUG] aiosqlite: executing functools.partial(<built-in method create_function of sqlite3.Connection object at 0x0000018C4DBBE110>, 'regexp', 2, <function SQLiteDialect_pysqlite.on_connect.<locals>.regexp at 0x0000018C4AFFA660>, deterministic=True)
2026-08-30 01:07:45,127 [DEBUG] aiosqlite: operation functools.partial(<built-in method create_function of sqlite3.Connection object at 0x0000018C4DBBE110>, 'regexp', 2, <function SQLiteDialect_pysqlite.on_connect.<locals>.regexp at 0x0000018C4AFFA660>, deterministic=True) completed
2026-08-30 01:07:45,130 [DEBUG] aiosqlite: executing functools.partial(<built-in method create_function of sqlite3.Connection object at 0x0000018C4DBBE110>, 'floor', 1, <built-in function floor>, deterministic=True)
2026-08-30 01:07:45,130 [DEBUG] aiosqlite: operation functools.partial(<built-in method create_function of sqlite3.Connection object at 0x0000018C4DBBE110>, 'floor', 1, <built-in function floor>, deterministic=True) completed
2026-08-30 01:07:45,130 [INFO] sqlalchemy.engine.Engine: BEGIN (implicit)
2026-08-30 01:07:45,130 [INFO] sqlalchemy.engine.Engine: SELECT task.id, task.story_id, task.status, task.progress, task.current_step, task.retry_count, task.error_message, task.created_at, task.updated_at 
FROM task 
WHERE task.id = ?
2026-08-30 01:07:45,130 [INFO] sqlalchemy.engine.Engine: [cached since 301.9s ago] ('2773220ff25c46149fb7e0fbe8bfafca',)
2026-08-30 01:07:45,130 [DEBUG] aiosqlite: executing functools.partial(<built-in method cursor of sqlite3.Connection object at 0x0000018C4DBBE110>)
2026-08-30 01:07:45,130 [DEBUG] aiosqlite: operation functools.partial(<built-in method cursor of sqlite3.Connection object at 0x0000018C4DBBE110>) completed
2026-08-30 01:07:45,130 [DEBUG] aiosqlite: executing functools.partial(<built-in method execute of sqlite3.Cursor object at 0x0000018C4DC222C0>, 'SELECT task.id, task.story_id, task.status, task.progress, task.current_step, task.retry_count, task.error_message, task.created_at, task.updated_at \nFROM task \nWHERE task.id = ?', ('2773220ff25c46149fb7e0fbe8bfafca',))
2026-08-30 01:07:45,130 [DEBUG] aiosqlite: operation functools.partial(<built-in method execute of sqlite3.Cursor object at 0x0000018C4DC222C0>, 'SELECT task.id, task.story_id, task.status, task.progress, task.current_step, task.retry_count, task.error_message, task.created_at, task.updated_at \nFROM task \nWHERE task.id = ?', ('2773220ff25c46149fb7e0fbe8bfafca',)) completed
2026-08-30 01:07:45,130 [DEBUG] aiosqlite: executing functools.partial(<built-in method fetchall of sqlite3.Cursor object at 0x0000018C4DC222C0>)
2026-08-30 01:07:45,130 [DEBUG] aiosqlite: operation functools.partial(<built-in method fetchall of sqlite3.Cursor object at 0x0000018C4DC222C0>) completed
2026-08-30 01:07:45,130 [DEBUG] aiosqlite: executing functools.partial(<built-in method close of sqlite3.Cursor object at 0x0000018C4DC222C0>)
2026-08-30 01:07:45,130 [DEBUG] aiosqlite: operation functools.partial(<built-in method close of sqlite3.Cursor object at 0x0000018C4DC222C0>) completed
2026-08-30 01:07:45,130 [INFO] sqlalchemy.engine.Engine: COMMIT
2026-08-30 01:07:45,130 [DEBUG] aiosqlite: executing functools.partial(<built-in method commit of sqlite3.Connection object at 0x0000018C4DBBE110>)
2026-08-30 01:07:45,130 [DEBUG] aiosqlite: operation functools.partial(<built-in method commit of sqlite3.Connection object at 0x0000018C4DBBE110>) completed
2026-08-30 01:07:45,130 [DEBUG] aiosqlite: executing functools.partial(<built-in method rollback of sqlite3.Connection object at 0x0000018C4DBBE110>)
2026-08-30 01:07:45,130 [DEBUG] aiosqlite: operation functools.partial(<built-in method rollback of sqlite3.Connection object at 0x0000018C4DBBE110>) completed
2026-08-30 01:07:45,130 [DEBUG] aiosqlite: executing functools.partial(<built-in method close of sqlite3.Connection object at 0x0000018C4DBBE110>)
2026-08-30 01:07:45,130 [DEBUG] aiosqlite: operation functools.partial(<built-in method close of sqlite3.Connection object at 0x0000018C4DBBE110>) completed
2026-08-30 01:07:50,168 [DEBUG] aiosqlite: executing <function connect.<locals>.connector at 0x0000018C4DC30220>
2026-08-30 01:07:50,168 [DEBUG] aiosqlite: operation <function connect.<locals>.connector at 0x0000018C4DC30220> completed
2026-08-30 01:07:50,172 [DEBUG] aiosqlite: executing functools.partial(<built-in method create_function of sqlite3.Connection object at 0x0000018C4DBBE2F0>, 'regexp', 2, <function SQLiteDialect_pysqlite.on_connect.<locals>.regexp at 0x0000018C4AFFA660>, deterministic=True)
2026-08-30 01:07:50,172 [DEBUG] aiosqlite: operation functools.partial(<built-in method create_function of sqlite3.Connection object at 0x0000018C4DBBE2F0>, 'regexp', 2, <function SQLiteDialect_pysqlite.on_connect.<locals>.regexp at 0x0000018C4AFFA660>, deterministic=True) completed
2026-08-30 01:07:50,172 [DEBUG] aiosqlite: executing functools.partial(<built-in method create_function of sqlite3.Connection object at 0x0000018C4DBBE2F0>, 'floor', 1, <built-in function floor>, deterministic=True)
2026-08-30 01:07:50,172 [DEBUG] aiosqlite: operation functools.partial(<built-in method create_function of sqlite3.Connection object at 0x0000018C4DBBE2F0>, 'floor', 1, <built-in function floor>, deterministic=True) completed
2026-08-30 01:07:50,172 [INFO] sqlalchemy.engine.Engine: BEGIN (implicit)
2026-08-30 01:07:50,174 [INFO] sqlalchemy.engine.Engine: SELECT task.id, task.story_id, task.status, task.progress, task.current_step, task.retry_count, task.error_message, task.created_at, task.updated_at 
FROM task 
WHERE task.id = ?
2026-08-30 01:07:50,174 [INFO] sqlalchemy.engine.Engine: [cached since 306.9s ago] ('2773220ff25c46149fb7e0fbe8bfafca',)
2026-08-30 01:07:50,174 [DEBUG] aiosqlite: executing functools.partial(<built-in method cursor of sqlite3.Connection object at 0x0000018C4DBBE2F0>)
2026-08-30 01:07:50,174 [DEBUG] aiosqlite: operation functools.partial(<built-in method cursor of sqlite3.Connection object at 0x0000018C4DBBE2F0>) completed
2026-08-30 01:07:50,174 [DEBUG] aiosqlite: executing functools.partial(<built-in method execute of sqlite3.Cursor object at 0x0000018C4DC220C0>, 'SELECT task.id, task.story_id, task.status, task.progress, task.current_step, task.retry_count, task.error_message, task.created_at, task.updated_at \nFROM task \nWHERE task.id = ?', ('2773220ff25c46149fb7e0fbe8bfafca',))
2026-08-30 01:07:50,176 [DEBUG] aiosqlite: operation functools.partial(<built-in method execute of sqlite3.Cursor object at 0x0000018C4DC220C0>, 'SELECT task.id, task.story_id, task.status, task.progress, task.current_step, task.retry_count, task.error_message, task.created_at, task.updated_at \nFROM task \nWHERE task.id = ?', ('2773220ff25c46149fb7e0fbe8bfafca',)) completed
2026-08-30 01:07:50,176 [DEBUG] aiosqlite: executing functools.partial(<built-in method fetchall of sqlite3.Cursor object at 0x0000018C4DC220C0>)
2026-08-30 01:07:50,178 [DEBUG] aiosqlite: operation functools.partial(<built-in method fetchall of sqlite3.Cursor object at 0x0000018C4DC220C0>) completed
2026-08-30 01:07:50,178 [DEBUG] aiosqlite: executing functools.partial(<built-in method close of sqlite3.Cursor object at 0x0000018C4DC220C0>)
2026-08-30 01:07:50,178 [DEBUG] aiosqlite: operation functools.partial(<built-in method close of sqlite3.Cursor object at 0x0000018C4DC220C0>) completed
2026-08-30 01:07:50,178 [INFO] sqlalchemy.engine.Engine: COMMIT
2026-08-30 01:07:50,178 [DEBUG] aiosqlite: executing functools.partial(<built-in method commit of sqlite3.Connection object at 0x0000018C4DBBE2F0>)
2026-08-30 01:07:50,178 [DEBUG] aiosqlite: operation functools.partial(<built-in method commit of sqlite3.Connection object at 0x0000018C4DBBE2F0>) completed
2026-08-30 01:07:50,178 [DEBUG] aiosqlite: executing functools.partial(<built-in method rollback of sqlite3.Connection object at 0x0000018C4DBBE2F0>)
2026-08-30 01:07:50,178 [DEBUG] aiosqlite: operation functools.partial(<built-in method rollback of sqlite3.Connection object at 0x0000018C4DBBE2F0>) completed
2026-08-30 01:07:50,180 [DEBUG] aiosqlite: executing functools.partial(<built-in method close of sqlite3.Connection object at 0x0000018C4DBBE2F0>)
2026-08-30 01:07:50,180 [DEBUG] aiosqlite: operation functools.partial(<built-in method close of sqlite3.Connection object at 0x0000018C4DBBE2F0>) completed
2026-08-30 01:07:55,188 [DEBUG] aiosqlite: executing <function connect.<locals>.connector at 0x0000018C4DC30EA0>
2026-08-30 01:07:55,188 [DEBUG] aiosqlite: operation <function connect.<locals>.connector at 0x0000018C4DC30EA0> completed
2026-08-30 01:07:55,188 [DEBUG] aiosqlite: executing functools.partial(<built-in method create_function of sqlite3.Connection object at 0x0000018C4DBBC400>, 'regexp', 2, <function SQLiteDialect_pysqlite.on_connect.<locals>.regexp at 0x0000018C4AFFA660>, deterministic=True)
2026-08-30 01:07:55,188 [DEBUG] aiosqlite: operation functools.partial(<built-in method create_function of sqlite3.Connection object at 0x0000018C4DBBC400>, 'regexp', 2, <function SQLiteDialect_pysqlite.on_connect.<locals>.regexp at 0x0000018C4AFFA660>, deterministic=True) completed
2026-08-30 01:07:55,191 [DEBUG] aiosqlite: executing functools.partial(<built-in method create_function of sqlite3.Connection object at 0x0000018C4DBBC400>, 'floor', 1, <built-in function floor>, deterministic=True)
2026-08-30 01:07:55,191 [DEBUG] aiosqlite: operation functools.partial(<built-in method create_function of sqlite3.Connection object at 0x0000018C4DBBC400>, 'floor', 1, <built-in function floor>, deterministic=True) completed
2026-08-30 01:07:55,191 [INFO] sqlalchemy.engine.Engine: BEGIN (implicit)
2026-08-30 01:07:55,191 [INFO] sqlalchemy.engine.Engine: SELECT task.id, task.story_id, task.status, task.progress, task.current_step, task.retry_count, task.error_message, task.created_at, task.updated_at 
FROM task 
WHERE task.id = ?
2026-08-30 01:07:55,191 [INFO] sqlalchemy.engine.Engine: [cached since 312s ago] ('2773220ff25c46149fb7e0fbe8bfafca',)
2026-08-30 01:07:55,191 [DEBUG] aiosqlite: executing functools.partial(<built-in method cursor of sqlite3.Connection object at 0x0000018C4DBBC400>)
2026-08-30 01:07:55,191 [DEBUG] aiosqlite: operation functools.partial(<built-in method cursor of sqlite3.Connection object at 0x0000018C4DBBC400>) completed
2026-08-30 01:07:55,191 [DEBUG] aiosqlite: executing functools.partial(<built-in method execute of sqlite3.Cursor object at 0x0000018C4DC20FC0>, 'SELECT task.id, task.story_id, task.status, task.progress, task.current_step, task.retry_count, task.error_message, task.created_at, task.updated_at \nFROM task \nWHERE task.id = ?', ('2773220ff25c46149fb7e0fbe8bfafca',))
2026-08-30 01:07:55,191 [DEBUG] aiosqlite: operation functools.partial(<built-in method execute of sqlite3.Cursor object at 0x0000018C4DC20FC0>, 'SELECT task.id, task.story_id, task.status, task.progress, task.current_step, task.retry_count, task.error_message, task.created_at, task.updated_at \nFROM task \nWHERE task.id = ?', ('2773220ff25c46149fb7e0fbe8bfafca',)) completed
2026-08-30 01:07:55,191 [DEBUG] aiosqlite: executing functools.partial(<built-in method fetchall of sqlite3.Cursor object at 0x0000018C4DC20FC0>)
2026-08-30 01:07:55,191 [DEBUG] aiosqlite: operation functools.partial(<built-in method fetchall of sqlite3.Cursor object at 0x0000018C4DC20FC0>) completed
2026-08-30 01:07:55,191 [DEBUG] aiosqlite: executing functools.partial(<built-in method close of sqlite3.Cursor object at 0x0000018C4DC20FC0>)
2026-08-30 01:07:55,191 [DEBUG] aiosqlite: operation functools.partial(<built-in method close of sqlite3.Cursor object at 0x0000018C4DC20FC0>) completed
2026-08-30 01:07:55,191 [INFO] sqlalchemy.engine.Engine: COMMIT
2026-08-30 01:07:55,195 [DEBUG] aiosqlite: executing functools.partial(<built-in method commit of sqlite3.Connection object at 0x0000018C4DBBC400>)
2026-08-30 01:07:55,195 [DEBUG] aiosqlite: operation functools.partial(<built-in method commit of sqlite3.Connection object at 0x0000018C4DBBC400>) completed
2026-08-30 01:07:55,195 [DEBUG] aiosqlite: executing functools.partial(<built-in method rollback of sqlite3.Connection object at 0x0000018C4DBBC400>)
2026-08-30 01:07:55,195 [DEBUG] aiosqlite: operation functools.partial(<built-in method rollback of sqlite3.Connection object at 0x0000018C4DBBC400>) completed
2026-08-30 01:07:55,196 [DEBUG] aiosqlite: executing functools.partial(<built-in method close of sqlite3.Connection object at 0x0000018C4DBBC400>)
2026-08-30 01:07:55,196 [DEBUG] aiosqlite: operation functools.partial(<built-in method close of sqlite3.Connection object at 0x0000018C4DBBC400>) completed
2026-08-30 01:08:00,224 [DEBUG] aiosqlite: executing <function connect.<locals>.connector at 0x0000018C4DC32520>
2026-08-30 01:08:00,224 [DEBUG] aiosqlite: operation <function connect.<locals>.connector at 0x0000018C4DC32520> completed
2026-08-30 01:08:00,225 [DEBUG] aiosqlite: executing functools.partial(<built-in method create_function of sqlite3.Connection object at 0x0000018C4DBBC4F0>, 'regexp', 2, <function SQLiteDialect_pysqlite.on_connect.<locals>.regexp at 0x0000018C4AFFA660>, deterministic=True)
2026-08-30 01:08:00,225 [DEBUG] aiosqlite: operation functools.partial(<built-in method create_function of sqlite3.Connection object at 0x0000018C4DBBC4F0>, 'regexp', 2, <function SQLiteDialect_pysqlite.on_connect.<locals>.regexp at 0x0000018C4AFFA660>, deterministic=True) completed
2026-08-30 01:08:00,225 [DEBUG] aiosqlite: executing functools.partial(<built-in method create_function of sqlite3.Connection object at 0x0000018C4DBBC4F0>, 'floor', 1, <built-in function floor>, deterministic=True)
2026-08-30 01:08:00,225 [DEBUG] aiosqlite: operation functools.partial(<built-in method create_function of sqlite3.Connection object at 0x0000018C4DBBC4F0>, 'floor', 1, <built-in function floor>, deterministic=True) completed
2026-08-30 01:08:00,225 [INFO] sqlalchemy.engine.Engine: BEGIN (implicit)
2026-08-30 01:08:00,226 [INFO] sqlalchemy.engine.Engine: SELECT task.id, task.story_id, task.status, task.progress, task.current_step, task.retry_count, task.error_message, task.created_at, task.updated_at 
FROM task 
WHERE task.id = ?
2026-08-30 01:08:00,226 [INFO] sqlalchemy.engine.Engine: [cached since 317s ago] ('2773220ff25c46149fb7e0fbe8bfafca',)
2026-08-30 01:08:00,226 [DEBUG] aiosqlite: executing functools.partial(<built-in method cursor of sqlite3.Connection object at 0x0000018C4DBBC4F0>)
2026-08-30 01:08:00,226 [DEBUG] aiosqlite: operation functools.partial(<built-in method cursor of sqlite3.Connection object at 0x0000018C4DBBC4F0>) completed
2026-08-30 01:08:00,228 [DEBUG] aiosqlite: executing functools.partial(<built-in method execute of sqlite3.Cursor object at 0x0000018C4DC383C0>, 'SELECT task.id, task.story_id, task.status, task.progress, task.current_step, task.retry_count, task.error_message, task.created_at, task.updated_at \nFROM task \nWHERE task.id = ?', ('2773220ff25c46149fb7e0fbe8bfafca',))
2026-08-30 01:08:00,228 [DEBUG] aiosqlite: operation functools.partial(<built-in method execute of sqlite3.Cursor object at 0x0000018C4DC383C0>, 'SELECT task.id, task.story_id, task.status, task.progress, task.current_step, task.retry_count, task.error_message, task.created_at, task.updated_at \nFROM task \nWHERE task.id = ?', ('2773220ff25c46149fb7e0fbe8bfafca',)) completed
2026-08-30 01:08:00,228 [DEBUG] aiosqlite: executing functools.partial(<built-in method fetchall of sqlite3.Cursor object at 0x0000018C4DC383C0>)
2026-08-30 01:08:00,229 [DEBUG] aiosqlite: operation functools.partial(<built-in method fetchall of sqlite3.Cursor object at 0x0000018C4DC383C0>) completed
2026-08-30 01:08:00,229 [DEBUG] aiosqlite: executing functools.partial(<built-in method close of sqlite3.Cursor object at 0x0000018C4DC383C0>)
2026-08-30 01:08:00,229 [DEBUG] aiosqlite: operation functools.partial(<built-in method close of sqlite3.Cursor object at 0x0000018C4DC383C0>) completed
2026-08-30 01:08:00,229 [INFO] sqlalchemy.engine.Engine: COMMIT
2026-08-30 01:08:00,230 [DEBUG] aiosqlite: executing functools.partial(<built-in method commit of sqlite3.Connection object at 0x0000018C4DBBC4F0>)
2026-08-30 01:08:00,230 [DEBUG] aiosqlite: operation functools.partial(<built-in method commit of sqlite3.Connection object at 0x0000018C4DBBC4F0>) completed
2026-08-30 01:08:00,230 [DEBUG] aiosqlite: executing functools.partial(<built-in method rollback of sqlite3.Connection object at 0x0000018C4DBBC4F0>)
2026-08-30 01:08:00,230 [DEBUG] aiosqlite: operation functools.partial(<built-in method rollback of sqlite3.Connection object at 0x0000018C4DBBC4F0>) completed
2026-08-30 01:08:00,230 [DEBUG] aiosqlite: executing functools.partial(<built-in method close of sqlite3.Connection object at 0x0000018C4DBBC4F0>)
2026-08-30 01:08:00,230 [DEBUG] aiosqlite: operation functools.partial(<built-in method close of sqlite3.Connection object at 0x0000018C4DBBC4F0>) completed
2026-08-30 01:08:05,250 [DEBUG] aiosqlite: executing <function connect.<locals>.connector at 0x0000018C4DC31F80>
2026-08-30 01:08:05,250 [DEBUG] aiosqlite: operation <function connect.<locals>.connector at 0x0000018C4DC31F80> completed
2026-08-30 01:08:05,251 [DEBUG] aiosqlite: executing functools.partial(<built-in method create_function of sqlite3.Connection object at 0x0000018C4DBBC130>, 'regexp', 2, <function SQLiteDialect_pysqlite.on_connect.<locals>.regexp at 0x0000018C4AFFA660>, deterministic=True)
2026-08-30 01:08:05,251 [DEBUG] aiosqlite: operation functools.partial(<built-in method create_function of sqlite3.Connection object at 0x0000018C4DBBC130>, 'regexp', 2, <function SQLiteDialect_pysqlite.on_connect.<locals>.regexp at 0x0000018C4AFFA660>, deterministic=True) completed
2026-08-30 01:08:05,251 [DEBUG] aiosqlite: executing functools.partial(<built-in method create_function of sqlite3.Connection object at 0x0000018C4DBBC130>, 'floor', 1, <built-in function floor>, deterministic=True)
2026-08-30 01:08:05,251 [DEBUG] aiosqlite: operation functools.partial(<built-in method create_function of sqlite3.Connection object at 0x0000018C4DBBC130>, 'floor', 1, <built-in function floor>, deterministic=True) completed
2026-08-30 01:08:05,252 [INFO] sqlalchemy.engine.Engine: BEGIN (implicit)
2026-08-30 01:08:05,252 [INFO] sqlalchemy.engine.Engine: SELECT task.id, task.story_id, task.status, task.progress, task.current_step, task.retry_count, task.error_message, task.created_at, task.updated_at 
FROM task 
WHERE task.id = ?
2026-08-30 01:08:05,252 [INFO] sqlalchemy.engine.Engine: [cached since 322s ago] ('2773220ff25c46149fb7e0fbe8bfafca',)
2026-08-30 01:08:05,253 [DEBUG] aiosqlite: executing functools.partial(<built-in method cursor of sqlite3.Connection object at 0x0000018C4DBBC130>)
2026-08-30 01:08:05,253 [DEBUG] aiosqlite: operation functools.partial(<built-in method cursor of sqlite3.Connection object at 0x0000018C4DBBC130>) completed
2026-08-30 01:08:05,253 [DEBUG] aiosqlite: executing functools.partial(<built-in method execute of sqlite3.Cursor object at 0x0000018C4DC397C0>, 'SELECT task.id, task.story_id, task.status, task.progress, task.current_step, task.retry_count, task.error_message, task.created_at, task.updated_at \nFROM task \nWHERE task.id = ?', ('2773220ff25c46149fb7e0fbe8bfafca',))
2026-08-30 01:08:05,253 [DEBUG] aiosqlite: operation functools.partial(<built-in method execute of sqlite3.Cursor object at 0x0000018C4DC397C0>, 'SELECT task.id, task.story_id, task.status, task.progress, task.current_step, task.retry_count, task.error_message, task.created_at, task.updated_at \nFROM task \nWHERE task.id = ?', ('2773220ff25c46149fb7e0fbe8bfafca',)) completed
2026-08-30 01:08:05,253 [DEBUG] aiosqlite: executing functools.partial(<built-in method fetchall of sqlite3.Cursor object at 0x0000018C4DC397C0>)
2026-08-30 01:08:05,253 [DEBUG] aiosqlite: operation functools.partial(<built-in method fetchall of sqlite3.Cursor object at 0x0000018C4DC397C0>) completed
2026-08-30 01:08:05,253 [DEBUG] aiosqlite: executing functools.partial(<built-in method close of sqlite3.Cursor object at 0x0000018C4DC397C0>)
2026-08-30 01:08:05,253 [DEBUG] aiosqlite: operation functools.partial(<built-in method close of sqlite3.Cursor object at 0x0000018C4DC397C0>) completed
2026-08-30 01:08:05,253 [INFO] sqlalchemy.engine.Engine: COMMIT
2026-08-30 01:08:05,253 [DEBUG] aiosqlite: executing functools.partial(<built-in method commit of sqlite3.Connection object at 0x0000018C4DBBC130>)
2026-08-30 01:08:05,253 [DEBUG] aiosqlite: operation functools.partial(<built-in method commit of sqlite3.Connection object at 0x0000018C4DBBC130>) completed
2026-08-30 01:08:05,253 [DEBUG] aiosqlite: executing functools.partial(<built-in method rollback of sqlite3.Connection object at 0x0000018C4DBBC130>)
2026-08-30 01:08:05,253 [DEBUG] aiosqlite: operation functools.partial(<built-in method rollback of sqlite3.Connection object at 0x0000018C4DBBC130>) completed
2026-08-30 01:08:05,253 [DEBUG] aiosqlite: executing functools.partial(<built-in method close of sqlite3.Connection object at 0x0000018C4DBBC130>)
2026-08-30 01:08:05,253 [DEBUG] aiosqlite: operation functools.partial(<built-in method close of sqlite3.Connection object at 0x0000018C4DBBC130>) completed
2026-08-30 01:08:10,281 [DEBUG] aiosqlite: executing <function connect.<locals>.connector at 0x0000018C4DC320C0>
2026-08-30 01:08:10,282 [DEBUG] aiosqlite: operation <function connect.<locals>.connector at 0x0000018C4DC320C0> completed
2026-08-30 01:08:10,283 [DEBUG] aiosqlite: executing functools.partial(<built-in method create_function of sqlite3.Connection object at 0x0000018C4DBBE980>, 'regexp', 2, <function SQLiteDialect_pysqlite.on_connect.<locals>.regexp at 0x0000018C4AFFA660>, deterministic=True)
2026-08-30 01:08:10,283 [DEBUG] aiosqlite: operation functools.partial(<built-in method create_function of sqlite3.Connection object at 0x0000018C4DBBE980>, 'regexp', 2, <function SQLiteDialect_pysqlite.on_connect.<locals>.regexp at 0x0000018C4AFFA660>, deterministic=True) completed
2026-08-30 01:08:10,283 [DEBUG] aiosqlite: executing functools.partial(<built-in method create_function of sqlite3.Connection object at 0x0000018C4DBBE980>, 'floor', 1, <built-in function floor>, deterministic=True)
2026-08-30 01:08:10,284 [DEBUG] aiosqlite: operation functools.partial(<built-in method create_function of sqlite3.Connection object at 0x0000018C4DBBE980>, 'floor', 1, <built-in function floor>, deterministic=True) completed
2026-08-30 01:08:10,285 [INFO] sqlalchemy.engine.Engine: BEGIN (implicit)
2026-08-30 01:08:10,285 [INFO] sqlalchemy.engine.Engine: SELECT task.id, task.story_id, task.status, task.progress, task.current_step, task.retry_count, task.error_message, task.created_at, task.updated_at 
FROM task 
WHERE task.id = ?
2026-08-30 01:08:10,285 [INFO] sqlalchemy.engine.Engine: [cached since 327.1s ago] ('2773220ff25c46149fb7e0fbe8bfafca',)
2026-08-30 01:08:10,285 [DEBUG] aiosqlite: executing functools.partial(<built-in method cursor of sqlite3.Connection object at 0x0000018C4DBBE980>)
2026-08-30 01:08:10,285 [DEBUG] aiosqlite: operation functools.partial(<built-in method cursor of sqlite3.Connection object at 0x0000018C4DBBE980>) completed
2026-08-30 01:08:10,285 [DEBUG] aiosqlite: executing functools.partial(<built-in method execute of sqlite3.Cursor object at 0x0000018C4DC39BC0>, 'SELECT task.id, task.story_id, task.status, task.progress, task.current_step, task.retry_count, task.error_message, task.created_at, task.updated_at \nFROM task \nWHERE task.id = ?', ('2773220ff25c46149fb7e0fbe8bfafca',))
2026-08-30 01:08:10,289 [DEBUG] aiosqlite: operation functools.partial(<built-in method execute of sqlite3.Cursor object at 0x0000018C4DC39BC0>, 'SELECT task.id, task.story_id, task.status, task.progress, task.current_step, task.retry_count, task.error_message, task.created_at, task.updated_at \nFROM task \nWHERE task.id = ?', ('2773220ff25c46149fb7e0fbe8bfafca',)) completed
2026-08-30 01:08:10,289 [DEBUG] aiosqlite: executing functools.partial(<built-in method fetchall of sqlite3.Cursor object at 0x0000018C4DC39BC0>)
2026-08-30 01:08:10,290 [DEBUG] aiosqlite: operation functools.partial(<built-in method fetchall of sqlite3.Cursor object at 0x0000018C4DC39BC0>) completed
2026-08-30 01:08:10,290 [DEBUG] aiosqlite: executing functools.partial(<built-in method close of sqlite3.Cursor object at 0x0000018C4DC39BC0>)
2026-08-30 01:08:10,290 [DEBUG] aiosqlite: operation functools.partial(<built-in method close of sqlite3.Cursor object at 0x0000018C4DC39BC0>) completed
2026-08-30 01:08:10,290 [INFO] sqlalchemy.engine.Engine: COMMIT
2026-08-30 01:08:10,290 [DEBUG] aiosqlite: executing functools.partial(<built-in method commit of sqlite3.Connection object at 0x0000018C4DBBE980>)
2026-08-30 01:08:10,290 [DEBUG] aiosqlite: operation functools.partial(<built-in method commit of sqlite3.Connection object at 0x0000018C4DBBE980>) completed
2026-08-30 01:08:10,293 [DEBUG] aiosqlite: executing functools.partial(<built-in method rollback of sqlite3.Connection object at 0x0000018C4DBBE980>)
2026-08-30 01:08:10,293 [DEBUG] aiosqlite: operation functools.partial(<built-in method rollback of sqlite3.Connection object at 0x0000018C4DBBE980>) completed
2026-08-30 01:08:10,294 [DEBUG] aiosqlite: executing functools.partial(<built-in method close of sqlite3.Connection object at 0x0000018C4DBBE980>)
2026-08-30 01:08:10,294 [DEBUG] aiosqlite: operation functools.partial(<built-in method close of sqlite3.Connection object at 0x0000018C4DBBE980>) completed
2026-08-30 01:08:15,329 [DEBUG] aiosqlite: executing <function connect.<locals>.connector at 0x0000018C4DC30860>
2026-08-30 01:08:15,331 [DEBUG] aiosqlite: operation <function connect.<locals>.connector at 0x0000018C4DC30860> completed
2026-08-30 01:08:15,331 [DEBUG] aiosqlite: executing functools.partial(<built-in method create_function of sqlite3.Connection object at 0x0000018C4DBBEC50>, 'regexp', 2, <function SQLiteDialect_pysqlite.on_connect.<locals>.regexp at 0x0000018C4AFFA660>, deterministic=True)
2026-08-30 01:08:15,334 [DEBUG] aiosqlite: operation functools.partial(<built-in method create_function of sqlite3.Connection object at 0x0000018C4DBBEC50>, 'regexp', 2, <function SQLiteDialect_pysqlite.on_connect.<locals>.regexp at 0x0000018C4AFFA660>, deterministic=True) completed
2026-08-30 01:08:15,335 [DEBUG] aiosqlite: executing functools.partial(<built-in method create_function of sqlite3.Connection object at 0x0000018C4DBBEC50>, 'floor', 1, <built-in function floor>, deterministic=True)
2026-08-30 01:08:15,335 [DEBUG] aiosqlite: operation functools.partial(<built-in method create_function of sqlite3.Connection object at 0x0000018C4DBBEC50>, 'floor', 1, <built-in function floor>, deterministic=True) completed
2026-08-30 01:08:15,335 [INFO] sqlalchemy.engine.Engine: BEGIN (implicit)
2026-08-30 01:08:15,338 [INFO] sqlalchemy.engine.Engine: SELECT task.id, task.story_id, task.status, task.progress, task.current_step, task.retry_count, task.error_message, task.created_at, task.updated_at 
FROM task 
WHERE task.id = ?
2026-08-30 01:08:15,340 [INFO] sqlalchemy.engine.Engine: [cached since 332.1s ago] ('2773220ff25c46149fb7e0fbe8bfafca',)
2026-08-30 01:08:15,342 [DEBUG] aiosqlite: executing functools.partial(<built-in method cursor of sqlite3.Connection object at 0x0000018C4DBBEC50>)
2026-08-30 01:08:15,342 [DEBUG] aiosqlite: operation functools.partial(<built-in method cursor of sqlite3.Connection object at 0x0000018C4DBBEC50>) completed
2026-08-30 01:08:15,343 [DEBUG] aiosqlite: executing functools.partial(<built-in method execute of sqlite3.Cursor object at 0x0000018C4DC3B9C0>, 'SELECT task.id, task.story_id, task.status, task.progress, task.current_step, task.retry_count, task.error_message, task.created_at, task.updated_at \nFROM task \nWHERE task.id = ?', ('2773220ff25c46149fb7e0fbe8bfafca',))
2026-08-30 01:08:15,347 [DEBUG] aiosqlite: operation functools.partial(<built-in method execute of sqlite3.Cursor object at 0x0000018C4DC3B9C0>, 'SELECT task.id, task.story_id, task.status, task.progress, task.current_step, task.retry_count, task.error_message, task.created_at, task.updated_at \nFROM task \nWHERE task.id = ?', ('2773220ff25c46149fb7e0fbe8bfafca',)) completed
2026-08-30 01:08:15,347 [DEBUG] aiosqlite: executing functools.partial(<built-in method fetchall of sqlite3.Cursor object at 0x0000018C4DC3B9C0>)
2026-08-30 01:08:15,347 [DEBUG] aiosqlite: operation functools.partial(<built-in method fetchall of sqlite3.Cursor object at 0x0000018C4DC3B9C0>) completed
2026-08-30 01:08:15,347 [DEBUG] aiosqlite: executing functools.partial(<built-in method close of sqlite3.Cursor object at 0x0000018C4DC3B9C0>)
2026-08-30 01:08:15,347 [DEBUG] aiosqlite: operation functools.partial(<built-in method close of sqlite3.Cursor object at 0x0000018C4DC3B9C0>) completed
2026-08-30 01:08:15,353 [INFO] sqlalchemy.engine.Engine: COMMIT
2026-08-30 01:08:15,355 [DEBUG] aiosqlite: executing functools.partial(<built-in method commit of sqlite3.Connection object at 0x0000018C4DBBEC50>)
2026-08-30 01:08:15,355 [DEBUG] aiosqlite: operation functools.partial(<built-in method commit of sqlite3.Connection object at 0x0000018C4DBBEC50>) completed
2026-08-30 01:08:15,356 [DEBUG] aiosqlite: executing functools.partial(<built-in method rollback of sqlite3.Connection object at 0x0000018C4DBBEC50>)
2026-08-30 01:08:15,356 [DEBUG] aiosqlite: operation functools.partial(<built-in method rollback of sqlite3.Connection object at 0x0000018C4DBBEC50>) completed
2026-08-30 01:08:15,356 [DEBUG] aiosqlite: executing functools.partial(<built-in method close of sqlite3.Connection object at 0x0000018C4DBBEC50>)
2026-08-30 01:08:15,356 [DEBUG] aiosqlite: operation functools.partial(<built-in method close of sqlite3.Connection object at 0x0000018C4DBBEC50>) completed
2026-08-30 01:08:20,382 [DEBUG] aiosqlite: executing <function connect.<locals>.connector at 0x0000018C4DC331A0>
2026-08-30 01:08:20,382 [DEBUG] aiosqlite: operation <function connect.<locals>.connector at 0x0000018C4DC331A0> completed
2026-08-30 01:08:20,383 [DEBUG] aiosqlite: executing functools.partial(<built-in method create_function of sqlite3.Connection object at 0x0000018C4DBBEF20>, 'regexp', 2, <function SQLiteDialect_pysqlite.on_connect.<locals>.regexp at 0x0000018C4AFFA660>, deterministic=True)
2026-08-30 01:08:20,383 [DEBUG] aiosqlite: operation functools.partial(<built-in method create_function of sqlite3.Connection object at 0x0000018C4DBBEF20>, 'regexp', 2, <function SQLiteDialect_pysqlite.on_connect.<locals>.regexp at 0x0000018C4AFFA660>, deterministic=True) completed
2026-08-30 01:08:20,383 [DEBUG] aiosqlite: executing functools.partial(<built-in method create_function of sqlite3.Connection object at 0x0000018C4DBBEF20>, 'floor', 1, <built-in function floor>, deterministic=True)
2026-08-30 01:08:20,383 [DEBUG] aiosqlite: operation functools.partial(<built-in method create_function of sqlite3.Connection object at 0x0000018C4DBBEF20>, 'floor', 1, <built-in function floor>, deterministic=True) completed
2026-08-30 01:08:20,383 [INFO] sqlalchemy.engine.Engine: BEGIN (implicit)
2026-08-30 01:08:20,383 [INFO] sqlalchemy.engine.Engine: SELECT task.id, task.story_id, task.status, task.progress, task.current_step, task.retry_count, task.error_message, task.created_at, task.updated_at 
FROM task 
WHERE task.id = ?
2026-08-30 01:08:20,383 [INFO] sqlalchemy.engine.Engine: [cached since 337.2s ago] ('2773220ff25c46149fb7e0fbe8bfafca',)
2026-08-30 01:08:20,383 [DEBUG] aiosqlite: executing functools.partial(<built-in method cursor of sqlite3.Connection object at 0x0000018C4DBBEF20>)
2026-08-30 01:08:20,383 [DEBUG] aiosqlite: operation functools.partial(<built-in method cursor of sqlite3.Connection object at 0x0000018C4DBBEF20>) completed
2026-08-30 01:08:20,383 [DEBUG] aiosqlite: executing functools.partial(<built-in method execute of sqlite3.Cursor object at 0x0000018C4DC3A7C0>, 'SELECT task.id, task.story_id, task.status, task.progress, task.current_step, task.retry_count, task.error_message, task.created_at, task.updated_at \nFROM task \nWHERE task.id = ?', ('2773220ff25c46149fb7e0fbe8bfafca',))
2026-08-30 01:08:20,387 [DEBUG] aiosqlite: operation functools.partial(<built-in method execute of sqlite3.Cursor object at 0x0000018C4DC3A7C0>, 'SELECT task.id, task.story_id, task.status, task.progress, task.current_step, task.retry_count, task.error_message, task.created_at, task.updated_at \nFROM task \nWHERE task.id = ?', ('2773220ff25c46149fb7e0fbe8bfafca',)) completed
2026-08-30 01:08:20,388 [DEBUG] aiosqlite: executing functools.partial(<built-in method fetchall of sqlite3.Cursor object at 0x0000018C4DC3A7C0>)
2026-08-30 01:08:20,388 [DEBUG] aiosqlite: operation functools.partial(<built-in method fetchall of sqlite3.Cursor object at 0x0000018C4DC3A7C0>) completed
2026-08-30 01:08:20,388 [DEBUG] aiosqlite: executing functools.partial(<built-in method close of sqlite3.Cursor object at 0x0000018C4DC3A7C0>)
2026-08-30 01:08:20,388 [DEBUG] aiosqlite: operation functools.partial(<built-in method close of sqlite3.Cursor object at 0x0000018C4DC3A7C0>) completed
2026-08-30 01:08:20,388 [INFO] sqlalchemy.engine.Engine: COMMIT
2026-08-30 01:08:20,389 [DEBUG] aiosqlite: executing functools.partial(<built-in method commit of sqlite3.Connection object at 0x0000018C4DBBEF20>)
2026-08-30 01:08:20,389 [DEBUG] aiosqlite: operation functools.partial(<built-in method commit of sqlite3.Connection object at 0x0000018C4DBBEF20>) completed
2026-08-30 01:08:20,389 [DEBUG] aiosqlite: executing functools.partial(<built-in method rollback of sqlite3.Connection object at 0x0000018C4DBBEF20>)
2026-08-30 01:08:20,390 [DEBUG] aiosqlite: operation functools.partial(<built-in method rollback of sqlite3.Connection object at 0x0000018C4DBBEF20>) completed
2026-08-30 01:08:20,390 [DEBUG] aiosqlite: executing functools.partial(<built-in method close of sqlite3.Connection object at 0x0000018C4DBBEF20>)
2026-08-30 01:08:20,390 [DEBUG] aiosqlite: operation functools.partial(<built-in method close of sqlite3.Connection object at 0x0000018C4DBBEF20>) completed
2026-08-30 01:08:25,416 [DEBUG] aiosqlite: executing <function connect.<locals>.connector at 0x0000018C4DC334C0>
2026-08-30 01:08:25,416 [DEBUG] aiosqlite: operation <function connect.<locals>.connector at 0x0000018C4DC334C0> completed
2026-08-30 01:08:25,416 [DEBUG] aiosqlite: executing functools.partial(<built-in method create_function of sqlite3.Connection object at 0x0000018C4DBBF1F0>, 'regexp', 2, <function SQLiteDialect_pysqlite.on_connect.<locals>.regexp at 0x0000018C4AFFA660>, deterministic=True)
2026-08-30 01:08:25,416 [DEBUG] aiosqlite: operation functools.partial(<built-in method create_function of sqlite3.Connection object at 0x0000018C4DBBF1F0>, 'regexp', 2, <function SQLiteDialect_pysqlite.on_connect.<locals>.regexp at 0x0000018C4AFFA660>, deterministic=True) completed
2026-08-30 01:08:25,416 [DEBUG] aiosqlite: executing functools.partial(<built-in method create_function of sqlite3.Connection object at 0x0000018C4DBBF1F0>, 'floor', 1, <built-in function floor>, deterministic=True)
2026-08-30 01:08:25,416 [DEBUG] aiosqlite: operation functools.partial(<built-in method create_function of sqlite3.Connection object at 0x0000018C4DBBF1F0>, 'floor', 1, <built-in function floor>, deterministic=True) completed
2026-08-30 01:08:25,416 [INFO] sqlalchemy.engine.Engine: BEGIN (implicit)
2026-08-30 01:08:25,416 [INFO] sqlalchemy.engine.Engine: SELECT task.id, task.story_id, task.status, task.progress, task.current_step, task.retry_count, task.error_message, task.created_at, task.updated_at 
FROM task 
WHERE task.id = ?
2026-08-30 01:08:25,416 [INFO] sqlalchemy.engine.Engine: [cached since 342.2s ago] ('2773220ff25c46149fb7e0fbe8bfafca',)
2026-08-30 01:08:25,416 [DEBUG] aiosqlite: executing functools.partial(<built-in method cursor of sqlite3.Connection object at 0x0000018C4DBBF1F0>)
2026-08-30 01:08:25,416 [DEBUG] aiosqlite: operation functools.partial(<built-in method cursor of sqlite3.Connection object at 0x0000018C4DBBF1F0>) completed
2026-08-30 01:08:25,416 [DEBUG] aiosqlite: executing functools.partial(<built-in method execute of sqlite3.Cursor object at 0x0000018C4DC3A240>, 'SELECT task.id, task.story_id, task.status, task.progress, task.current_step, task.retry_count, task.error_message, task.created_at, task.updated_at \nFROM task \nWHERE task.id = ?', ('2773220ff25c46149fb7e0fbe8bfafca',))
2026-08-30 01:08:25,420 [DEBUG] aiosqlite: operation functools.partial(<built-in method execute of sqlite3.Cursor object at 0x0000018C4DC3A240>, 'SELECT task.id, task.story_id, task.status, task.progress, task.current_step, task.retry_count, task.error_message, task.created_at, task.updated_at \nFROM task \nWHERE task.id = ?', ('2773220ff25c46149fb7e0fbe8bfafca',)) completed
2026-08-30 01:08:25,420 [DEBUG] aiosqlite: executing functools.partial(<built-in method fetchall of sqlite3.Cursor object at 0x0000018C4DC3A240>)
2026-08-30 01:08:25,420 [DEBUG] aiosqlite: operation functools.partial(<built-in method fetchall of sqlite3.Cursor object at 0x0000018C4DC3A240>) completed
2026-08-30 01:08:25,421 [DEBUG] aiosqlite: executing functools.partial(<built-in method close of sqlite3.Cursor object at 0x0000018C4DC3A240>)
2026-08-30 01:08:25,421 [DEBUG] aiosqlite: operation functools.partial(<built-in method close of sqlite3.Cursor object at 0x0000018C4DC3A240>) completed
2026-08-30 01:08:25,421 [INFO] sqlalchemy.engine.Engine: COMMIT
2026-08-30 01:08:25,421 [DEBUG] aiosqlite: executing functools.partial(<built-in method commit of sqlite3.Connection object at 0x0000018C4DBBF1F0>)
2026-08-30 01:08:25,421 [DEBUG] aiosqlite: operation functools.partial(<built-in method commit of sqlite3.Connection object at 0x0000018C4DBBF1F0>) completed
2026-08-30 01:08:25,422 [DEBUG] aiosqlite: executing functools.partial(<built-in method rollback of sqlite3.Connection object at 0x0000018C4DBBF1F0>)
2026-08-30 01:08:25,422 [DEBUG] aiosqlite: operation functools.partial(<built-in method rollback of sqlite3.Connection object at 0x0000018C4DBBF1F0>) completed
2026-08-30 01:08:25,422 [DEBUG] aiosqlite: executing functools.partial(<built-in method close of sqlite3.Connection object at 0x0000018C4DBBF1F0>)
2026-08-30 01:08:25,422 [DEBUG] aiosqlite: operation functools.partial(<built-in method close of sqlite3.Connection object at 0x0000018C4DBBF1F0>) completed
2026-08-30 01:08:30,442 [DEBUG] aiosqlite: executing <function connect.<locals>.connector at 0x0000018C4DC332E0>
2026-08-30 01:08:30,443 [DEBUG] aiosqlite: operation <function connect.<locals>.connector at 0x0000018C4DC332E0> completed
2026-08-30 01:08:30,443 [DEBUG] aiosqlite: executing functools.partial(<built-in method create_function of sqlite3.Connection object at 0x0000018C4DBBF4C0>, 'regexp', 2, <function SQLiteDialect_pysqlite.on_connect.<locals>.regexp at 0x0000018C4AFFA660>, deterministic=True)
2026-08-30 01:08:30,443 [DEBUG] aiosqlite: operation functools.partial(<built-in method create_function of sqlite3.Connection object at 0x0000018C4DBBF4C0>, 'regexp', 2, <function SQLiteDialect_pysqlite.on_connect.<locals>.regexp at 0x0000018C4AFFA660>, deterministic=True) completed
2026-08-30 01:08:30,444 [DEBUG] aiosqlite: executing functools.partial(<built-in method create_function of sqlite3.Connection object at 0x0000018C4DBBF4C0>, 'floor', 1, <built-in function floor>, deterministic=True)
2026-08-30 01:08:30,444 [DEBUG] aiosqlite: operation functools.partial(<built-in method create_function of sqlite3.Connection object at 0x0000018C4DBBF4C0>, 'floor', 1, <built-in function floor>, deterministic=True) completed
2026-08-30 01:08:30,444 [INFO] sqlalchemy.engine.Engine: BEGIN (implicit)
2026-08-30 01:08:30,445 [INFO] sqlalchemy.engine.Engine: SELECT task.id, task.story_id, task.status, task.progress, task.current_step, task.retry_count, task.error_message, task.created_at, task.updated_at 
FROM task 
WHERE task.id = ?
2026-08-30 01:08:30,445 [INFO] sqlalchemy.engine.Engine: [cached since 347.2s ago] ('2773220ff25c46149fb7e0fbe8bfafca',)
2026-08-30 01:08:30,445 [DEBUG] aiosqlite: executing functools.partial(<built-in method cursor of sqlite3.Connection object at 0x0000018C4DBBF4C0>)
2026-08-30 01:08:30,445 [DEBUG] aiosqlite: operation functools.partial(<built-in method cursor of sqlite3.Connection object at 0x0000018C4DBBF4C0>) completed
2026-08-30 01:08:30,445 [DEBUG] aiosqlite: executing functools.partial(<built-in method execute of sqlite3.Cursor object at 0x0000018C4DC3B8C0>, 'SELECT task.id, task.story_id, task.status, task.progress, task.current_step, task.retry_count, task.error_message, task.created_at, task.updated_at \nFROM task \nWHERE task.id = ?', ('2773220ff25c46149fb7e0fbe8bfafca',))
2026-08-30 01:08:30,447 [DEBUG] aiosqlite: operation functools.partial(<built-in method execute of sqlite3.Cursor object at 0x0000018C4DC3B8C0>, 'SELECT task.id, task.story_id, task.status, task.progress, task.current_step, task.retry_count, task.error_message, task.created_at, task.updated_at \nFROM task \nWHERE task.id = ?', ('2773220ff25c46149fb7e0fbe8bfafca',)) completed
2026-08-30 01:08:30,447 [DEBUG] aiosqlite: executing functools.partial(<built-in method fetchall of sqlite3.Cursor object at 0x0000018C4DC3B8C0>)
2026-08-30 01:08:30,447 [DEBUG] aiosqlite: operation functools.partial(<built-in method fetchall of sqlite3.Cursor object at 0x0000018C4DC3B8C0>) completed
2026-08-30 01:08:30,447 [DEBUG] aiosqlite: executing functools.partial(<built-in method close of sqlite3.Cursor object at 0x0000018C4DC3B8C0>)
2026-08-30 01:08:30,447 [DEBUG] aiosqlite: operation functools.partial(<built-in method close of sqlite3.Cursor object at 0x0000018C4DC3B8C0>) completed
2026-08-30 01:08:30,447 [INFO] sqlalchemy.engine.Engine: COMMIT
2026-08-30 01:08:30,448 [DEBUG] aiosqlite: executing functools.partial(<built-in method commit of sqlite3.Connection object at 0x0000018C4DBBF4C0>)
2026-08-30 01:08:30,448 [DEBUG] aiosqlite: operation functools.partial(<built-in method commit of sqlite3.Connection object at 0x0000018C4DBBF4C0>) completed
2026-08-30 01:08:30,448 [DEBUG] aiosqlite: executing functools.partial(<built-in method rollback of sqlite3.Connection object at 0x0000018C4DBBF4C0>)
2026-08-30 01:08:30,448 [DEBUG] aiosqlite: operation functools.partial(<built-in method rollback of sqlite3.Connection object at 0x0000018C4DBBF4C0>) completed
2026-08-30 01:08:30,448 [DEBUG] aiosqlite: executing functools.partial(<built-in method close of sqlite3.Connection object at 0x0000018C4DBBF4C0>)
2026-08-30 01:08:30,450 [DEBUG] aiosqlite: operation functools.partial(<built-in method close of sqlite3.Connection object at 0x0000018C4DBBF4C0>) completed
2026-08-30 01:08:31,548 [DEBUG] httpcore.http11: receive_response_body.complete
2026-08-30 01:08:31,548 [DEBUG] httpcore.http11: response_closed.started
2026-08-30 01:08:31,548 [DEBUG] httpcore.http11: response_closed.complete
2026-08-30 01:08:31,549 [DEBUG] openai._base_client: HTTP Response: POST https://api.deepseek.com/v1/chat/completions "200 OK" Headers({'server': 'openresty', 'content-type': 'application/json', 'vary': 'origin, access-control-request-method, access-control-request-headers', 'access-control-allow-credentials': 'true', 'x-ds-trace-id': 'bae3cc4eecfd08bef90a5628266a0300', 'strict-transport-security': 'max-age=31536000; includeSubDomains; preload', 'x-content-type-options': 'nosniff', 'transfer-encoding': 'chunked', 'connection': 'keep-alive', 'date': 'Sat, 29 Aug 2026 17:07:25 GMT', 'eo-log-uuid': '13474034119840056763', 'eo-cache-status': 'MISS'})
2026-08-30 01:08:31,549 [DEBUG] openai._base_client: request_id: None
2026-08-30 01:08:31,551 [INFO] agents.storyboard_agent: Generating storyboard for episode 2 | story_id=8ad45d6c-4e70-4b92-8884-7500f2973209
2026-08-30 01:08:31,553 [DEBUG] openai._base_client: Request options: {'method': 'post', 'url': '/chat/completions', 'files': None, 'idempotency_key': 'stainless-python-retry-0cbed34c-cef3-4b46-8740-48f9e199c817', 'json_data': {'messages': [{'content': '你是一位资深动画分镜师，擅长将剧本拆解为精确的分镜脚本。\n你需要根据每集的剧本内容，生成逐场景的分镜描述，每个场景将用于AI图像生成。\n\n分镜原则：\n1. **镜头语言**：合理运用远景、中景、近景、特写、俯拍、仰拍等镜头\n2. **场景切换**：每个场景之间要有自然的过渡逻辑\n3. **角色一致性**：场景描述中必须精确引用角色外观，确保AI生成图像时角色形象一致\n4. **时长合理**：每个场景3-8秒，对话场景适当延长\n5. **画面构图**：每个场景的prompt要包含画面构图、光影、色调等细节\n\n可用镜头类型：\n- 远景（wide shot）：展示环境和氛围\n- 中景（medium shot）：展示人物上半身和互动\n- 近景（close-up）：展示人物面部表情\n- 特写（extreme close-up）：展示细节（眼睛、手、物品）\n- 俯拍（high angle shot）：从上往下看\n- 仰拍（low angle shot）：从下往上看\n\n输出必须是合法JSON数组，每个元素格式：\n{"scene": 1, "camera": "中景", "duration": 5, "prompt": "英文图像生成prompt", "characters": ["角色A"], "dialogue": "台词"}\n', 'role': 'system'}, {'content': '请为以下剧集生成分镜脚本：\n\n## 剧集信息\n第2集：星辰碎片\n剧情概要：夜影向林默解释碎片来历，两人在废弃公交站遇到被黑影追捕的白裙女孩小雨。她的手腕星印记显现，与碎片有关。三人结伴前往旧图书馆。\n\n## 完整剧本\n【林默家，清晨】\n林默坐在床边，黑猫蹲在窗台上，晨光照着它金色的眼睛。\n夜影： “星辰碎片共有五块。我感应到其中一块在城东的旧图书馆。”\n林默： “我为什么要帮你？这对我来说太离谱了。”\n夜影： “因为你的左眼已经能看到灵流，暗影也会循迹而来。逃不掉的，只能战斗。”\n林默揉着头发： “我只是个程序员。”\n夜影： “程序员正好——碎片的封印是古代符文写成的，和代码逻辑相通。”\n林默愣了一下： “把符文当代码？你太看得起我了。”\n夜影： “凡人，别看不起自己。走。”\n【城东废弃公交站，午后】\n林默和夜影循着能量波动来到站台，突然听见一声惊呼。几个黑影正围住一个白裙女孩，女孩手腕上的星形印记发出微光抵挡着黑影。\n林默冲上去大喊： “住手！”\n黑影回头，扑向林默。夜影从肩头跃出，金色光链横扫，黑影化作黑雾消散。但地面仍在涌出新的黑影。\n小雨： “快跑！它们是被星之力引来的！”\n三人跑进小巷，甩开黑影。\n小雨扶着墙喘气： “谢谢你们……你们也是来找碎片的？”\n夜影警惕地竖起尾巴： “你到底是谁？”\n小雨抬起手腕，星印闪烁： “我叫小雨，是星之守护者的最后一人。碎片原本被我封印在体内，现在力量流失，才引来了暗影。”\n林默： “那你知道碎片在哪？”\n小雨点头： “跟我来。第一块碎片，就在旧图书馆的地下。”\n夜影： “你带路。”\n【远处，黑雾凝聚成一个人影，猩红的双眼在阴影中睁开】\n暗影之首： “找到星之守护者了……还有那只猫。这一次，你们跑不掉。”\n\n## 角色外观参考（请严格保持一致）\n林默: Messy short black hair, unkempt and slightly overgrown, with strands sticking out in different directions., Pale sallow face, heavy dark circles under the eyes, tired but intense gaze., Thin and lanky, around 175cm, slightly hunched posture; appears tired and underweight., wearing Worn plaid shirt over a plain T-shirt, loose blue jeans, and scuffed white sneakers; black-rimmed glasses.\n夜影: Short, sleek black fur covering the entire body, glossy in the light., Golden vertical slit pupils, sharp and contemptuous expression, left ear has a visible notch; sleek whiskers., Lean and agile cat body, medium-sized, with a tail that can transform into a golden light chain; when burning life, golden flames envelop the whole form., wearing No clothing; natural black fur only.\n小雨: Long dark hair tied into a neat high ponytail, with a few loose strands framing her face., Soft, gentle face with warm eyes; after awakening, her pupils turn into shimmering starlight color., Slender and graceful, about 160cm tall; a small glowing star-shaped mark appears on her wrist., wearing A simple white dress that falls to her knees, with faint star-pattern embroidery on the hem; no heavy accessories.\n暗影之首: No hair; the entire form is a swirling, conscious black mist., No visible mouth or nose; two narrow, elongated scarlet eyes glow from within the darkness, radiating malice., Amorphous; can condense into a tall humanoid silhouette with no solid mass, or attach to electronic devices; height and build are unstable, shifting like smoke., wearing No clothes; instead, dark mist and shadow fragments form an ever-shifting cloak around the figure.\n\n## 要求\n1. 根据剧本内容，将每个关键场景拆分为独立的分镜\n2. 每个场景的prompt必须用英文编写，格式为：\n   "anime style, [镜头类型], [场景环境描述], [角色外观描述], [动作/表情描述], [光影/氛围], high quality, detailed"\n3. 角色外观必须完整引用上面的参考信息\n4. 每个场景的dialogue字段填写该场景对应的台词，无台词则为空字符串\n5. 每集生成5到10个场景\n\n请直接输出JSON数组，不要包含其他文字。\n', 'role': 'user'}], 'model': 'deepseek-v4-flash', 'max_tokens': 16384, 'n': 1, 'stream': False, 'temperature': 0.4}}
2026-08-30 01:08:31,553 [DEBUG] openai._base_client: Sending HTTP Request: POST https://api.deepseek.com/v1/chat/completions
2026-08-30 01:08:31,554 [DEBUG] httpcore.http11: send_request_headers.started request=<Request [b'POST']>
2026-08-30 01:08:31,554 [DEBUG] httpcore.http11: send_request_headers.complete
2026-08-30 01:08:31,554 [DEBUG] httpcore.http11: send_request_body.started request=<Request [b'POST']>
2026-08-30 01:08:31,555 [DEBUG] httpcore.http11: send_request_body.complete
2026-08-30 01:08:31,555 [DEBUG] httpcore.http11: receive_response_headers.started request=<Request [b'POST']>
2026-08-30 01:08:32,102 [DEBUG] httpcore.http11: receive_response_headers.complete return_value=(b'HTTP/1.1', 200, b'OK', [(b'Server', b'openresty'), (b'Content-Type', b'application/json'), (b'vary', b'origin, access-control-request-method, access-control-request-headers'), (b'access-control-allow-credentials', b'true'), (b'x-ds-trace-id', b'c576f5077b703df63e754ebb3a3693e0'), (b'Strict-Transport-Security', b'max-age=31536000; includeSubDomains; preload'), (b'X-Content-Type-Options', b'nosniff'), (b'Transfer-Encoding', b'chunked'), (b'Connection', b'keep-alive'), (b'Date', b'Sat, 29 Aug 2026 17:08:31 GMT'), (b'EO-LOG-UUID', b'14440804664914514295'), (b'EO-Cache-Status', b'MISS')])
2026-08-30 01:08:32,102 [INFO] httpx: HTTP Request: POST https://api.deepseek.com/v1/chat/completions "HTTP/1.1 200 OK"
2026-08-30 01:08:32,102 [DEBUG] httpcore.http11: receive_response_body.started request=<Request [b'POST']>
2026-08-30 01:08:35,460 [DEBUG] aiosqlite: executing <function connect.<locals>.connector at 0x0000018C4DC31580>
2026-08-30 01:08:35,460 [DEBUG] aiosqlite: operation <function connect.<locals>.connector at 0x0000018C4DC31580> completed
2026-08-30 01:08:35,460 [DEBUG] aiosqlite: executing functools.partial(<built-in method create_function of sqlite3.Connection object at 0x0000018C4DC646D0>, 'regexp', 2, <function SQLiteDialect_pysqlite.on_connect.<locals>.regexp at 0x0000018C4AFFA660>, deterministic=True)
2026-08-30 01:08:35,460 [DEBUG] aiosqlite: operation functools.partial(<built-in method create_function of sqlite3.Connection object at 0x0000018C4DC646D0>, 'regexp', 2, <function SQLiteDialect_pysqlite.on_connect.<locals>.regexp at 0x0000018C4AFFA660>, deterministic=True) completed
2026-08-30 01:08:35,460 [DEBUG] aiosqlite: executing functools.partial(<built-in method create_function of sqlite3.Connection object at 0x0000018C4DC646D0>, 'floor', 1, <built-in function floor>, deterministic=True)
2026-08-30 01:08:35,460 [DEBUG] aiosqlite: operation functools.partial(<built-in method create_function of sqlite3.Connection object at 0x0000018C4DC646D0>, 'floor', 1, <built-in function floor>, deterministic=True) completed
2026-08-30 01:08:35,460 [INFO] sqlalchemy.engine.Engine: BEGIN (implicit)
2026-08-30 01:08:35,460 [INFO] sqlalchemy.engine.Engine: SELECT task.id, task.story_id, task.status, task.progress, task.current_step, task.retry_count, task.error_message, task.created_at, task.updated_at 
FROM task 
WHERE task.id = ?
2026-08-30 01:08:35,460 [INFO] sqlalchemy.engine.Engine: [cached since 352.2s ago] ('2773220ff25c46149fb7e0fbe8bfafca',)
2026-08-30 01:08:35,460 [DEBUG] aiosqlite: executing functools.partial(<built-in method cursor of sqlite3.Connection object at 0x0000018C4DC646D0>)
2026-08-30 01:08:35,460 [DEBUG] aiosqlite: operation functools.partial(<built-in method cursor of sqlite3.Connection object at 0x0000018C4DC646D0>) completed
2026-08-30 01:08:35,460 [DEBUG] aiosqlite: executing functools.partial(<built-in method execute of sqlite3.Cursor object at 0x0000018C4DC3BDC0>, 'SELECT task.id, task.story_id, task.status, task.progress, task.current_step, task.retry_count, task.error_message, task.created_at, task.updated_at \nFROM task \nWHERE task.id = ?', ('2773220ff25c46149fb7e0fbe8bfafca',))
2026-08-30 01:08:35,460 [DEBUG] aiosqlite: operation functools.partial(<built-in method execute of sqlite3.Cursor object at 0x0000018C4DC3BDC0>, 'SELECT task.id, task.story_id, task.status, task.progress, task.current_step, task.retry_count, task.error_message, task.created_at, task.updated_at \nFROM task \nWHERE task.id = ?', ('2773220ff25c46149fb7e0fbe8bfafca',)) completed
2026-08-30 01:08:35,460 [DEBUG] aiosqlite: executing functools.partial(<built-in method fetchall of sqlite3.Cursor object at 0x0000018C4DC3BDC0>)
2026-08-30 01:08:35,460 [DEBUG] aiosqlite: operation functools.partial(<built-in method fetchall of sqlite3.Cursor object at 0x0000018C4DC3BDC0>) completed
2026-08-30 01:08:35,460 [DEBUG] aiosqlite: executing functools.partial(<built-in method close of sqlite3.Cursor object at 0x0000018C4DC3BDC0>)
2026-08-30 01:08:35,460 [DEBUG] aiosqlite: operation functools.partial(<built-in method close of sqlite3.Cursor object at 0x0000018C4DC3BDC0>) completed
2026-08-30 01:08:35,465 [INFO] sqlalchemy.engine.Engine: COMMIT
2026-08-30 01:08:35,465 [DEBUG] aiosqlite: executing functools.partial(<built-in method commit of sqlite3.Connection object at 0x0000018C4DC646D0>)
2026-08-30 01:08:35,465 [DEBUG] aiosqlite: operation functools.partial(<built-in method commit of sqlite3.Connection object at 0x0000018C4DC646D0>) completed
2026-08-30 01:08:35,465 [DEBUG] aiosqlite: executing functools.partial(<built-in method rollback of sqlite3.Connection object at 0x0000018C4DC646D0>)
2026-08-30 01:08:35,465 [DEBUG] aiosqlite: operation functools.partial(<built-in method rollback of sqlite3.Connection object at 0x0000018C4DC646D0>) completed
2026-08-30 01:08:35,465 [DEBUG] aiosqlite: executing functools.partial(<built-in method close of sqlite3.Connection object at 0x0000018C4DC646D0>)
2026-08-30 01:08:35,465 [DEBUG] aiosqlite: operation functools.partial(<built-in method close of sqlite3.Connection object at 0x0000018C4DC646D0>) completed
2026-08-30 01:08:40,496 [DEBUG] aiosqlite: executing <function connect.<locals>.connector at 0x0000018C4DC32340>
2026-08-30 01:08:40,497 [DEBUG] aiosqlite: operation <function connect.<locals>.connector at 0x0000018C4DC32340> completed
2026-08-30 01:08:40,497 [DEBUG] aiosqlite: executing functools.partial(<built-in method create_function of sqlite3.Connection object at 0x0000018C4DBBC400>, 'regexp', 2, <function SQLiteDialect_pysqlite.on_connect.<locals>.regexp at 0x0000018C4AFFA660>, deterministic=True)
2026-08-30 01:08:40,498 [DEBUG] aiosqlite: operation functools.partial(<built-in method create_function of sqlite3.Connection object at 0x0000018C4DBBC400>, 'regexp', 2, <function SQLiteDialect_pysqlite.on_connect.<locals>.regexp at 0x0000018C4AFFA660>, deterministic=True) completed
2026-08-30 01:08:40,498 [DEBUG] aiosqlite: executing functools.partial(<built-in method create_function of sqlite3.Connection object at 0x0000018C4DBBC400>, 'floor', 1, <built-in function floor>, deterministic=True)
2026-08-30 01:08:40,498 [DEBUG] aiosqlite: operation functools.partial(<built-in method create_function of sqlite3.Connection object at 0x0000018C4DBBC400>, 'floor', 1, <built-in function floor>, deterministic=True) completed
2026-08-30 01:08:40,499 [INFO] sqlalchemy.engine.Engine: BEGIN (implicit)
2026-08-30 01:08:40,499 [INFO] sqlalchemy.engine.Engine: SELECT task.id, task.story_id, task.status, task.progress, task.current_step, task.retry_count, task.error_message, task.created_at, task.updated_at 
FROM task 
WHERE task.id = ?
2026-08-30 01:08:40,499 [INFO] sqlalchemy.engine.Engine: [cached since 357.3s ago] ('2773220ff25c46149fb7e0fbe8bfafca',)
2026-08-30 01:08:40,499 [DEBUG] aiosqlite: executing functools.partial(<built-in method cursor of sqlite3.Connection object at 0x0000018C4DBBC400>)
2026-08-30 01:08:40,499 [DEBUG] aiosqlite: operation functools.partial(<built-in method cursor of sqlite3.Connection object at 0x0000018C4DBBC400>) completed
2026-08-30 01:08:40,499 [DEBUG] aiosqlite: executing functools.partial(<built-in method execute of sqlite3.Cursor object at 0x0000018C4DC21B40>, 'SELECT task.id, task.story_id, task.status, task.progress, task.current_step, task.retry_count, task.error_message, task.created_at, task.updated_at \nFROM task \nWHERE task.id = ?', ('2773220ff25c46149fb7e0fbe8bfafca',))
2026-08-30 01:08:40,499 [DEBUG] aiosqlite: operation functools.partial(<built-in method execute of sqlite3.Cursor object at 0x0000018C4DC21B40>, 'SELECT task.id, task.story_id, task.status, task.progress, task.current_step, task.retry_count, task.error_message, task.created_at, task.updated_at \nFROM task \nWHERE task.id = ?', ('2773220ff25c46149fb7e0fbe8bfafca',)) completed
2026-08-30 01:08:40,499 [DEBUG] aiosqlite: executing functools.partial(<built-in method fetchall of sqlite3.Cursor object at 0x0000018C4DC21B40>)
2026-08-30 01:08:40,501 [DEBUG] aiosqlite: operation functools.partial(<built-in method fetchall of sqlite3.Cursor object at 0x0000018C4DC21B40>) completed
2026-08-30 01:08:40,501 [DEBUG] aiosqlite: executing functools.partial(<built-in method close of sqlite3.Cursor object at 0x0000018C4DC21B40>)
2026-08-30 01:08:40,503 [DEBUG] aiosqlite: operation functools.partial(<built-in method close of sqlite3.Cursor object at 0x0000018C4DC21B40>) completed
2026-08-30 01:08:40,503 [INFO] sqlalchemy.engine.Engine: COMMIT
2026-08-30 01:08:40,503 [DEBUG] aiosqlite: executing functools.partial(<built-in method commit of sqlite3.Connection object at 0x0000018C4DBBC400>)
2026-08-30 01:08:40,504 [DEBUG] aiosqlite: operation functools.partial(<built-in method commit of sqlite3.Connection object at 0x0000018C4DBBC400>) completed
2026-08-30 01:08:40,504 [DEBUG] aiosqlite: executing functools.partial(<built-in method rollback of sqlite3.Connection object at 0x0000018C4DBBC400>)
2026-08-30 01:08:40,504 [DEBUG] aiosqlite: operation functools.partial(<built-in method rollback of sqlite3.Connection object at 0x0000018C4DBBC400>) completed
2026-08-30 01:08:40,504 [DEBUG] aiosqlite: executing functools.partial(<built-in method close of sqlite3.Connection object at 0x0000018C4DBBC400>)
2026-08-30 01:08:40,504 [DEBUG] aiosqlite: operation functools.partial(<built-in method close of sqlite3.Connection object at 0x0000018C4DBBC400>) completed
2026-08-30 01:08:44,698 [DEBUG] httpcore.http11: receive_response_body.complete
2026-08-30 01:08:44,701 [DEBUG] httpcore.http11: response_closed.started
2026-08-30 01:08:44,701 [DEBUG] httpcore.http11: response_closed.complete
2026-08-30 01:08:44,701 [DEBUG] openai._base_client: HTTP Response: POST https://api.deepseek.com/v1/chat/completions "200 OK" Headers({'server': 'openresty', 'content-type': 'application/json', 'vary': 'origin, access-control-request-method, access-control-request-headers', 'access-control-allow-credentials': 'true', 'x-ds-trace-id': 'c576f5077b703df63e754ebb3a3693e0', 'strict-transport-security': 'max-age=31536000; includeSubDomains; preload', 'x-content-type-options': 'nosniff', 'transfer-encoding': 'chunked', 'connection': 'keep-alive', 'date': 'Sat, 29 Aug 2026 17:08:31 GMT', 'eo-log-uuid': '14440804664914514295', 'eo-cache-status': 'MISS'})
2026-08-30 01:08:44,701 [DEBUG] openai._base_client: request_id: None
2026-08-30 01:08:44,701 [WARNING] agents.storyboard_agent: Storyboard retry 1/3
2026-08-30 01:08:45,538 [DEBUG] aiosqlite: executing <function connect.<locals>.connector at 0x0000018C4DC322A0>
2026-08-30 01:08:45,542 [DEBUG] aiosqlite: operation <function connect.<locals>.connector at 0x0000018C4DC322A0> completed
2026-08-30 01:08:45,542 [DEBUG] aiosqlite: executing functools.partial(<built-in method create_function of sqlite3.Connection object at 0x0000018C4DBBC400>, 'regexp', 2, <function SQLiteDialect_pysqlite.on_connect.<locals>.regexp at 0x0000018C4AFFA660>, deterministic=True)
2026-08-30 01:08:45,542 [DEBUG] aiosqlite: operation functools.partial(<built-in method create_function of sqlite3.Connection object at 0x0000018C4DBBC400>, 'regexp', 2, <function SQLiteDialect_pysqlite.on_connect.<locals>.regexp at 0x0000018C4AFFA660>, deterministic=True) completed
2026-08-30 01:08:45,542 [DEBUG] aiosqlite: executing functools.partial(<built-in method create_function of sqlite3.Connection object at 0x0000018C4DBBC400>, 'floor', 1, <built-in function floor>, deterministic=True)
2026-08-30 01:08:45,542 [DEBUG] aiosqlite: operation functools.partial(<built-in method create_function of sqlite3.Connection object at 0x0000018C4DBBC400>, 'floor', 1, <built-in function floor>, deterministic=True) completed
2026-08-30 01:08:45,542 [INFO] sqlalchemy.engine.Engine: BEGIN (implicit)
2026-08-30 01:08:45,542 [INFO] sqlalchemy.engine.Engine: SELECT task.id, task.story_id, task.status, task.progress, task.current_step, task.retry_count, task.error_message, task.created_at, task.updated_at 
FROM task 
WHERE task.id = ?
2026-08-30 01:08:45,542 [INFO] sqlalchemy.engine.Engine: [cached since 362.3s ago] ('2773220ff25c46149fb7e0fbe8bfafca',)
2026-08-30 01:08:45,542 [DEBUG] aiosqlite: executing functools.partial(<built-in method cursor of sqlite3.Connection object at 0x0000018C4DBBC400>)
2026-08-30 01:08:45,542 [DEBUG] aiosqlite: operation functools.partial(<built-in method cursor of sqlite3.Connection object at 0x0000018C4DBBC400>) completed
2026-08-30 01:08:45,542 [DEBUG] aiosqlite: executing functools.partial(<built-in method execute of sqlite3.Cursor object at 0x0000018C4DC200C0>, 'SELECT task.id, task.story_id, task.status, task.progress, task.current_step, task.retry_count, task.error_message, task.created_at, task.updated_at \nFROM task \nWHERE task.id = ?', ('2773220ff25c46149fb7e0fbe8bfafca',))
2026-08-30 01:08:45,542 [DEBUG] aiosqlite: operation functools.partial(<built-in method execute of sqlite3.Cursor object at 0x0000018C4DC200C0>, 'SELECT task.id, task.story_id, task.status, task.progress, task.current_step, task.retry_count, task.error_message, task.created_at, task.updated_at \nFROM task \nWHERE task.id = ?', ('2773220ff25c46149fb7e0fbe8bfafca',)) completed
2026-08-30 01:08:45,542 [DEBUG] aiosqlite: executing functools.partial(<built-in method fetchall of sqlite3.Cursor object at 0x0000018C4DC200C0>)
2026-08-30 01:08:45,542 [DEBUG] aiosqlite: operation functools.partial(<built-in method fetchall of sqlite3.Cursor object at 0x0000018C4DC200C0>) completed
2026-08-30 01:08:45,542 [DEBUG] aiosqlite: executing functools.partial(<built-in method close of sqlite3.Cursor object at 0x0000018C4DC200C0>)
2026-08-30 01:08:45,542 [DEBUG] aiosqlite: operation functools.partial(<built-in method close of sqlite3.Cursor object at 0x0000018C4DC200C0>) completed
2026-08-30 01:08:45,542 [INFO] sqlalchemy.engine.Engine: COMMIT
2026-08-30 01:08:45,542 [DEBUG] aiosqlite: executing functools.partial(<built-in method commit of sqlite3.Connection object at 0x0000018C4DBBC400>)
2026-08-30 01:08:45,549 [DEBUG] aiosqlite: operation functools.partial(<built-in method commit of sqlite3.Connection object at 0x0000018C4DBBC400>) completed
2026-08-30 01:08:45,549 [DEBUG] aiosqlite: executing functools.partial(<built-in method rollback of sqlite3.Connection object at 0x0000018C4DBBC400>)
2026-08-30 01:08:45,549 [DEBUG] aiosqlite: operation functools.partial(<built-in method rollback of sqlite3.Connection object at 0x0000018C4DBBC400>) completed
2026-08-30 01:08:45,549 [DEBUG] aiosqlite: executing functools.partial(<built-in method close of sqlite3.Connection object at 0x0000018C4DBBC400>)
2026-08-30 01:08:45,549 [DEBUG] aiosqlite: operation functools.partial(<built-in method close of sqlite3.Connection object at 0x0000018C4DBBC400>) completed
2026-08-30 01:08:46,694 [DEBUG] openai._base_client: Request options: {'method': 'post', 'url': '/chat/completions', 'files': None, 'idempotency_key': 'stainless-python-retry-ad72f1f3-0767-45f2-bdfe-16d2053112d5', 'json_data': {'messages': [{'content': '你是一位资深动画分镜师，擅长将剧本拆解为精确的分镜脚本。\n你需要根据每集的剧本内容，生成逐场景的分镜描述，每个场景将用于AI图像生成。\n\n分镜原则：\n1. **镜头语言**：合理运用远景、中景、近景、特写、俯拍、仰拍等镜头\n2. **场景切换**：每个场景之间要有自然的过渡逻辑\n3. **角色一致性**：场景描述中必须精确引用角色外观，确保AI生成图像时角色形象一致\n4. **时长合理**：每个场景3-8秒，对话场景适当延长\n5. **画面构图**：每个场景的prompt要包含画面构图、光影、色调等细节\n\n可用镜头类型：\n- 远景（wide shot）：展示环境和氛围\n- 中景（medium shot）：展示人物上半身和互动\n- 近景（close-up）：展示人物面部表情\n- 特写（extreme close-up）：展示细节（眼睛、手、物品）\n- 俯拍（high angle shot）：从上往下看\n- 仰拍（low angle shot）：从下往上看\n\n输出必须是合法JSON数组，每个元素格式：\n{"scene": 1, "camera": "中景", "duration": 5, "prompt": "英文图像生成prompt", "characters": ["角色A"], "dialogue": "台词"}\n', 'role': 'system'}, {'content': '请为以下剧集生成分镜脚本：\n\n## 剧集信息\n第2集：星辰碎片\n剧情概要：夜影向林默解释碎片来历，两人在废弃公交站遇到被黑影追捕的白裙女孩小雨。她的手腕星印记显现，与碎片有关。三人结伴前往旧图书馆。\n\n## 完整剧本\n【林默家，清晨】\n林默坐在床边，黑猫蹲在窗台上，晨光照着它金色的眼睛。\n夜影： “星辰碎片共有五块。我感应到其中一块在城东的旧图书馆。”\n林默： “我为什么要帮你？这对我来说太离谱了。”\n夜影： “因为你的左眼已经能看到灵流，暗影也会循迹而来。逃不掉的，只能战斗。”\n林默揉着头发： “我只是个程序员。”\n夜影： “程序员正好——碎片的封印是古代符文写成的，和代码逻辑相通。”\n林默愣了一下： “把符文当代码？你太看得起我了。”\n夜影： “凡人，别看不起自己。走。”\n【城东废弃公交站，午后】\n林默和夜影循着能量波动来到站台，突然听见一声惊呼。几个黑影正围住一个白裙女孩，女孩手腕上的星形印记发出微光抵挡着黑影。\n林默冲上去大喊： “住手！”\n黑影回头，扑向林默。夜影从肩头跃出，金色光链横扫，黑影化作黑雾消散。但地面仍在涌出新的黑影。\n小雨： “快跑！它们是被星之力引来的！”\n三人跑进小巷，甩开黑影。\n小雨扶着墙喘气： “谢谢你们……你们也是来找碎片的？”\n夜影警惕地竖起尾巴： “你到底是谁？”\n小雨抬起手腕，星印闪烁： “我叫小雨，是星之守护者的最后一人。碎片原本被我封印在体内，现在力量流失，才引来了暗影。”\n林默： “那你知道碎片在哪？”\n小雨点头： “跟我来。第一块碎片，就在旧图书馆的地下。”\n夜影： “你带路。”\n【远处，黑雾凝聚成一个人影，猩红的双眼在阴影中睁开】\n暗影之首： “找到星之守护者了……还有那只猫。这一次，你们跑不掉。”\n\n## 角色外观参考（请严格保持一致）\n林默: Messy short black hair, unkempt and slightly overgrown, with strands sticking out in different directions., Pale sallow face, heavy dark circles under the eyes, tired but intense gaze., Thin and lanky, around 175cm, slightly hunched posture; appears tired and underweight., wearing Worn plaid shirt over a plain T-shirt, loose blue jeans, and scuffed white sneakers; black-rimmed glasses.\n夜影: Short, sleek black fur covering the entire body, glossy in the light., Golden vertical slit pupils, sharp and contemptuous expression, left ear has a visible notch; sleek whiskers., Lean and agile cat body, medium-sized, with a tail that can transform into a golden light chain; when burning life, golden flames envelop the whole form., wearing No clothing; natural black fur only.\n小雨: Long dark hair tied into a neat high ponytail, with a few loose strands framing her face., Soft, gentle face with warm eyes; after awakening, her pupils turn into shimmering starlight color., Slender and graceful, about 160cm tall; a small glowing star-shaped mark appears on her wrist., wearing A simple white dress that falls to her knees, with faint star-pattern embroidery on the hem; no heavy accessories.\n暗影之首: No hair; the entire form is a swirling, conscious black mist., No visible mouth or nose; two narrow, elongated scarlet eyes glow from within the darkness, radiating malice., Amorphous; can condense into a tall humanoid silhouette with no solid mass, or attach to electronic devices; height and build are unstable, shifting like smoke., wearing No clothes; instead, dark mist and shadow fragments form an ever-shifting cloak around the figure.\n\n## 要求\n1. 根据剧本内容，将每个关键场景拆分为独立的分镜\n2. 每个场景的prompt必须用英文编写，格式为：\n   "anime style, [镜头类型], [场景环境描述], [角色外观描述], [动作/表情描述], [光影/氛围], high quality, detailed"\n3. 角色外观必须完整引用上面的参考信息\n4. 每个场景的dialogue字段填写该场景对应的台词，无台词则为空字符串\n5. 每集生成5到10个场景\n\n请直接输出JSON数组，不要包含其他文字。\n', 'role': 'user'}], 'model': 'deepseek-v4-flash', 'max_tokens': 16384, 'n': 1, 'stream': False, 'temperature': 0.4}}
2026-08-30 01:08:46,697 [DEBUG] openai._base_client: Sending HTTP Request: POST https://api.deepseek.com/v1/chat/completions
2026-08-30 01:08:46,698 [DEBUG] httpcore.http11: send_request_headers.started request=<Request [b'POST']>
2026-08-30 01:08:46,698 [DEBUG] httpcore.http11: send_request_headers.complete
2026-08-30 01:08:46,699 [DEBUG] httpcore.http11: send_request_body.started request=<Request [b'POST']>
2026-08-30 01:08:46,699 [DEBUG] httpcore.http11: send_request_body.complete
2026-08-30 01:08:46,700 [DEBUG] httpcore.http11: receive_response_headers.started request=<Request [b'POST']>
2026-08-30 01:08:46,939 [DEBUG] httpcore.http11: receive_response_headers.complete return_value=(b'HTTP/1.1', 200, b'OK', [(b'Server', b'openresty'), (b'Content-Type', b'application/json'), (b'vary', b'origin, access-control-request-method, access-control-request-headers'), (b'access-control-allow-credentials', b'true'), (b'x-ds-trace-id', b'0c6961fbee6bb69ec2e085d49bae50c7'), (b'Strict-Transport-Security', b'max-age=31536000; includeSubDomains; preload'), (b'X-Content-Type-Options', b'nosniff'), (b'Transfer-Encoding', b'chunked'), (b'Connection', b'keep-alive'), (b'Date', b'Sat, 29 Aug 2026 17:08:46 GMT'), (b'EO-LOG-UUID', b'12760825836676301334'), (b'EO-Cache-Status', b'MISS')])
2026-08-30 01:08:46,939 [INFO] httpx: HTTP Request: POST https://api.deepseek.com/v1/chat/completions "HTTP/1.1 200 OK"
2026-08-30 01:08:46,940 [DEBUG] httpcore.http11: receive_response_body.started request=<Request [b'POST']>
2026-08-30 01:08:50,562 [DEBUG] aiosqlite: executing <function connect.<locals>.connector at 0x0000018C4DC32840>
2026-08-30 01:08:50,563 [DEBUG] aiosqlite: operation <function connect.<locals>.connector at 0x0000018C4DC32840> completed
2026-08-30 01:08:50,564 [DEBUG] aiosqlite: executing functools.partial(<built-in method create_function of sqlite3.Connection object at 0x0000018C4DBBE6B0>, 'regexp', 2, <function SQLiteDialect_pysqlite.on_connect.<locals>.regexp at 0x0000018C4AFFA660>, deterministic=True)
2026-08-30 01:08:50,564 [DEBUG] aiosqlite: operation functools.partial(<built-in method create_function of sqlite3.Connection object at 0x0000018C4DBBE6B0>, 'regexp', 2, <function SQLiteDialect_pysqlite.on_connect.<locals>.regexp at 0x0000018C4AFFA660>, deterministic=True) completed
2026-08-30 01:08:50,564 [DEBUG] aiosqlite: executing functools.partial(<built-in method create_function of sqlite3.Connection object at 0x0000018C4DBBE6B0>, 'floor', 1, <built-in function floor>, deterministic=True)
2026-08-30 01:08:50,564 [DEBUG] aiosqlite: operation functools.partial(<built-in method create_function of sqlite3.Connection object at 0x0000018C4DBBE6B0>, 'floor', 1, <built-in function floor>, deterministic=True) completed
2026-08-30 01:08:50,564 [INFO] sqlalchemy.engine.Engine: BEGIN (implicit)
2026-08-30 01:08:50,565 [INFO] sqlalchemy.engine.Engine: SELECT task.id, task.story_id, task.status, task.progress, task.current_step, task.retry_count, task.error_message, task.created_at, task.updated_at 
FROM task 
WHERE task.id = ?
2026-08-30 01:08:50,565 [INFO] sqlalchemy.engine.Engine: [cached since 367.3s ago] ('2773220ff25c46149fb7e0fbe8bfafca',)
2026-08-30 01:08:50,565 [DEBUG] aiosqlite: executing functools.partial(<built-in method cursor of sqlite3.Connection object at 0x0000018C4DBBE6B0>)
2026-08-30 01:08:50,565 [DEBUG] aiosqlite: operation functools.partial(<built-in method cursor of sqlite3.Connection object at 0x0000018C4DBBE6B0>) completed
2026-08-30 01:08:50,566 [DEBUG] aiosqlite: executing functools.partial(<built-in method execute of sqlite3.Cursor object at 0x0000018C4DC3A540>, 'SELECT task.id, task.story_id, task.status, task.progress, task.current_step, task.retry_count, task.error_message, task.created_at, task.updated_at \nFROM task \nWHERE task.id = ?', ('2773220ff25c46149fb7e0fbe8bfafca',))
2026-08-30 01:08:50,567 [DEBUG] aiosqlite: operation functools.partial(<built-in method execute of sqlite3.Cursor object at 0x0000018C4DC3A540>, 'SELECT task.id, task.story_id, task.status, task.progress, task.current_step, task.retry_count, task.error_message, task.created_at, task.updated_at \nFROM task \nWHERE task.id = ?', ('2773220ff25c46149fb7e0fbe8bfafca',)) completed
2026-08-30 01:08:50,567 [DEBUG] aiosqlite: executing functools.partial(<built-in method fetchall of sqlite3.Cursor object at 0x0000018C4DC3A540>)
2026-08-30 01:08:50,567 [DEBUG] aiosqlite: operation functools.partial(<built-in method fetchall of sqlite3.Cursor object at 0x0000018C4DC3A540>) completed
2026-08-30 01:08:50,567 [DEBUG] aiosqlite: executing functools.partial(<built-in method close of sqlite3.Cursor object at 0x0000018C4DC3A540>)
2026-08-30 01:08:50,568 [DEBUG] aiosqlite: operation functools.partial(<built-in method close of sqlite3.Cursor object at 0x0000018C4DC3A540>) completed
2026-08-30 01:08:50,568 [INFO] sqlalchemy.engine.Engine: COMMIT
2026-08-30 01:08:50,569 [DEBUG] aiosqlite: executing functools.partial(<built-in method commit of sqlite3.Connection object at 0x0000018C4DBBE6B0>)
2026-08-30 01:08:50,569 [DEBUG] aiosqlite: operation functools.partial(<built-in method commit of sqlite3.Connection object at 0x0000018C4DBBE6B0>) completed
2026-08-30 01:08:50,569 [DEBUG] aiosqlite: executing functools.partial(<built-in method rollback of sqlite3.Connection object at 0x0000018C4DBBE6B0>)
2026-08-30 01:08:50,569 [DEBUG] aiosqlite: operation functools.partial(<built-in method rollback of sqlite3.Connection object at 0x0000018C4DBBE6B0>) completed
2026-08-30 01:08:50,570 [DEBUG] aiosqlite: executing functools.partial(<built-in method close of sqlite3.Connection object at 0x0000018C4DBBE6B0>)
2026-08-30 01:08:50,570 [DEBUG] aiosqlite: operation functools.partial(<built-in method close of sqlite3.Connection object at 0x0000018C4DBBE6B0>) completed
2026-08-30 01:08:55,583 [DEBUG] aiosqlite: executing <function connect.<locals>.connector at 0x0000018C4DC331A0>
2026-08-30 01:08:55,585 [DEBUG] aiosqlite: operation <function connect.<locals>.connector at 0x0000018C4DC331A0> completed
2026-08-30 01:08:55,585 [DEBUG] aiosqlite: executing functools.partial(<built-in method create_function of sqlite3.Connection object at 0x0000018C4DBBCB80>, 'regexp', 2, <function SQLiteDialect_pysqlite.on_connect.<locals>.regexp at 0x0000018C4AFFA660>, deterministic=True)
2026-08-30 01:08:55,585 [DEBUG] aiosqlite: operation functools.partial(<built-in method create_function of sqlite3.Connection object at 0x0000018C4DBBCB80>, 'regexp', 2, <function SQLiteDialect_pysqlite.on_connect.<locals>.regexp at 0x0000018C4AFFA660>, deterministic=True) completed
2026-08-30 01:08:55,586 [DEBUG] aiosqlite: executing functools.partial(<built-in method create_function of sqlite3.Connection object at 0x0000018C4DBBCB80>, 'floor', 1, <built-in function floor>, deterministic=True)
2026-08-30 01:08:55,586 [DEBUG] aiosqlite: operation functools.partial(<built-in method create_function of sqlite3.Connection object at 0x0000018C4DBBCB80>, 'floor', 1, <built-in function floor>, deterministic=True) completed
2026-08-30 01:08:55,586 [INFO] sqlalchemy.engine.Engine: BEGIN (implicit)
2026-08-30 01:08:55,587 [INFO] sqlalchemy.engine.Engine: SELECT task.id, task.story_id, task.status, task.progress, task.current_step, task.retry_count, task.error_message, task.created_at, task.updated_at 
FROM task 
WHERE task.id = ?
2026-08-30 01:08:55,587 [INFO] sqlalchemy.engine.Engine: [cached since 372.4s ago] ('2773220ff25c46149fb7e0fbe8bfafca',)
2026-08-30 01:08:55,587 [DEBUG] aiosqlite: executing functools.partial(<built-in method cursor of sqlite3.Connection object at 0x0000018C4DBBCB80>)
2026-08-30 01:08:55,587 [DEBUG] aiosqlite: operation functools.partial(<built-in method cursor of sqlite3.Connection object at 0x0000018C4DBBCB80>) completed
2026-08-30 01:08:55,587 [DEBUG] aiosqlite: executing functools.partial(<built-in method execute of sqlite3.Cursor object at 0x0000018C4DC3A7C0>, 'SELECT task.id, task.story_id, task.status, task.progress, task.current_step, task.retry_count, task.error_message, task.created_at, task.updated_at \nFROM task \nWHERE task.id = ?', ('2773220ff25c46149fb7e0fbe8bfafca',))
2026-08-30 01:08:55,587 [DEBUG] aiosqlite: operation functools.partial(<built-in method execute of sqlite3.Cursor object at 0x0000018C4DC3A7C0>, 'SELECT task.id, task.story_id, task.status, task.progress, task.current_step, task.retry_count, task.error_message, task.created_at, task.updated_at \nFROM task \nWHERE task.id = ?', ('2773220ff25c46149fb7e0fbe8bfafca',)) completed
2026-08-30 01:08:55,587 [DEBUG] aiosqlite: executing functools.partial(<built-in method fetchall of sqlite3.Cursor object at 0x0000018C4DC3A7C0>)
2026-08-30 01:08:55,587 [DEBUG] aiosqlite: operation functools.partial(<built-in method fetchall of sqlite3.Cursor object at 0x0000018C4DC3A7C0>) completed
2026-08-30 01:08:55,587 [DEBUG] aiosqlite: executing functools.partial(<built-in method close of sqlite3.Cursor object at 0x0000018C4DC3A7C0>)
2026-08-30 01:08:55,587 [DEBUG] aiosqlite: operation functools.partial(<built-in method close of sqlite3.Cursor object at 0x0000018C4DC3A7C0>) completed
2026-08-30 01:08:55,587 [INFO] sqlalchemy.engine.Engine: COMMIT
2026-08-30 01:08:55,587 [DEBUG] aiosqlite: executing functools.partial(<built-in method commit of sqlite3.Connection object at 0x0000018C4DBBCB80>)
2026-08-30 01:08:55,587 [DEBUG] aiosqlite: operation functools.partial(<built-in method commit of sqlite3.Connection object at 0x0000018C4DBBCB80>) completed
2026-08-30 01:08:55,587 [DEBUG] aiosqlite: executing functools.partial(<built-in method rollback of sqlite3.Connection object at 0x0000018C4DBBCB80>)
2026-08-30 01:08:55,587 [DEBUG] aiosqlite: operation functools.partial(<built-in method rollback of sqlite3.Connection object at 0x0000018C4DBBCB80>) completed
2026-08-30 01:08:55,587 [DEBUG] aiosqlite: executing functools.partial(<built-in method close of sqlite3.Connection object at 0x0000018C4DBBCB80>)
2026-08-30 01:08:55,587 [DEBUG] aiosqlite: operation functools.partial(<built-in method close of sqlite3.Connection object at 0x0000018C4DBBCB80>) completed
2026-08-30 01:09:00,612 [DEBUG] aiosqlite: executing <function connect.<locals>.connector at 0x0000018C4DC30860>
2026-08-30 01:09:00,612 [DEBUG] aiosqlite: operation <function connect.<locals>.connector at 0x0000018C4DC30860> completed
2026-08-30 01:09:00,613 [DEBUG] aiosqlite: executing functools.partial(<built-in method create_function of sqlite3.Connection object at 0x0000018C4DBBF2E0>, 'regexp', 2, <function SQLiteDialect_pysqlite.on_connect.<locals>.regexp at 0x0000018C4AFFA660>, deterministic=True)
2026-08-30 01:09:00,613 [DEBUG] aiosqlite: operation functools.partial(<built-in method create_function of sqlite3.Connection object at 0x0000018C4DBBF2E0>, 'regexp', 2, <function SQLiteDialect_pysqlite.on_connect.<locals>.regexp at 0x0000018C4AFFA660>, deterministic=True) completed
2026-08-30 01:09:00,613 [DEBUG] aiosqlite: executing functools.partial(<built-in method create_function of sqlite3.Connection object at 0x0000018C4DBBF2E0>, 'floor', 1, <built-in function floor>, deterministic=True)
2026-08-30 01:09:00,613 [DEBUG] aiosqlite: operation functools.partial(<built-in method create_function of sqlite3.Connection object at 0x0000018C4DBBF2E0>, 'floor', 1, <built-in function floor>, deterministic=True) completed
2026-08-30 01:09:00,613 [INFO] sqlalchemy.engine.Engine: BEGIN (implicit)
2026-08-30 01:09:00,614 [INFO] sqlalchemy.engine.Engine: SELECT task.id, task.story_id, task.status, task.progress, task.current_step, task.retry_count, task.error_message, task.created_at, task.updated_at 
FROM task 
WHERE task.id = ?
2026-08-30 01:09:00,614 [INFO] sqlalchemy.engine.Engine: [cached since 377.4s ago] ('2773220ff25c46149fb7e0fbe8bfafca',)
2026-08-30 01:09:00,614 [DEBUG] aiosqlite: executing functools.partial(<built-in method cursor of sqlite3.Connection object at 0x0000018C4DBBF2E0>)
2026-08-30 01:09:00,614 [DEBUG] aiosqlite: operation functools.partial(<built-in method cursor of sqlite3.Connection object at 0x0000018C4DBBF2E0>) completed
2026-08-30 01:09:00,614 [DEBUG] aiosqlite: executing functools.partial(<built-in method execute of sqlite3.Cursor object at 0x0000018C4DC38EC0>, 'SELECT task.id, task.story_id, task.status, task.progress, task.current_step, task.retry_count, task.error_message, task.created_at, task.updated_at \nFROM task \nWHERE task.id = ?', ('2773220ff25c46149fb7e0fbe8bfafca',))
2026-08-30 01:09:00,615 [DEBUG] aiosqlite: operation functools.partial(<built-in method execute of sqlite3.Cursor object at 0x0000018C4DC38EC0>, 'SELECT task.id, task.story_id, task.status, task.progress, task.current_step, task.retry_count, task.error_message, task.created_at, task.updated_at \nFROM task \nWHERE task.id = ?', ('2773220ff25c46149fb7e0fbe8bfafca',)) completed
2026-08-30 01:09:00,615 [DEBUG] aiosqlite: executing functools.partial(<built-in method fetchall of sqlite3.Cursor object at 0x0000018C4DC38EC0>)
2026-08-30 01:09:00,617 [DEBUG] aiosqlite: operation functools.partial(<built-in method fetchall of sqlite3.Cursor object at 0x0000018C4DC38EC0>) completed
2026-08-30 01:09:00,617 [DEBUG] aiosqlite: executing functools.partial(<built-in method close of sqlite3.Cursor object at 0x0000018C4DC38EC0>)
2026-08-30 01:09:00,617 [DEBUG] aiosqlite: operation functools.partial(<built-in method close of sqlite3.Cursor object at 0x0000018C4DC38EC0>) completed
2026-08-30 01:09:00,617 [INFO] sqlalchemy.engine.Engine: COMMIT
2026-08-30 01:09:00,617 [DEBUG] aiosqlite: executing functools.partial(<built-in method commit of sqlite3.Connection object at 0x0000018C4DBBF2E0>)
2026-08-30 01:09:00,617 [DEBUG] aiosqlite: operation functools.partial(<built-in method commit of sqlite3.Connection object at 0x0000018C4DBBF2E0>) completed
2026-08-30 01:09:00,617 [DEBUG] aiosqlite: executing functools.partial(<built-in method rollback of sqlite3.Connection object at 0x0000018C4DBBF2E0>)
2026-08-30 01:09:00,620 [DEBUG] aiosqlite: operation functools.partial(<built-in method rollback of sqlite3.Connection object at 0x0000018C4DBBF2E0>) completed
2026-08-30 01:09:00,620 [DEBUG] aiosqlite: executing functools.partial(<built-in method close of sqlite3.Connection object at 0x0000018C4DBBF2E0>)
2026-08-30 01:09:00,620 [DEBUG] aiosqlite: operation functools.partial(<built-in method close of sqlite3.Connection object at 0x0000018C4DBBF2E0>) completed
2026-08-30 01:09:05,630 [DEBUG] aiosqlite: executing <function connect.<locals>.connector at 0x0000018C4DC31080>
2026-08-30 01:09:05,632 [DEBUG] aiosqlite: operation <function connect.<locals>.connector at 0x0000018C4DC31080> completed
2026-08-30 01:09:05,632 [DEBUG] aiosqlite: executing functools.partial(<built-in method create_function of sqlite3.Connection object at 0x0000018C4DBBFB50>, 'regexp', 2, <function SQLiteDialect_pysqlite.on_connect.<locals>.regexp at 0x0000018C4AFFA660>, deterministic=True)
2026-08-30 01:09:05,634 [DEBUG] aiosqlite: operation functools.partial(<built-in method create_function of sqlite3.Connection object at 0x0000018C4DBBFB50>, 'regexp', 2, <function SQLiteDialect_pysqlite.on_connect.<locals>.regexp at 0x0000018C4AFFA660>, deterministic=True) completed
2026-08-30 01:09:05,634 [DEBUG] aiosqlite: executing functools.partial(<built-in method create_function of sqlite3.Connection object at 0x0000018C4DBBFB50>, 'floor', 1, <built-in function floor>, deterministic=True)
2026-08-30 01:09:05,636 [DEBUG] aiosqlite: operation functools.partial(<built-in method create_function of sqlite3.Connection object at 0x0000018C4DBBFB50>, 'floor', 1, <built-in function floor>, deterministic=True) completed
2026-08-30 01:09:05,636 [INFO] sqlalchemy.engine.Engine: BEGIN (implicit)
2026-08-30 01:09:05,636 [INFO] sqlalchemy.engine.Engine: SELECT task.id, task.story_id, task.status, task.progress, task.current_step, task.retry_count, task.error_message, task.created_at, task.updated_at 
FROM task 
WHERE task.id = ?
2026-08-30 01:09:05,636 [INFO] sqlalchemy.engine.Engine: [cached since 382.4s ago] ('2773220ff25c46149fb7e0fbe8bfafca',)
2026-08-30 01:09:05,636 [DEBUG] aiosqlite: executing functools.partial(<built-in method cursor of sqlite3.Connection object at 0x0000018C4DBBFB50>)
2026-08-30 01:09:05,639 [DEBUG] aiosqlite: operation functools.partial(<built-in method cursor of sqlite3.Connection object at 0x0000018C4DBBFB50>) completed
2026-08-30 01:09:05,639 [DEBUG] aiosqlite: executing functools.partial(<built-in method execute of sqlite3.Cursor object at 0x0000018C4DC3A640>, 'SELECT task.id, task.story_id, task.status, task.progress, task.current_step, task.retry_count, task.error_message, task.created_at, task.updated_at \nFROM task \nWHERE task.id = ?', ('2773220ff25c46149fb7e0fbe8bfafca',))
2026-08-30 01:09:05,639 [DEBUG] aiosqlite: operation functools.partial(<built-in method execute of sqlite3.Cursor object at 0x0000018C4DC3A640>, 'SELECT task.id, task.story_id, task.status, task.progress, task.current_step, task.retry_count, task.error_message, task.created_at, task.updated_at \nFROM task \nWHERE task.id = ?', ('2773220ff25c46149fb7e0fbe8bfafca',)) completed
2026-08-30 01:09:05,639 [DEBUG] aiosqlite: executing functools.partial(<built-in method fetchall of sqlite3.Cursor object at 0x0000018C4DC3A640>)
2026-08-30 01:09:05,639 [DEBUG] aiosqlite: operation functools.partial(<built-in method fetchall of sqlite3.Cursor object at 0x0000018C4DC3A640>) completed
2026-08-30 01:09:05,639 [DEBUG] aiosqlite: executing functools.partial(<built-in method close of sqlite3.Cursor object at 0x0000018C4DC3A640>)
2026-08-30 01:09:05,639 [DEBUG] aiosqlite: operation functools.partial(<built-in method close of sqlite3.Cursor object at 0x0000018C4DC3A640>) completed
2026-08-30 01:09:05,642 [INFO] sqlalchemy.engine.Engine: COMMIT
2026-08-30 01:09:05,642 [DEBUG] aiosqlite: executing functools.partial(<built-in method commit of sqlite3.Connection object at 0x0000018C4DBBFB50>)
2026-08-30 01:09:05,642 [DEBUG] aiosqlite: operation functools.partial(<built-in method commit of sqlite3.Connection object at 0x0000018C4DBBFB50>) completed
2026-08-30 01:09:05,642 [DEBUG] aiosqlite: executing functools.partial(<built-in method rollback of sqlite3.Connection object at 0x0000018C4DBBFB50>)
2026-08-30 01:09:05,642 [DEBUG] aiosqlite: operation functools.partial(<built-in method rollback of sqlite3.Connection object at 0x0000018C4DBBFB50>) completed
2026-08-30 01:09:05,642 [DEBUG] aiosqlite: executing functools.partial(<built-in method close of sqlite3.Connection object at 0x0000018C4DBBFB50>)
2026-08-30 01:09:05,642 [DEBUG] aiosqlite: operation functools.partial(<built-in method close of sqlite3.Connection object at 0x0000018C4DBBFB50>) completed
2026-08-30 01:09:10,670 [DEBUG] aiosqlite: executing <function connect.<locals>.connector at 0x0000018C4DC325C0>
2026-08-30 01:09:10,672 [DEBUG] aiosqlite: operation <function connect.<locals>.connector at 0x0000018C4DC325C0> completed
2026-08-30 01:09:10,673 [DEBUG] aiosqlite: executing functools.partial(<built-in method create_function of sqlite3.Connection object at 0x0000018C4DBBE3E0>, 'regexp', 2, <function SQLiteDialect_pysqlite.on_connect.<locals>.regexp at 0x0000018C4AFFA660>, deterministic=True)
2026-08-30 01:09:10,673 [DEBUG] aiosqlite: operation functools.partial(<built-in method create_function of sqlite3.Connection object at 0x0000018C4DBBE3E0>, 'regexp', 2, <function SQLiteDialect_pysqlite.on_connect.<locals>.regexp at 0x0000018C4AFFA660>, deterministic=True) completed
2026-08-30 01:09:10,673 [DEBUG] aiosqlite: executing functools.partial(<built-in method create_function of sqlite3.Connection object at 0x0000018C4DBBE3E0>, 'floor', 1, <built-in function floor>, deterministic=True)
2026-08-30 01:09:10,673 [DEBUG] aiosqlite: operation functools.partial(<built-in method create_function of sqlite3.Connection object at 0x0000018C4DBBE3E0>, 'floor', 1, <built-in function floor>, deterministic=True) completed
2026-08-30 01:09:10,674 [INFO] sqlalchemy.engine.Engine: BEGIN (implicit)
2026-08-30 01:09:10,674 [INFO] sqlalchemy.engine.Engine: SELECT task.id, task.story_id, task.status, task.progress, task.current_step, task.retry_count, task.error_message, task.created_at, task.updated_at 
FROM task 
WHERE task.id = ?
2026-08-30 01:09:10,674 [INFO] sqlalchemy.engine.Engine: [cached since 387.4s ago] ('2773220ff25c46149fb7e0fbe8bfafca',)
2026-08-30 01:09:10,675 [DEBUG] aiosqlite: executing functools.partial(<built-in method cursor of sqlite3.Connection object at 0x0000018C4DBBE3E0>)
2026-08-30 01:09:10,675 [DEBUG] aiosqlite: operation functools.partial(<built-in method cursor of sqlite3.Connection object at 0x0000018C4DBBE3E0>) completed
2026-08-30 01:09:10,675 [DEBUG] aiosqlite: executing functools.partial(<built-in method execute of sqlite3.Cursor object at 0x0000018C4DC3B8C0>, 'SELECT task.id, task.story_id, task.status, task.progress, task.current_step, task.retry_count, task.error_message, task.created_at, task.updated_at \nFROM task \nWHERE task.id = ?', ('2773220ff25c46149fb7e0fbe8bfafca',))
2026-08-30 01:09:10,676 [DEBUG] aiosqlite: operation functools.partial(<built-in method execute of sqlite3.Cursor object at 0x0000018C4DC3B8C0>, 'SELECT task.id, task.story_id, task.status, task.progress, task.current_step, task.retry_count, task.error_message, task.created_at, task.updated_at \nFROM task \nWHERE task.id = ?', ('2773220ff25c46149fb7e0fbe8bfafca',)) completed
2026-08-30 01:09:10,676 [DEBUG] aiosqlite: executing functools.partial(<built-in method fetchall of sqlite3.Cursor object at 0x0000018C4DC3B8C0>)
2026-08-30 01:09:10,676 [DEBUG] aiosqlite: operation functools.partial(<built-in method fetchall of sqlite3.Cursor object at 0x0000018C4DC3B8C0>) completed
2026-08-30 01:09:10,677 [DEBUG] aiosqlite: executing functools.partial(<built-in method close of sqlite3.Cursor object at 0x0000018C4DC3B8C0>)
2026-08-30 01:09:10,677 [DEBUG] aiosqlite: operation functools.partial(<built-in method close of sqlite3.Cursor object at 0x0000018C4DC3B8C0>) completed
2026-08-30 01:09:10,677 [INFO] sqlalchemy.engine.Engine: COMMIT
2026-08-30 01:09:10,677 [DEBUG] aiosqlite: executing functools.partial(<built-in method commit of sqlite3.Connection object at 0x0000018C4DBBE3E0>)
2026-08-30 01:09:10,677 [DEBUG] aiosqlite: operation functools.partial(<built-in method commit of sqlite3.Connection object at 0x0000018C4DBBE3E0>) completed
2026-08-30 01:09:10,677 [DEBUG] aiosqlite: executing functools.partial(<built-in method rollback of sqlite3.Connection object at 0x0000018C4DBBE3E0>)
2026-08-30 01:09:10,677 [DEBUG] aiosqlite: operation functools.partial(<built-in method rollback of sqlite3.Connection object at 0x0000018C4DBBE3E0>) completed
2026-08-30 01:09:10,677 [DEBUG] aiosqlite: executing functools.partial(<built-in method close of sqlite3.Connection object at 0x0000018C4DBBE3E0>)
2026-08-30 01:09:10,677 [DEBUG] aiosqlite: operation functools.partial(<built-in method close of sqlite3.Connection object at 0x0000018C4DBBE3E0>) completed
2026-08-30 01:09:15,700 [DEBUG] aiosqlite: executing <function connect.<locals>.connector at 0x0000018C4DC311C0>
2026-08-30 01:09:15,703 [DEBUG] aiosqlite: operation <function connect.<locals>.connector at 0x0000018C4DC311C0> completed
2026-08-30 01:09:15,705 [DEBUG] aiosqlite: executing functools.partial(<built-in method create_function of sqlite3.Connection object at 0x0000018C4DBBDC60>, 'regexp', 2, <function SQLiteDialect_pysqlite.on_connect.<locals>.regexp at 0x0000018C4AFFA660>, deterministic=True)
2026-08-30 01:09:15,705 [DEBUG] aiosqlite: operation functools.partial(<built-in method create_function of sqlite3.Connection object at 0x0000018C4DBBDC60>, 'regexp', 2, <function SQLiteDialect_pysqlite.on_connect.<locals>.regexp at 0x0000018C4AFFA660>, deterministic=True) completed
2026-08-30 01:09:15,705 [DEBUG] aiosqlite: executing functools.partial(<built-in method create_function of sqlite3.Connection object at 0x0000018C4DBBDC60>, 'floor', 1, <built-in function floor>, deterministic=True)
2026-08-30 01:09:15,705 [DEBUG] aiosqlite: operation functools.partial(<built-in method create_function of sqlite3.Connection object at 0x0000018C4DBBDC60>, 'floor', 1, <built-in function floor>, deterministic=True) completed
2026-08-30 01:09:15,705 [INFO] sqlalchemy.engine.Engine: BEGIN (implicit)
2026-08-30 01:09:15,705 [INFO] sqlalchemy.engine.Engine: SELECT task.id, task.story_id, task.status, task.progress, task.current_step, task.retry_count, task.error_message, task.created_at, task.updated_at 
FROM task 
WHERE task.id = ?
2026-08-30 01:09:15,705 [INFO] sqlalchemy.engine.Engine: [cached since 392.5s ago] ('2773220ff25c46149fb7e0fbe8bfafca',)
2026-08-30 01:09:15,705 [DEBUG] aiosqlite: executing functools.partial(<built-in method cursor of sqlite3.Connection object at 0x0000018C4DBBDC60>)
2026-08-30 01:09:15,705 [DEBUG] aiosqlite: operation functools.partial(<built-in method cursor of sqlite3.Connection object at 0x0000018C4DBBDC60>) completed
2026-08-30 01:09:15,705 [DEBUG] aiosqlite: executing functools.partial(<built-in method execute of sqlite3.Cursor object at 0x0000018C4DC3BDC0>, 'SELECT task.id, task.story_id, task.status, task.progress, task.current_step, task.retry_count, task.error_message, task.created_at, task.updated_at \nFROM task \nWHERE task.id = ?', ('2773220ff25c46149fb7e0fbe8bfafca',))
2026-08-30 01:09:15,705 [DEBUG] aiosqlite: operation functools.partial(<built-in method execute of sqlite3.Cursor object at 0x0000018C4DC3BDC0>, 'SELECT task.id, task.story_id, task.status, task.progress, task.current_step, task.retry_count, task.error_message, task.created_at, task.updated_at \nFROM task \nWHERE task.id = ?', ('2773220ff25c46149fb7e0fbe8bfafca',)) completed
2026-08-30 01:09:15,712 [DEBUG] aiosqlite: executing functools.partial(<built-in method fetchall of sqlite3.Cursor object at 0x0000018C4DC3BDC0>)
2026-08-30 01:09:15,712 [DEBUG] aiosqlite: operation functools.partial(<built-in method fetchall of sqlite3.Cursor object at 0x0000018C4DC3BDC0>) completed
2026-08-30 01:09:15,712 [DEBUG] aiosqlite: executing functools.partial(<built-in method close of sqlite3.Cursor object at 0x0000018C4DC3BDC0>)
2026-08-30 01:09:15,712 [DEBUG] aiosqlite: operation functools.partial(<built-in method close of sqlite3.Cursor object at 0x0000018C4DC3BDC0>) completed
2026-08-30 01:09:15,712 [INFO] sqlalchemy.engine.Engine: COMMIT
2026-08-30 01:09:15,712 [DEBUG] aiosqlite: executing functools.partial(<built-in method commit of sqlite3.Connection object at 0x0000018C4DBBDC60>)
2026-08-30 01:09:15,712 [DEBUG] aiosqlite: operation functools.partial(<built-in method commit of sqlite3.Connection object at 0x0000018C4DBBDC60>) completed
2026-08-30 01:09:15,712 [DEBUG] aiosqlite: executing functools.partial(<built-in method rollback of sqlite3.Connection object at 0x0000018C4DBBDC60>)
2026-08-30 01:09:15,712 [DEBUG] aiosqlite: operation functools.partial(<built-in method rollback of sqlite3.Connection object at 0x0000018C4DBBDC60>) completed
2026-08-30 01:09:15,712 [DEBUG] aiosqlite: executing functools.partial(<built-in method close of sqlite3.Connection object at 0x0000018C4DBBDC60>)
2026-08-30 01:09:15,712 [DEBUG] aiosqlite: operation functools.partial(<built-in method close of sqlite3.Connection object at 0x0000018C4DBBDC60>) completed
2026-08-30 01:09:16,485 [DEBUG] httpcore.http11: receive_response_body.complete
2026-08-30 01:09:16,486 [DEBUG] httpcore.http11: response_closed.started
2026-08-30 01:09:16,486 [DEBUG] httpcore.http11: response_closed.complete
2026-08-30 01:09:16,486 [DEBUG] openai._base_client: HTTP Response: POST https://api.deepseek.com/v1/chat/completions "200 OK" Headers({'server': 'openresty', 'content-type': 'application/json', 'vary': 'origin, access-control-request-method, access-control-request-headers', 'access-control-allow-credentials': 'true', 'x-ds-trace-id': '0c6961fbee6bb69ec2e085d49bae50c7', 'strict-transport-security': 'max-age=31536000; includeSubDomains; preload', 'x-content-type-options': 'nosniff', 'transfer-encoding': 'chunked', 'connection': 'keep-alive', 'date': 'Sat, 29 Aug 2026 17:08:46 GMT', 'eo-log-uuid': '12760825836676301334', 'eo-cache-status': 'MISS'})
2026-08-30 01:09:16,486 [DEBUG] openai._base_client: request_id: None
2026-08-30 01:09:16,486 [INFO] agents.storyboard_agent: Generating storyboard for episode 3 | story_id=8ad45d6c-4e70-4b92-8884-7500f2973209
2026-08-30 01:09:16,489 [DEBUG] openai._base_client: Request options: {'method': 'post', 'url': '/chat/completions', 'files': None, 'idempotency_key': 'stainless-python-retry-a91c23da-15d2-4bf7-bc57-af809e91f813', 'json_data': {'messages': [{'content': '你是一位资深动画分镜师，擅长将剧本拆解为精确的分镜脚本。\n你需要根据每集的剧本内容，生成逐场景的分镜描述，每个场景将用于AI图像生成。\n\n分镜原则：\n1. **镜头语言**：合理运用远景、中景、近景、特写、俯拍、仰拍等镜头\n2. **场景切换**：每个场景之间要有自然的过渡逻辑\n3. **角色一致性**：场景描述中必须精确引用角色外观，确保AI生成图像时角色形象一致\n4. **时长合理**：每个场景3-8秒，对话场景适当延长\n5. **画面构图**：每个场景的prompt要包含画面构图、光影、色调等细节\n\n可用镜头类型：\n- 远景（wide shot）：展示环境和氛围\n- 中景（medium shot）：展示人物上半身和互动\n- 近景（close-up）：展示人物面部表情\n- 特写（extreme close-up）：展示细节（眼睛、手、物品）\n- 俯拍（high angle shot）：从上往下看\n- 仰拍（low angle shot）：从下往上看\n\n输出必须是合法JSON数组，每个元素格式：\n{"scene": 1, "camera": "中景", "duration": 5, "prompt": "英文图像生成prompt", "characters": ["角色A"], "dialogue": "台词"}\n', 'role': 'system'}, {'content': '请为以下剧集生成分镜脚本：\n\n## 剧集信息\n第3集：图书馆觉醒\n剧情概要：三人潜入旧图书馆地下，找到第一块碎片。小雨接触碎片的瞬间恢复记忆，显露星之公主的身份。暗影之首化身来袭，小雨觉醒力量惊退敌人。\n\n## 完整剧本\n【旧图书馆，地下密室】\n空气里布满灰尘，手电光晃过生锈的书架。小雨站在圆形石台前，中央悬浮着一块发光的水晶碎片。\n林默： “这就是星辰碎片？”\n夜影： “小心，周围有封印。”\n小雨伸手触碰碎片，瞬间白光暴涨。碎片融入她体内，手腕星印爆发出耀眼星辉。\n小雨睁眼，瞳孔如星辰流转： “我记起来了……我是星之公主，被暗影之首偷袭后，不得不把力量分成五块碎片，迷失在此界。”\n夜影低头： “公主殿下，属下守护不力。”\n小雨笑了： “夜影，你做得够好了。该来的总会来。”\n地面剧烈震动，黑雾从墙壁缝隙渗入，凝聚成一个高大的人形，双眼猩红。\n暗影之首： “公主殿下，觉醒的滋味如何？您的力量，我就收下了。”\n林默挡在小雨面前： “你休想！”\n暗影之首冷笑，挥手一道黑气冲向林默。\n夜影扑上去，光链挡下黑气却被打飞。\n小雨怒喝： “住手！”\n她手中凝聚星光，一掌击出，白光撞上黑影，将暗影之首的化身炸成碎片。\n但黑雾重新凝聚，声音阴冷： “有趣……公主的力量越强，我越喜欢。等你们集齐所有碎片，就是通道开启之时。”\n黑雾消散。\n林默扶起夜影： “你没事吧？”\n夜影咳了一声： “还死不了。他故意放走我们，想让我们收集碎片。”\n小雨握紧拳头： “所以我们现在不能坐以待毙。要赶在他前头，抢先封印所有碎片。”\n林默看着小雨坚定地点头： “好，我们一起。”\n\n## 角色外观参考（请严格保持一致）\n林默: Messy short black hair, unkempt and slightly overgrown, with strands sticking out in different directions., Pale sallow face, heavy dark circles under the eyes, tired but intense gaze., Thin and lanky, around 175cm, slightly hunched posture; appears tired and underweight., wearing Worn plaid shirt over a plain T-shirt, loose blue jeans, and scuffed white sneakers; black-rimmed glasses.\n夜影: Short, sleek black fur covering the entire body, glossy in the light., Golden vertical slit pupils, sharp and contemptuous expression, left ear has a visible notch; sleek whiskers., Lean and agile cat body, medium-sized, with a tail that can transform into a golden light chain; when burning life, golden flames envelop the whole form., wearing No clothing; natural black fur only.\n小雨: Long dark hair tied into a neat high ponytail, with a few loose strands framing her face., Soft, gentle face with warm eyes; after awakening, her pupils turn into shimmering starlight color., Slender and graceful, about 160cm tall; a small glowing star-shaped mark appears on her wrist., wearing A simple white dress that falls to her knees, with faint star-pattern embroidery on the hem; no heavy accessories.\n暗影之首: No hair; the entire form is a swirling, conscious black mist., No visible mouth or nose; two narrow, elongated scarlet eyes glow from within the darkness, radiating malice., Amorphous; can condense into a tall humanoid silhouette with no solid mass, or attach to electronic devices; height and build are unstable, shifting like smoke., wearing No clothes; instead, dark mist and shadow fragments form an ever-shifting cloak around the figure.\n\n## 要求\n1. 根据剧本内容，将每个关键场景拆分为独立的分镜\n2. 每个场景的prompt必须用英文编写，格式为：\n   "anime style, [镜头类型], [场景环境描述], [角色外观描述], [动作/表情描述], [光影/氛围], high quality, detailed"\n3. 角色外观必须完整引用上面的参考信息\n4. 每个场景的dialogue字段填写该场景对应的台词，无台词则为空字符串\n5. 每集生成5到10个场景\n\n请直接输出JSON数组，不要包含其他文字。\n', 'role': 'user'}], 'model': 'deepseek-v4-flash', 'max_tokens': 16384, 'n': 1, 'stream': False, 'temperature': 0.4}}
2026-08-30 01:09:16,490 [DEBUG] openai._base_client: Sending HTTP Request: POST https://api.deepseek.com/v1/chat/completions
2026-08-30 01:09:16,491 [DEBUG] httpcore.http11: send_request_headers.started request=<Request [b'POST']>
2026-08-30 01:09:16,491 [DEBUG] httpcore.http11: send_request_headers.complete
2026-08-30 01:09:16,491 [DEBUG] httpcore.http11: send_request_body.started request=<Request [b'POST']>
2026-08-30 01:09:16,492 [DEBUG] httpcore.http11: send_request_body.complete
2026-08-30 01:09:16,492 [DEBUG] httpcore.http11: receive_response_headers.started request=<Request [b'POST']>
2026-08-30 01:09:16,626 [DEBUG] httpcore.http11: receive_response_headers.complete return_value=(b'HTTP/1.1', 200, b'OK', [(b'Server', b'openresty'), (b'Content-Type', b'application/json'), (b'vary', b'origin, access-control-request-method, access-control-request-headers'), (b'access-control-allow-credentials', b'true'), (b'x-ds-trace-id', b'1c85a95e9945f9871265a5d512a2ccf7'), (b'Strict-Transport-Security', b'max-age=31536000; includeSubDomains; preload'), (b'X-Content-Type-Options', b'nosniff'), (b'Transfer-Encoding', b'chunked'), (b'Connection', b'keep-alive'), (b'Date', b'Sat, 29 Aug 2026 17:09:16 GMT'), (b'EO-LOG-UUID', b'12678180751955392831'), (b'EO-Cache-Status', b'MISS')])
2026-08-30 01:09:16,626 [INFO] httpx: HTTP Request: POST https://api.deepseek.com/v1/chat/completions "HTTP/1.1 200 OK"
2026-08-30 01:09:16,626 [DEBUG] httpcore.http11: receive_response_body.started request=<Request [b'POST']>
2026-08-30 01:09:20,741 [DEBUG] aiosqlite: executing <function connect.<locals>.connector at 0x0000018C4DB7E160>
2026-08-30 01:09:20,744 [DEBUG] aiosqlite: operation <function connect.<locals>.connector at 0x0000018C4DB7E160> completed
2026-08-30 01:09:20,744 [DEBUG] aiosqlite: executing functools.partial(<built-in method create_function of sqlite3.Connection object at 0x0000018C4DB5A200>, 'regexp', 2, <function SQLiteDialect_pysqlite.on_connect.<locals>.regexp at 0x0000018C4AFFA660>, deterministic=True)
2026-08-30 01:09:20,744 [DEBUG] aiosqlite: operation functools.partial(<built-in method create_function of sqlite3.Connection object at 0x0000018C4DB5A200>, 'regexp', 2, <function SQLiteDialect_pysqlite.on_connect.<locals>.regexp at 0x0000018C4AFFA660>, deterministic=True) completed
2026-08-30 01:09:20,744 [DEBUG] aiosqlite: executing functools.partial(<built-in method create_function of sqlite3.Connection object at 0x0000018C4DB5A200>, 'floor', 1, <built-in function floor>, deterministic=True)
2026-08-30 01:09:20,744 [DEBUG] aiosqlite: operation functools.partial(<built-in method create_function of sqlite3.Connection object at 0x0000018C4DB5A200>, 'floor', 1, <built-in function floor>, deterministic=True) completed
2026-08-30 01:09:20,749 [INFO] sqlalchemy.engine.Engine: BEGIN (implicit)
2026-08-30 01:09:20,749 [INFO] sqlalchemy.engine.Engine: SELECT task.id, task.story_id, task.status, task.progress, task.current_step, task.retry_count, task.error_message, task.created_at, task.updated_at 
FROM task 
WHERE task.id = ?
2026-08-30 01:09:20,751 [INFO] sqlalchemy.engine.Engine: [cached since 397.5s ago] ('2773220ff25c46149fb7e0fbe8bfafca',)
2026-08-30 01:09:20,751 [DEBUG] aiosqlite: executing functools.partial(<built-in method cursor of sqlite3.Connection object at 0x0000018C4DB5A200>)
2026-08-30 01:09:20,751 [DEBUG] aiosqlite: operation functools.partial(<built-in method cursor of sqlite3.Connection object at 0x0000018C4DB5A200>) completed
2026-08-30 01:09:20,751 [DEBUG] aiosqlite: executing functools.partial(<built-in method execute of sqlite3.Cursor object at 0x0000018C4DC384C0>, 'SELECT task.id, task.story_id, task.status, task.progress, task.current_step, task.retry_count, task.error_message, task.created_at, task.updated_at \nFROM task \nWHERE task.id = ?', ('2773220ff25c46149fb7e0fbe8bfafca',))
2026-08-30 01:09:20,751 [DEBUG] aiosqlite: operation functools.partial(<built-in method execute of sqlite3.Cursor object at 0x0000018C4DC384C0>, 'SELECT task.id, task.story_id, task.status, task.progress, task.current_step, task.retry_count, task.error_message, task.created_at, task.updated_at \nFROM task \nWHERE task.id = ?', ('2773220ff25c46149fb7e0fbe8bfafca',)) completed
2026-08-30 01:09:20,751 [DEBUG] aiosqlite: executing functools.partial(<built-in method fetchall of sqlite3.Cursor object at 0x0000018C4DC384C0>)
2026-08-30 01:09:20,751 [DEBUG] aiosqlite: operation functools.partial(<built-in method fetchall of sqlite3.Cursor object at 0x0000018C4DC384C0>) completed
2026-08-30 01:09:20,751 [DEBUG] aiosqlite: executing functools.partial(<built-in method close of sqlite3.Cursor object at 0x0000018C4DC384C0>)
2026-08-30 01:09:20,751 [DEBUG] aiosqlite: operation functools.partial(<built-in method close of sqlite3.Cursor object at 0x0000018C4DC384C0>) completed
2026-08-30 01:09:20,751 [INFO] sqlalchemy.engine.Engine: COMMIT
2026-08-30 01:09:20,751 [DEBUG] aiosqlite: executing functools.partial(<built-in method commit of sqlite3.Connection object at 0x0000018C4DB5A200>)
2026-08-30 01:09:20,751 [DEBUG] aiosqlite: operation functools.partial(<built-in method commit of sqlite3.Connection object at 0x0000018C4DB5A200>) completed
2026-08-30 01:09:20,751 [DEBUG] aiosqlite: executing functools.partial(<built-in method rollback of sqlite3.Connection object at 0x0000018C4DB5A200>)
2026-08-30 01:09:20,751 [DEBUG] aiosqlite: operation functools.partial(<built-in method rollback of sqlite3.Connection object at 0x0000018C4DB5A200>) completed
2026-08-30 01:09:20,751 [DEBUG] aiosqlite: executing functools.partial(<built-in method close of sqlite3.Connection object at 0x0000018C4DB5A200>)
2026-08-30 01:09:20,751 [DEBUG] aiosqlite: operation functools.partial(<built-in method close of sqlite3.Connection object at 0x0000018C4DB5A200>) completed
2026-08-30 01:09:25,800 [DEBUG] aiosqlite: executing <function connect.<locals>.connector at 0x0000018C4DC31A80>
2026-08-30 01:09:25,800 [DEBUG] aiosqlite: operation <function connect.<locals>.connector at 0x0000018C4DC31A80> completed
2026-08-30 01:09:25,804 [DEBUG] aiosqlite: executing functools.partial(<built-in method create_function of sqlite3.Connection object at 0x0000018C4DBBC040>, 'regexp', 2, <function SQLiteDialect_pysqlite.on_connect.<locals>.regexp at 0x0000018C4AFFA660>, deterministic=True)
2026-08-30 01:09:25,804 [DEBUG] aiosqlite: operation functools.partial(<built-in method create_function of sqlite3.Connection object at 0x0000018C4DBBC040>, 'regexp', 2, <function SQLiteDialect_pysqlite.on_connect.<locals>.regexp at 0x0000018C4AFFA660>, deterministic=True) completed
2026-08-30 01:09:25,804 [DEBUG] aiosqlite: executing functools.partial(<built-in method create_function of sqlite3.Connection object at 0x0000018C4DBBC040>, 'floor', 1, <built-in function floor>, deterministic=True)
2026-08-30 01:09:25,804 [DEBUG] aiosqlite: operation functools.partial(<built-in method create_function of sqlite3.Connection object at 0x0000018C4DBBC040>, 'floor', 1, <built-in function floor>, deterministic=True) completed
2026-08-30 01:09:25,804 [INFO] sqlalchemy.engine.Engine: BEGIN (implicit)
2026-08-30 01:09:25,804 [INFO] sqlalchemy.engine.Engine: SELECT task.id, task.story_id, task.status, task.progress, task.current_step, task.retry_count, task.error_message, task.created_at, task.updated_at 
FROM task 
WHERE task.id = ?
2026-08-30 01:09:25,804 [INFO] sqlalchemy.engine.Engine: [cached since 402.6s ago] ('2773220ff25c46149fb7e0fbe8bfafca',)
2026-08-30 01:09:25,804 [DEBUG] aiosqlite: executing functools.partial(<built-in method cursor of sqlite3.Connection object at 0x0000018C4DBBC040>)
2026-08-30 01:09:25,804 [DEBUG] aiosqlite: operation functools.partial(<built-in method cursor of sqlite3.Connection object at 0x0000018C4DBBC040>) completed
2026-08-30 01:09:25,804 [DEBUG] aiosqlite: executing functools.partial(<built-in method execute of sqlite3.Cursor object at 0x0000018C4DC21CC0>, 'SELECT task.id, task.story_id, task.status, task.progress, task.current_step, task.retry_count, task.error_message, task.created_at, task.updated_at \nFROM task \nWHERE task.id = ?', ('2773220ff25c46149fb7e0fbe8bfafca',))
2026-08-30 01:09:25,811 [DEBUG] aiosqlite: operation functools.partial(<built-in method execute of sqlite3.Cursor object at 0x0000018C4DC21CC0>, 'SELECT task.id, task.story_id, task.status, task.progress, task.current_step, task.retry_count, task.error_message, task.created_at, task.updated_at \nFROM task \nWHERE task.id = ?', ('2773220ff25c46149fb7e0fbe8bfafca',)) completed
2026-08-30 01:09:25,811 [DEBUG] aiosqlite: executing functools.partial(<built-in method fetchall of sqlite3.Cursor object at 0x0000018C4DC21CC0>)
2026-08-30 01:09:25,811 [DEBUG] aiosqlite: operation functools.partial(<built-in method fetchall of sqlite3.Cursor object at 0x0000018C4DC21CC0>) completed
2026-08-30 01:09:25,811 [DEBUG] aiosqlite: executing functools.partial(<built-in method close of sqlite3.Cursor object at 0x0000018C4DC21CC0>)
2026-08-30 01:09:25,811 [DEBUG] aiosqlite: operation functools.partial(<built-in method close of sqlite3.Cursor object at 0x0000018C4DC21CC0>) completed
2026-08-30 01:09:25,811 [INFO] sqlalchemy.engine.Engine: COMMIT
2026-08-30 01:09:25,811 [DEBUG] aiosqlite: executing functools.partial(<built-in method commit of sqlite3.Connection object at 0x0000018C4DBBC040>)
2026-08-30 01:09:25,811 [DEBUG] aiosqlite: operation functools.partial(<built-in method commit of sqlite3.Connection object at 0x0000018C4DBBC040>) completed
2026-08-30 01:09:25,811 [DEBUG] aiosqlite: executing functools.partial(<built-in method rollback of sqlite3.Connection object at 0x0000018C4DBBC040>)
2026-08-30 01:09:25,811 [DEBUG] aiosqlite: operation functools.partial(<built-in method rollback of sqlite3.Connection object at 0x0000018C4DBBC040>) completed
2026-08-30 01:09:25,811 [DEBUG] aiosqlite: executing functools.partial(<built-in method close of sqlite3.Connection object at 0x0000018C4DBBC040>)
2026-08-30 01:09:25,811 [DEBUG] aiosqlite: operation functools.partial(<built-in method close of sqlite3.Connection object at 0x0000018C4DBBC040>) completed
2026-08-30 01:09:30,828 [DEBUG] aiosqlite: executing <function connect.<locals>.connector at 0x0000018C4DC332E0>
2026-08-30 01:09:30,830 [DEBUG] aiosqlite: operation <function connect.<locals>.connector at 0x0000018C4DC332E0> completed
2026-08-30 01:09:30,830 [DEBUG] aiosqlite: executing functools.partial(<built-in method create_function of sqlite3.Connection object at 0x0000018C4DBBC220>, 'regexp', 2, <function SQLiteDialect_pysqlite.on_connect.<locals>.regexp at 0x0000018C4AFFA660>, deterministic=True)
2026-08-30 01:09:30,830 [DEBUG] aiosqlite: operation functools.partial(<built-in method create_function of sqlite3.Connection object at 0x0000018C4DBBC220>, 'regexp', 2, <function SQLiteDialect_pysqlite.on_connect.<locals>.regexp at 0x0000018C4AFFA660>, deterministic=True) completed
2026-08-30 01:09:30,830 [DEBUG] aiosqlite: executing functools.partial(<built-in method create_function of sqlite3.Connection object at 0x0000018C4DBBC220>, 'floor', 1, <built-in function floor>, deterministic=True)
2026-08-30 01:09:30,830 [DEBUG] aiosqlite: operation functools.partial(<built-in method create_function of sqlite3.Connection object at 0x0000018C4DBBC220>, 'floor', 1, <built-in function floor>, deterministic=True) completed
2026-08-30 01:09:30,830 [INFO] sqlalchemy.engine.Engine: BEGIN (implicit)
2026-08-30 01:09:30,830 [INFO] sqlalchemy.engine.Engine: SELECT task.id, task.story_id, task.status, task.progress, task.current_step, task.retry_count, task.error_message, task.created_at, task.updated_at 
FROM task 
WHERE task.id = ?
2026-08-30 01:09:30,830 [INFO] sqlalchemy.engine.Engine: [cached since 407.6s ago] ('2773220ff25c46149fb7e0fbe8bfafca',)
2026-08-30 01:09:30,830 [DEBUG] aiosqlite: executing functools.partial(<built-in method cursor of sqlite3.Connection object at 0x0000018C4DBBC220>)
2026-08-30 01:09:30,830 [DEBUG] aiosqlite: operation functools.partial(<built-in method cursor of sqlite3.Connection object at 0x0000018C4DBBC220>) completed
2026-08-30 01:09:30,830 [DEBUG] aiosqlite: executing functools.partial(<built-in method execute of sqlite3.Cursor object at 0x0000018C4DC394C0>, 'SELECT task.id, task.story_id, task.status, task.progress, task.current_step, task.retry_count, task.error_message, task.created_at, task.updated_at \nFROM task \nWHERE task.id = ?', ('2773220ff25c46149fb7e0fbe8bfafca',))
2026-08-30 01:09:30,830 [DEBUG] aiosqlite: operation functools.partial(<built-in method execute of sqlite3.Cursor object at 0x0000018C4DC394C0>, 'SELECT task.id, task.story_id, task.status, task.progress, task.current_step, task.retry_count, task.error_message, task.created_at, task.updated_at \nFROM task \nWHERE task.id = ?', ('2773220ff25c46149fb7e0fbe8bfafca',)) completed
2026-08-30 01:09:30,830 [DEBUG] aiosqlite: executing functools.partial(<built-in method fetchall of sqlite3.Cursor object at 0x0000018C4DC394C0>)
2026-08-30 01:09:30,830 [DEBUG] aiosqlite: operation functools.partial(<built-in method fetchall of sqlite3.Cursor object at 0x0000018C4DC394C0>) completed
2026-08-30 01:09:30,830 [DEBUG] aiosqlite: executing functools.partial(<built-in method close of sqlite3.Cursor object at 0x0000018C4DC394C0>)
2026-08-30 01:09:30,830 [DEBUG] aiosqlite: operation functools.partial(<built-in method close of sqlite3.Cursor object at 0x0000018C4DC394C0>) completed
2026-08-30 01:09:30,837 [INFO] sqlalchemy.engine.Engine: COMMIT
2026-08-30 01:09:30,837 [DEBUG] aiosqlite: executing functools.partial(<built-in method commit of sqlite3.Connection object at 0x0000018C4DBBC220>)
2026-08-30 01:09:30,838 [DEBUG] aiosqlite: operation functools.partial(<built-in method commit of sqlite3.Connection object at 0x0000018C4DBBC220>) completed
2026-08-30 01:09:30,838 [DEBUG] aiosqlite: executing functools.partial(<built-in method rollback of sqlite3.Connection object at 0x0000018C4DBBC220>)
2026-08-30 01:09:30,838 [DEBUG] aiosqlite: operation functools.partial(<built-in method rollback of sqlite3.Connection object at 0x0000018C4DBBC220>) completed
2026-08-30 01:09:30,839 [DEBUG] aiosqlite: executing functools.partial(<built-in method close of sqlite3.Connection object at 0x0000018C4DBBC220>)
2026-08-30 01:09:30,839 [DEBUG] aiosqlite: operation functools.partial(<built-in method close of sqlite3.Connection object at 0x0000018C4DBBC220>) completed
2026-08-30 01:09:35,862 [DEBUG] aiosqlite: executing <function connect.<locals>.connector at 0x0000018C4DC32700>
2026-08-30 01:09:35,865 [DEBUG] aiosqlite: operation <function connect.<locals>.connector at 0x0000018C4DC32700> completed
2026-08-30 01:09:35,865 [DEBUG] aiosqlite: executing functools.partial(<built-in method create_function of sqlite3.Connection object at 0x0000018C4DBBC130>, 'regexp', 2, <function SQLiteDialect_pysqlite.on_connect.<locals>.regexp at 0x0000018C4AFFA660>, deterministic=True)
2026-08-30 01:09:35,865 [DEBUG] aiosqlite: operation functools.partial(<built-in method create_function of sqlite3.Connection object at 0x0000018C4DBBC130>, 'regexp', 2, <function SQLiteDialect_pysqlite.on_connect.<locals>.regexp at 0x0000018C4AFFA660>, deterministic=True) completed
2026-08-30 01:09:35,865 [DEBUG] aiosqlite: executing functools.partial(<built-in method create_function of sqlite3.Connection object at 0x0000018C4DBBC130>, 'floor', 1, <built-in function floor>, deterministic=True)
2026-08-30 01:09:35,865 [DEBUG] aiosqlite: operation functools.partial(<built-in method create_function of sqlite3.Connection object at 0x0000018C4DBBC130>, 'floor', 1, <built-in function floor>, deterministic=True) completed
2026-08-30 01:09:35,865 [INFO] sqlalchemy.engine.Engine: BEGIN (implicit)
2026-08-30 01:09:35,865 [INFO] sqlalchemy.engine.Engine: SELECT task.id, task.story_id, task.status, task.progress, task.current_step, task.retry_count, task.error_message, task.created_at, task.updated_at 
FROM task 
WHERE task.id = ?
2026-08-30 01:09:35,865 [INFO] sqlalchemy.engine.Engine: [cached since 412.6s ago] ('2773220ff25c46149fb7e0fbe8bfafca',)
2026-08-30 01:09:35,865 [DEBUG] aiosqlite: executing functools.partial(<built-in method cursor of sqlite3.Connection object at 0x0000018C4DBBC130>)
2026-08-30 01:09:35,865 [DEBUG] aiosqlite: operation functools.partial(<built-in method cursor of sqlite3.Connection object at 0x0000018C4DBBC130>) completed
2026-08-30 01:09:35,865 [DEBUG] aiosqlite: executing functools.partial(<built-in method execute of sqlite3.Cursor object at 0x0000018C4DC3BCC0>, 'SELECT task.id, task.story_id, task.status, task.progress, task.current_step, task.retry_count, task.error_message, task.created_at, task.updated_at \nFROM task \nWHERE task.id = ?', ('2773220ff25c46149fb7e0fbe8bfafca',))
2026-08-30 01:09:35,865 [DEBUG] aiosqlite: operation functools.partial(<built-in method execute of sqlite3.Cursor object at 0x0000018C4DC3BCC0>, 'SELECT task.id, task.story_id, task.status, task.progress, task.current_step, task.retry_count, task.error_message, task.created_at, task.updated_at \nFROM task \nWHERE task.id = ?', ('2773220ff25c46149fb7e0fbe8bfafca',)) completed
2026-08-30 01:09:35,865 [DEBUG] aiosqlite: executing functools.partial(<built-in method fetchall of sqlite3.Cursor object at 0x0000018C4DC3BCC0>)
2026-08-30 01:09:35,865 [DEBUG] aiosqlite: operation functools.partial(<built-in method fetchall of sqlite3.Cursor object at 0x0000018C4DC3BCC0>) completed
2026-08-30 01:09:35,865 [DEBUG] aiosqlite: executing functools.partial(<built-in method close of sqlite3.Cursor object at 0x0000018C4DC3BCC0>)
2026-08-30 01:09:35,865 [DEBUG] aiosqlite: operation functools.partial(<built-in method close of sqlite3.Cursor object at 0x0000018C4DC3BCC0>) completed
2026-08-30 01:09:35,865 [INFO] sqlalchemy.engine.Engine: COMMIT
2026-08-30 01:09:35,865 [DEBUG] aiosqlite: executing functools.partial(<built-in method commit of sqlite3.Connection object at 0x0000018C4DBBC130>)
2026-08-30 01:09:35,865 [DEBUG] aiosqlite: operation functools.partial(<built-in method commit of sqlite3.Connection object at 0x0000018C4DBBC130>) completed
2026-08-30 01:09:35,865 [DEBUG] aiosqlite: executing functools.partial(<built-in method rollback of sqlite3.Connection object at 0x0000018C4DBBC130>)
2026-08-30 01:09:35,865 [DEBUG] aiosqlite: operation functools.partial(<built-in method rollback of sqlite3.Connection object at 0x0000018C4DBBC130>) completed
2026-08-30 01:09:35,865 [DEBUG] aiosqlite: executing functools.partial(<built-in method close of sqlite3.Connection object at 0x0000018C4DBBC130>)
2026-08-30 01:09:35,865 [DEBUG] aiosqlite: operation functools.partial(<built-in method close of sqlite3.Connection object at 0x0000018C4DBBC130>) completed
2026-08-30 01:09:40,911 [DEBUG] aiosqlite: executing <function connect.<locals>.connector at 0x0000018C4DC311C0>
2026-08-30 01:09:40,911 [DEBUG] aiosqlite: operation <function connect.<locals>.connector at 0x0000018C4DC311C0> completed
2026-08-30 01:09:40,912 [DEBUG] aiosqlite: executing functools.partial(<built-in method create_function of sqlite3.Connection object at 0x0000018C4DBBE2F0>, 'regexp', 2, <function SQLiteDialect_pysqlite.on_connect.<locals>.regexp at 0x0000018C4AFFA660>, deterministic=True)
2026-08-30 01:09:40,912 [DEBUG] aiosqlite: operation functools.partial(<built-in method create_function of sqlite3.Connection object at 0x0000018C4DBBE2F0>, 'regexp', 2, <function SQLiteDialect_pysqlite.on_connect.<locals>.regexp at 0x0000018C4AFFA660>, deterministic=True) completed
2026-08-30 01:09:40,913 [DEBUG] aiosqlite: executing functools.partial(<built-in method create_function of sqlite3.Connection object at 0x0000018C4DBBE2F0>, 'floor', 1, <built-in function floor>, deterministic=True)
2026-08-30 01:09:40,913 [DEBUG] aiosqlite: operation functools.partial(<built-in method create_function of sqlite3.Connection object at 0x0000018C4DBBE2F0>, 'floor', 1, <built-in function floor>, deterministic=True) completed
2026-08-30 01:09:40,913 [INFO] sqlalchemy.engine.Engine: BEGIN (implicit)
2026-08-30 01:09:40,914 [INFO] sqlalchemy.engine.Engine: SELECT task.id, task.story_id, task.status, task.progress, task.current_step, task.retry_count, task.error_message, task.created_at, task.updated_at 
FROM task 
WHERE task.id = ?
2026-08-30 01:09:40,914 [INFO] sqlalchemy.engine.Engine: [cached since 417.7s ago] ('2773220ff25c46149fb7e0fbe8bfafca',)
2026-08-30 01:09:40,915 [DEBUG] aiosqlite: executing functools.partial(<built-in method cursor of sqlite3.Connection object at 0x0000018C4DBBE2F0>)
2026-08-30 01:09:40,915 [DEBUG] aiosqlite: operation functools.partial(<built-in method cursor of sqlite3.Connection object at 0x0000018C4DBBE2F0>) completed
2026-08-30 01:09:40,915 [DEBUG] aiosqlite: executing functools.partial(<built-in method execute of sqlite3.Cursor object at 0x0000018C4DC3A2C0>, 'SELECT task.id, task.story_id, task.status, task.progress, task.current_step, task.retry_count, task.error_message, task.created_at, task.updated_at \nFROM task \nWHERE task.id = ?', ('2773220ff25c46149fb7e0fbe8bfafca',))
2026-08-30 01:09:40,915 [DEBUG] aiosqlite: operation functools.partial(<built-in method execute of sqlite3.Cursor object at 0x0000018C4DC3A2C0>, 'SELECT task.id, task.story_id, task.status, task.progress, task.current_step, task.retry_count, task.error_message, task.created_at, task.updated_at \nFROM task \nWHERE task.id = ?', ('2773220ff25c46149fb7e0fbe8bfafca',)) completed
2026-08-30 01:09:40,915 [DEBUG] aiosqlite: executing functools.partial(<built-in method fetchall of sqlite3.Cursor object at 0x0000018C4DC3A2C0>)
2026-08-30 01:09:40,915 [DEBUG] aiosqlite: operation functools.partial(<built-in method fetchall of sqlite3.Cursor object at 0x0000018C4DC3A2C0>) completed
2026-08-30 01:09:40,915 [DEBUG] aiosqlite: executing functools.partial(<built-in method close of sqlite3.Cursor object at 0x0000018C4DC3A2C0>)
2026-08-30 01:09:40,915 [DEBUG] aiosqlite: operation functools.partial(<built-in method close of sqlite3.Cursor object at 0x0000018C4DC3A2C0>) completed
2026-08-30 01:09:40,915 [INFO] sqlalchemy.engine.Engine: COMMIT
2026-08-30 01:09:40,915 [DEBUG] aiosqlite: executing functools.partial(<built-in method commit of sqlite3.Connection object at 0x0000018C4DBBE2F0>)
2026-08-30 01:09:40,915 [DEBUG] aiosqlite: operation functools.partial(<built-in method commit of sqlite3.Connection object at 0x0000018C4DBBE2F0>) completed
2026-08-30 01:09:40,915 [DEBUG] aiosqlite: executing functools.partial(<built-in method rollback of sqlite3.Connection object at 0x0000018C4DBBE2F0>)
2026-08-30 01:09:40,915 [DEBUG] aiosqlite: operation functools.partial(<built-in method rollback of sqlite3.Connection object at 0x0000018C4DBBE2F0>) completed
2026-08-30 01:09:40,915 [DEBUG] aiosqlite: executing functools.partial(<built-in method close of sqlite3.Connection object at 0x0000018C4DBBE2F0>)
2026-08-30 01:09:40,915 [DEBUG] aiosqlite: operation functools.partial(<built-in method close of sqlite3.Connection object at 0x0000018C4DBBE2F0>) completed
2026-08-30 01:09:45,930 [DEBUG] aiosqlite: executing <function connect.<locals>.connector at 0x0000018C4DC33BA0>
2026-08-30 01:09:45,939 [DEBUG] aiosqlite: operation <function connect.<locals>.connector at 0x0000018C4DC33BA0> completed
2026-08-30 01:09:45,939 [DEBUG] aiosqlite: executing functools.partial(<built-in method create_function of sqlite3.Connection object at 0x0000018C4DB5A200>, 'regexp', 2, <function SQLiteDialect_pysqlite.on_connect.<locals>.regexp at 0x0000018C4AFFA660>, deterministic=True)
2026-08-30 01:09:45,939 [DEBUG] aiosqlite: operation functools.partial(<built-in method create_function of sqlite3.Connection object at 0x0000018C4DB5A200>, 'regexp', 2, <function SQLiteDialect_pysqlite.on_connect.<locals>.regexp at 0x0000018C4AFFA660>, deterministic=True) completed
2026-08-30 01:09:45,939 [DEBUG] aiosqlite: executing functools.partial(<built-in method create_function of sqlite3.Connection object at 0x0000018C4DB5A200>, 'floor', 1, <built-in function floor>, deterministic=True)
2026-08-30 01:09:45,939 [DEBUG] aiosqlite: operation functools.partial(<built-in method create_function of sqlite3.Connection object at 0x0000018C4DB5A200>, 'floor', 1, <built-in function floor>, deterministic=True) completed
2026-08-30 01:09:45,939 [INFO] sqlalchemy.engine.Engine: BEGIN (implicit)
2026-08-30 01:09:45,939 [INFO] sqlalchemy.engine.Engine: SELECT task.id, task.story_id, task.status, task.progress, task.current_step, task.retry_count, task.error_message, task.created_at, task.updated_at 
FROM task 
WHERE task.id = ?
2026-08-30 01:09:45,943 [INFO] sqlalchemy.engine.Engine: [cached since 422.7s ago] ('2773220ff25c46149fb7e0fbe8bfafca',)
2026-08-30 01:09:45,943 [DEBUG] aiosqlite: executing functools.partial(<built-in method cursor of sqlite3.Connection object at 0x0000018C4DB5A200>)
2026-08-30 01:09:45,943 [DEBUG] aiosqlite: operation functools.partial(<built-in method cursor of sqlite3.Connection object at 0x0000018C4DB5A200>) completed
2026-08-30 01:09:45,943 [DEBUG] aiosqlite: executing functools.partial(<built-in method execute of sqlite3.Cursor object at 0x0000018C4DC3A640>, 'SELECT task.id, task.story_id, task.status, task.progress, task.current_step, task.retry_count, task.error_message, task.created_at, task.updated_at \nFROM task \nWHERE task.id = ?', ('2773220ff25c46149fb7e0fbe8bfafca',))
2026-08-30 01:09:45,943 [DEBUG] aiosqlite: operation functools.partial(<built-in method execute of sqlite3.Cursor object at 0x0000018C4DC3A640>, 'SELECT task.id, task.story_id, task.status, task.progress, task.current_step, task.retry_count, task.error_message, task.created_at, task.updated_at \nFROM task \nWHERE task.id = ?', ('2773220ff25c46149fb7e0fbe8bfafca',)) completed
2026-08-30 01:09:45,943 [DEBUG] aiosqlite: executing functools.partial(<built-in method fetchall of sqlite3.Cursor object at 0x0000018C4DC3A640>)
2026-08-30 01:09:45,943 [DEBUG] aiosqlite: operation functools.partial(<built-in method fetchall of sqlite3.Cursor object at 0x0000018C4DC3A640>) completed
2026-08-30 01:09:45,943 [DEBUG] aiosqlite: executing functools.partial(<built-in method close of sqlite3.Cursor object at 0x0000018C4DC3A640>)
2026-08-30 01:09:45,943 [DEBUG] aiosqlite: operation functools.partial(<built-in method close of sqlite3.Cursor object at 0x0000018C4DC3A640>) completed
2026-08-30 01:09:45,943 [INFO] sqlalchemy.engine.Engine: COMMIT
2026-08-30 01:09:45,943 [DEBUG] aiosqlite: executing functools.partial(<built-in method commit of sqlite3.Connection object at 0x0000018C4DB5A200>)
2026-08-30 01:09:45,943 [DEBUG] aiosqlite: operation functools.partial(<built-in method commit of sqlite3.Connection object at 0x0000018C4DB5A200>) completed
2026-08-30 01:09:45,943 [DEBUG] aiosqlite: executing functools.partial(<built-in method rollback of sqlite3.Connection object at 0x0000018C4DB5A200>)
2026-08-30 01:09:45,943 [DEBUG] aiosqlite: operation functools.partial(<built-in method rollback of sqlite3.Connection object at 0x0000018C4DB5A200>) completed
2026-08-30 01:09:45,943 [DEBUG] aiosqlite: executing functools.partial(<built-in method close of sqlite3.Connection object at 0x0000018C4DB5A200>)
2026-08-30 01:09:45,943 [DEBUG] aiosqlite: operation functools.partial(<built-in method close of sqlite3.Connection object at 0x0000018C4DB5A200>) completed
2026-08-30 01:09:50,959 [DEBUG] aiosqlite: executing <function connect.<locals>.connector at 0x0000018C4DC33240>
2026-08-30 01:09:50,967 [DEBUG] aiosqlite: operation <function connect.<locals>.connector at 0x0000018C4DC33240> completed
2026-08-30 01:09:50,967 [DEBUG] aiosqlite: executing functools.partial(<built-in method create_function of sqlite3.Connection object at 0x0000018C4DB5B970>, 'regexp', 2, <function SQLiteDialect_pysqlite.on_connect.<locals>.regexp at 0x0000018C4AFFA660>, deterministic=True)
2026-08-30 01:09:50,967 [DEBUG] aiosqlite: operation functools.partial(<built-in method create_function of sqlite3.Connection object at 0x0000018C4DB5B970>, 'regexp', 2, <function SQLiteDialect_pysqlite.on_connect.<locals>.regexp at 0x0000018C4AFFA660>, deterministic=True) completed
2026-08-30 01:09:50,967 [DEBUG] aiosqlite: executing functools.partial(<built-in method create_function of sqlite3.Connection object at 0x0000018C4DB5B970>, 'floor', 1, <built-in function floor>, deterministic=True)
2026-08-30 01:09:50,969 [DEBUG] aiosqlite: operation functools.partial(<built-in method create_function of sqlite3.Connection object at 0x0000018C4DB5B970>, 'floor', 1, <built-in function floor>, deterministic=True) completed
2026-08-30 01:09:50,969 [INFO] sqlalchemy.engine.Engine: BEGIN (implicit)
2026-08-30 01:09:50,969 [INFO] sqlalchemy.engine.Engine: SELECT task.id, task.story_id, task.status, task.progress, task.current_step, task.retry_count, task.error_message, task.created_at, task.updated_at 
FROM task 
WHERE task.id = ?
2026-08-30 01:09:50,969 [INFO] sqlalchemy.engine.Engine: [cached since 427.7s ago] ('2773220ff25c46149fb7e0fbe8bfafca',)
2026-08-30 01:09:50,969 [DEBUG] aiosqlite: executing functools.partial(<built-in method cursor of sqlite3.Connection object at 0x0000018C4DB5B970>)
2026-08-30 01:09:50,969 [DEBUG] aiosqlite: operation functools.partial(<built-in method cursor of sqlite3.Connection object at 0x0000018C4DB5B970>) completed
2026-08-30 01:09:50,969 [DEBUG] aiosqlite: executing functools.partial(<built-in method execute of sqlite3.Cursor object at 0x0000018C4DC38940>, 'SELECT task.id, task.story_id, task.status, task.progress, task.current_step, task.retry_count, task.error_message, task.created_at, task.updated_at \nFROM task \nWHERE task.id = ?', ('2773220ff25c46149fb7e0fbe8bfafca',))
2026-08-30 01:09:50,969 [DEBUG] aiosqlite: operation functools.partial(<built-in method execute of sqlite3.Cursor object at 0x0000018C4DC38940>, 'SELECT task.id, task.story_id, task.status, task.progress, task.current_step, task.retry_count, task.error_message, task.created_at, task.updated_at \nFROM task \nWHERE task.id = ?', ('2773220ff25c46149fb7e0fbe8bfafca',)) completed
2026-08-30 01:09:50,969 [DEBUG] aiosqlite: executing functools.partial(<built-in method fetchall of sqlite3.Cursor object at 0x0000018C4DC38940>)
2026-08-30 01:09:50,969 [DEBUG] aiosqlite: operation functools.partial(<built-in method fetchall of sqlite3.Cursor object at 0x0000018C4DC38940>) completed
2026-08-30 01:09:50,969 [DEBUG] aiosqlite: executing functools.partial(<built-in method close of sqlite3.Cursor object at 0x0000018C4DC38940>)
2026-08-30 01:09:50,969 [DEBUG] aiosqlite: operation functools.partial(<built-in method close of sqlite3.Cursor object at 0x0000018C4DC38940>) completed
2026-08-30 01:09:50,969 [INFO] sqlalchemy.engine.Engine: COMMIT
2026-08-30 01:09:50,969 [DEBUG] aiosqlite: executing functools.partial(<built-in method commit of sqlite3.Connection object at 0x0000018C4DB5B970>)
2026-08-30 01:09:50,969 [DEBUG] aiosqlite: operation functools.partial(<built-in method commit of sqlite3.Connection object at 0x0000018C4DB5B970>) completed
2026-08-30 01:09:50,969 [DEBUG] aiosqlite: executing functools.partial(<built-in method rollback of sqlite3.Connection object at 0x0000018C4DB5B970>)
2026-08-30 01:09:50,969 [DEBUG] aiosqlite: operation functools.partial(<built-in method rollback of sqlite3.Connection object at 0x0000018C4DB5B970>) completed
2026-08-30 01:09:50,969 [DEBUG] aiosqlite: executing functools.partial(<built-in method close of sqlite3.Connection object at 0x0000018C4DB5B970>)
2026-08-30 01:09:50,969 [DEBUG] aiosqlite: operation functools.partial(<built-in method close of sqlite3.Connection object at 0x0000018C4DB5B970>) completed
2026-08-30 01:09:55,981 [DEBUG] aiosqlite: executing <function connect.<locals>.connector at 0x0000018C4DC33100>
2026-08-30 01:09:55,982 [DEBUG] aiosqlite: operation <function connect.<locals>.connector at 0x0000018C4DC33100> completed
2026-08-30 01:09:55,982 [DEBUG] aiosqlite: executing functools.partial(<built-in method create_function of sqlite3.Connection object at 0x0000018C4DB5BB50>, 'regexp', 2, <function SQLiteDialect_pysqlite.on_connect.<locals>.regexp at 0x0000018C4AFFA660>, deterministic=True)
2026-08-30 01:09:55,983 [DEBUG] aiosqlite: operation functools.partial(<built-in method create_function of sqlite3.Connection object at 0x0000018C4DB5BB50>, 'regexp', 2, <function SQLiteDialect_pysqlite.on_connect.<locals>.regexp at 0x0000018C4AFFA660>, deterministic=True) completed
2026-08-30 01:09:55,983 [DEBUG] aiosqlite: executing functools.partial(<built-in method create_function of sqlite3.Connection object at 0x0000018C4DB5BB50>, 'floor', 1, <built-in function floor>, deterministic=True)
2026-08-30 01:09:55,983 [DEBUG] aiosqlite: operation functools.partial(<built-in method create_function of sqlite3.Connection object at 0x0000018C4DB5BB50>, 'floor', 1, <built-in function floor>, deterministic=True) completed
2026-08-30 01:09:55,983 [INFO] sqlalchemy.engine.Engine: BEGIN (implicit)
2026-08-30 01:09:55,984 [INFO] sqlalchemy.engine.Engine: SELECT task.id, task.story_id, task.status, task.progress, task.current_step, task.retry_count, task.error_message, task.created_at, task.updated_at 
FROM task 
WHERE task.id = ?
2026-08-30 01:09:55,984 [INFO] sqlalchemy.engine.Engine: [cached since 432.8s ago] ('2773220ff25c46149fb7e0fbe8bfafca',)
2026-08-30 01:09:55,984 [DEBUG] aiosqlite: executing functools.partial(<built-in method cursor of sqlite3.Connection object at 0x0000018C4DB5BB50>)
2026-08-30 01:09:55,986 [DEBUG] aiosqlite: operation functools.partial(<built-in method cursor of sqlite3.Connection object at 0x0000018C4DB5BB50>) completed
2026-08-30 01:09:55,986 [DEBUG] aiosqlite: executing functools.partial(<built-in method execute of sqlite3.Cursor object at 0x0000018C4DC3A5C0>, 'SELECT task.id, task.story_id, task.status, task.progress, task.current_step, task.retry_count, task.error_message, task.created_at, task.updated_at \nFROM task \nWHERE task.id = ?', ('2773220ff25c46149fb7e0fbe8bfafca',))
2026-08-30 01:09:55,986 [DEBUG] aiosqlite: operation functools.partial(<built-in method execute of sqlite3.Cursor object at 0x0000018C4DC3A5C0>, 'SELECT task.id, task.story_id, task.status, task.progress, task.current_step, task.retry_count, task.error_message, task.created_at, task.updated_at \nFROM task \nWHERE task.id = ?', ('2773220ff25c46149fb7e0fbe8bfafca',)) completed
2026-08-30 01:09:55,986 [DEBUG] aiosqlite: executing functools.partial(<built-in method fetchall of sqlite3.Cursor object at 0x0000018C4DC3A5C0>)
2026-08-30 01:09:55,986 [DEBUG] aiosqlite: operation functools.partial(<built-in method fetchall of sqlite3.Cursor object at 0x0000018C4DC3A5C0>) completed
2026-08-30 01:09:55,987 [DEBUG] aiosqlite: executing functools.partial(<built-in method close of sqlite3.Cursor object at 0x0000018C4DC3A5C0>)
2026-08-30 01:09:55,987 [DEBUG] aiosqlite: operation functools.partial(<built-in method close of sqlite3.Cursor object at 0x0000018C4DC3A5C0>) completed
2026-08-30 01:09:55,988 [INFO] sqlalchemy.engine.Engine: COMMIT
2026-08-30 01:09:55,988 [DEBUG] aiosqlite: executing functools.partial(<built-in method commit of sqlite3.Connection object at 0x0000018C4DB5BB50>)
2026-08-30 01:09:55,988 [DEBUG] aiosqlite: operation functools.partial(<built-in method commit of sqlite3.Connection object at 0x0000018C4DB5BB50>) completed
2026-08-30 01:09:55,988 [DEBUG] aiosqlite: executing functools.partial(<built-in method rollback of sqlite3.Connection object at 0x0000018C4DB5BB50>)
2026-08-30 01:09:55,989 [DEBUG] aiosqlite: operation functools.partial(<built-in method rollback of sqlite3.Connection object at 0x0000018C4DB5BB50>) completed
2026-08-30 01:09:55,989 [DEBUG] aiosqlite: executing functools.partial(<built-in method close of sqlite3.Connection object at 0x0000018C4DB5BB50>)
2026-08-30 01:09:55,989 [DEBUG] aiosqlite: operation functools.partial(<built-in method close of sqlite3.Connection object at 0x0000018C4DB5BB50>) completed
2026-08-30 01:10:00,998 [DEBUG] aiosqlite: executing <function connect.<locals>.connector at 0x0000018C4DC334C0>
2026-08-30 01:10:01,008 [DEBUG] aiosqlite: operation <function connect.<locals>.connector at 0x0000018C4DC334C0> completed
2026-08-30 01:10:01,010 [DEBUG] aiosqlite: executing functools.partial(<built-in method create_function of sqlite3.Connection object at 0x0000018C4DB5A980>, 'regexp', 2, <function SQLiteDialect_pysqlite.on_connect.<locals>.regexp at 0x0000018C4AFFA660>, deterministic=True)
2026-08-30 01:10:01,010 [DEBUG] aiosqlite: operation functools.partial(<built-in method create_function of sqlite3.Connection object at 0x0000018C4DB5A980>, 'regexp', 2, <function SQLiteDialect_pysqlite.on_connect.<locals>.regexp at 0x0000018C4AFFA660>, deterministic=True) completed
2026-08-30 01:10:01,010 [DEBUG] aiosqlite: executing functools.partial(<built-in method create_function of sqlite3.Connection object at 0x0000018C4DB5A980>, 'floor', 1, <built-in function floor>, deterministic=True)
2026-08-30 01:10:01,010 [DEBUG] aiosqlite: operation functools.partial(<built-in method create_function of sqlite3.Connection object at 0x0000018C4DB5A980>, 'floor', 1, <built-in function floor>, deterministic=True) completed
2026-08-30 01:10:01,010 [INFO] sqlalchemy.engine.Engine: BEGIN (implicit)
2026-08-30 01:10:01,010 [INFO] sqlalchemy.engine.Engine: SELECT task.id, task.story_id, task.status, task.progress, task.current_step, task.retry_count, task.error_message, task.created_at, task.updated_at 
FROM task 
WHERE task.id = ?
2026-08-30 01:10:01,010 [INFO] sqlalchemy.engine.Engine: [cached since 437.8s ago] ('2773220ff25c46149fb7e0fbe8bfafca',)
2026-08-30 01:10:01,010 [DEBUG] aiosqlite: executing functools.partial(<built-in method cursor of sqlite3.Connection object at 0x0000018C4DB5A980>)
2026-08-30 01:10:01,010 [DEBUG] aiosqlite: operation functools.partial(<built-in method cursor of sqlite3.Connection object at 0x0000018C4DB5A980>) completed
2026-08-30 01:10:01,010 [DEBUG] aiosqlite: executing functools.partial(<built-in method execute of sqlite3.Cursor object at 0x0000018C4DC39AC0>, 'SELECT task.id, task.story_id, task.status, task.progress, task.current_step, task.retry_count, task.error_message, task.created_at, task.updated_at \nFROM task \nWHERE task.id = ?', ('2773220ff25c46149fb7e0fbe8bfafca',))
2026-08-30 01:10:01,010 [DEBUG] aiosqlite: operation functools.partial(<built-in method execute of sqlite3.Cursor object at 0x0000018C4DC39AC0>, 'SELECT task.id, task.story_id, task.status, task.progress, task.current_step, task.retry_count, task.error_message, task.created_at, task.updated_at \nFROM task \nWHERE task.id = ?', ('2773220ff25c46149fb7e0fbe8bfafca',)) completed
2026-08-30 01:10:01,010 [DEBUG] aiosqlite: executing functools.partial(<built-in method fetchall of sqlite3.Cursor object at 0x0000018C4DC39AC0>)
2026-08-30 01:10:01,010 [DEBUG] aiosqlite: operation functools.partial(<built-in method fetchall of sqlite3.Cursor object at 0x0000018C4DC39AC0>) completed
2026-08-30 01:10:01,010 [DEBUG] aiosqlite: executing functools.partial(<built-in method close of sqlite3.Cursor object at 0x0000018C4DC39AC0>)
2026-08-30 01:10:01,010 [DEBUG] aiosqlite: operation functools.partial(<built-in method close of sqlite3.Cursor object at 0x0000018C4DC39AC0>) completed
2026-08-30 01:10:01,010 [INFO] sqlalchemy.engine.Engine: COMMIT
2026-08-30 01:10:01,010 [DEBUG] aiosqlite: executing functools.partial(<built-in method commit of sqlite3.Connection object at 0x0000018C4DB5A980>)
2026-08-30 01:10:01,010 [DEBUG] aiosqlite: operation functools.partial(<built-in method commit of sqlite3.Connection object at 0x0000018C4DB5A980>) completed
2026-08-30 01:10:01,010 [DEBUG] aiosqlite: executing functools.partial(<built-in method rollback of sqlite3.Connection object at 0x0000018C4DB5A980>)
2026-08-30 01:10:01,010 [DEBUG] aiosqlite: operation functools.partial(<built-in method rollback of sqlite3.Connection object at 0x0000018C4DB5A980>) completed
2026-08-30 01:10:01,010 [DEBUG] aiosqlite: executing functools.partial(<built-in method close of sqlite3.Connection object at 0x0000018C4DB5A980>)
2026-08-30 01:10:01,010 [DEBUG] aiosqlite: operation functools.partial(<built-in method close of sqlite3.Connection object at 0x0000018C4DB5A980>) completed
2026-08-30 01:10:06,025 [DEBUG] aiosqlite: executing <function connect.<locals>.connector at 0x0000018C4DC31DA0>
2026-08-30 01:10:06,036 [DEBUG] aiosqlite: operation <function connect.<locals>.connector at 0x0000018C4DC31DA0> completed
2026-08-30 01:10:06,038 [DEBUG] aiosqlite: executing functools.partial(<built-in method create_function of sqlite3.Connection object at 0x0000018C4DC6C130>, 'regexp', 2, <function SQLiteDialect_pysqlite.on_connect.<locals>.regexp at 0x0000018C4AFFA660>, deterministic=True)
2026-08-30 01:10:06,038 [DEBUG] aiosqlite: operation functools.partial(<built-in method create_function of sqlite3.Connection object at 0x0000018C4DC6C130>, 'regexp', 2, <function SQLiteDialect_pysqlite.on_connect.<locals>.regexp at 0x0000018C4AFFA660>, deterministic=True) completed
2026-08-30 01:10:06,039 [DEBUG] aiosqlite: executing functools.partial(<built-in method create_function of sqlite3.Connection object at 0x0000018C4DC6C130>, 'floor', 1, <built-in function floor>, deterministic=True)
2026-08-30 01:10:06,039 [DEBUG] aiosqlite: operation functools.partial(<built-in method create_function of sqlite3.Connection object at 0x0000018C4DC6C130>, 'floor', 1, <built-in function floor>, deterministic=True) completed
2026-08-30 01:10:06,040 [INFO] sqlalchemy.engine.Engine: BEGIN (implicit)
2026-08-30 01:10:06,040 [INFO] sqlalchemy.engine.Engine: SELECT task.id, task.story_id, task.status, task.progress, task.current_step, task.retry_count, task.error_message, task.created_at, task.updated_at 
FROM task 
WHERE task.id = ?
2026-08-30 01:10:06,041 [INFO] sqlalchemy.engine.Engine: [cached since 442.8s ago] ('2773220ff25c46149fb7e0fbe8bfafca',)
2026-08-30 01:10:06,041 [DEBUG] aiosqlite: executing functools.partial(<built-in method cursor of sqlite3.Connection object at 0x0000018C4DC6C130>)
2026-08-30 01:10:06,041 [DEBUG] aiosqlite: operation functools.partial(<built-in method cursor of sqlite3.Connection object at 0x0000018C4DC6C130>) completed
2026-08-30 01:10:06,042 [DEBUG] aiosqlite: executing functools.partial(<built-in method execute of sqlite3.Cursor object at 0x0000018C4DC38A40>, 'SELECT task.id, task.story_id, task.status, task.progress, task.current_step, task.retry_count, task.error_message, task.created_at, task.updated_at \nFROM task \nWHERE task.id = ?', ('2773220ff25c46149fb7e0fbe8bfafca',))
2026-08-30 01:10:06,043 [DEBUG] aiosqlite: operation functools.partial(<built-in method execute of sqlite3.Cursor object at 0x0000018C4DC38A40>, 'SELECT task.id, task.story_id, task.status, task.progress, task.current_step, task.retry_count, task.error_message, task.created_at, task.updated_at \nFROM task \nWHERE task.id = ?', ('2773220ff25c46149fb7e0fbe8bfafca',)) completed
2026-08-30 01:10:06,043 [DEBUG] aiosqlite: executing functools.partial(<built-in method fetchall of sqlite3.Cursor object at 0x0000018C4DC38A40>)
2026-08-30 01:10:06,044 [DEBUG] aiosqlite: operation functools.partial(<built-in method fetchall of sqlite3.Cursor object at 0x0000018C4DC38A40>) completed
2026-08-30 01:10:06,044 [DEBUG] aiosqlite: executing functools.partial(<built-in method close of sqlite3.Cursor object at 0x0000018C4DC38A40>)
2026-08-30 01:10:06,044 [DEBUG] aiosqlite: operation functools.partial(<built-in method close of sqlite3.Cursor object at 0x0000018C4DC38A40>) completed
2026-08-30 01:10:06,045 [INFO] sqlalchemy.engine.Engine: COMMIT
2026-08-30 01:10:06,045 [DEBUG] aiosqlite: executing functools.partial(<built-in method commit of sqlite3.Connection object at 0x0000018C4DC6C130>)
2026-08-30 01:10:06,045 [DEBUG] aiosqlite: operation functools.partial(<built-in method commit of sqlite3.Connection object at 0x0000018C4DC6C130>) completed
2026-08-30 01:10:06,045 [DEBUG] aiosqlite: executing functools.partial(<built-in method rollback of sqlite3.Connection object at 0x0000018C4DC6C130>)
2026-08-30 01:10:06,045 [DEBUG] aiosqlite: operation functools.partial(<built-in method rollback of sqlite3.Connection object at 0x0000018C4DC6C130>) completed
2026-08-30 01:10:06,045 [DEBUG] aiosqlite: executing functools.partial(<built-in method close of sqlite3.Connection object at 0x0000018C4DC6C130>)
2026-08-30 01:10:06,045 [DEBUG] aiosqlite: operation functools.partial(<built-in method close of sqlite3.Connection object at 0x0000018C4DC6C130>) completed
2026-08-30 01:10:11,056 [DEBUG] aiosqlite: executing <function connect.<locals>.connector at 0x0000018C4DC331A0>
2026-08-30 01:10:11,061 [DEBUG] aiosqlite: operation <function connect.<locals>.connector at 0x0000018C4DC331A0> completed
2026-08-30 01:10:11,061 [DEBUG] aiosqlite: executing functools.partial(<built-in method create_function of sqlite3.Connection object at 0x0000018C4DC6C220>, 'regexp', 2, <function SQLiteDialect_pysqlite.on_connect.<locals>.regexp at 0x0000018C4AFFA660>, deterministic=True)
2026-08-30 01:10:11,063 [DEBUG] aiosqlite: operation functools.partial(<built-in method create_function of sqlite3.Connection object at 0x0000018C4DC6C220>, 'regexp', 2, <function SQLiteDialect_pysqlite.on_connect.<locals>.regexp at 0x0000018C4AFFA660>, deterministic=True) completed
2026-08-30 01:10:11,064 [DEBUG] aiosqlite: executing functools.partial(<built-in method create_function of sqlite3.Connection object at 0x0000018C4DC6C220>, 'floor', 1, <built-in function floor>, deterministic=True)
2026-08-30 01:10:11,064 [DEBUG] aiosqlite: operation functools.partial(<built-in method create_function of sqlite3.Connection object at 0x0000018C4DC6C220>, 'floor', 1, <built-in function floor>, deterministic=True) completed
2026-08-30 01:10:11,064 [INFO] sqlalchemy.engine.Engine: BEGIN (implicit)
2026-08-30 01:10:11,066 [INFO] sqlalchemy.engine.Engine: SELECT task.id, task.story_id, task.status, task.progress, task.current_step, task.retry_count, task.error_message, task.created_at, task.updated_at 
FROM task 
WHERE task.id = ?
2026-08-30 01:10:11,066 [INFO] sqlalchemy.engine.Engine: [cached since 447.8s ago] ('2773220ff25c46149fb7e0fbe8bfafca',)
2026-08-30 01:10:11,066 [DEBUG] aiosqlite: executing functools.partial(<built-in method cursor of sqlite3.Connection object at 0x0000018C4DC6C220>)
2026-08-30 01:10:11,066 [DEBUG] aiosqlite: operation functools.partial(<built-in method cursor of sqlite3.Connection object at 0x0000018C4DC6C220>) completed
2026-08-30 01:10:11,068 [DEBUG] aiosqlite: executing functools.partial(<built-in method execute of sqlite3.Cursor object at 0x0000018C4DC387C0>, 'SELECT task.id, task.story_id, task.status, task.progress, task.current_step, task.retry_count, task.error_message, task.created_at, task.updated_at \nFROM task \nWHERE task.id = ?', ('2773220ff25c46149fb7e0fbe8bfafca',))
2026-08-30 01:10:11,068 [DEBUG] aiosqlite: operation functools.partial(<built-in method execute of sqlite3.Cursor object at 0x0000018C4DC387C0>, 'SELECT task.id, task.story_id, task.status, task.progress, task.current_step, task.retry_count, task.error_message, task.created_at, task.updated_at \nFROM task \nWHERE task.id = ?', ('2773220ff25c46149fb7e0fbe8bfafca',)) completed
2026-08-30 01:10:11,070 [DEBUG] aiosqlite: executing functools.partial(<built-in method fetchall of sqlite3.Cursor object at 0x0000018C4DC387C0>)
2026-08-30 01:10:11,070 [DEBUG] aiosqlite: operation functools.partial(<built-in method fetchall of sqlite3.Cursor object at 0x0000018C4DC387C0>) completed
2026-08-30 01:10:11,070 [DEBUG] aiosqlite: executing functools.partial(<built-in method close of sqlite3.Cursor object at 0x0000018C4DC387C0>)
2026-08-30 01:10:11,070 [DEBUG] aiosqlite: operation functools.partial(<built-in method close of sqlite3.Cursor object at 0x0000018C4DC387C0>) completed
2026-08-30 01:10:11,070 [INFO] sqlalchemy.engine.Engine: COMMIT
2026-08-30 01:10:11,072 [DEBUG] aiosqlite: executing functools.partial(<built-in method commit of sqlite3.Connection object at 0x0000018C4DC6C220>)
2026-08-30 01:10:11,072 [DEBUG] aiosqlite: operation functools.partial(<built-in method commit of sqlite3.Connection object at 0x0000018C4DC6C220>) completed
2026-08-30 01:10:11,072 [DEBUG] aiosqlite: executing functools.partial(<built-in method rollback of sqlite3.Connection object at 0x0000018C4DC6C220>)
2026-08-30 01:10:11,072 [DEBUG] aiosqlite: operation functools.partial(<built-in method rollback of sqlite3.Connection object at 0x0000018C4DC6C220>) completed
2026-08-30 01:10:11,072 [DEBUG] aiosqlite: executing functools.partial(<built-in method close of sqlite3.Connection object at 0x0000018C4DC6C220>)
2026-08-30 01:10:11,072 [DEBUG] aiosqlite: operation functools.partial(<built-in method close of sqlite3.Connection object at 0x0000018C4DC6C220>) completed
2026-08-30 01:10:16,081 [DEBUG] aiosqlite: executing <function connect.<locals>.connector at 0x0000018C4DC302C0>
2026-08-30 01:10:16,092 [DEBUG] aiosqlite: operation <function connect.<locals>.connector at 0x0000018C4DC302C0> completed
2026-08-30 01:10:16,094 [DEBUG] aiosqlite: executing functools.partial(<built-in method create_function of sqlite3.Connection object at 0x0000018C4DC6C4F0>, 'regexp', 2, <function SQLiteDialect_pysqlite.on_connect.<locals>.regexp at 0x0000018C4AFFA660>, deterministic=True)
2026-08-30 01:10:16,094 [DEBUG] aiosqlite: operation functools.partial(<built-in method create_function of sqlite3.Connection object at 0x0000018C4DC6C4F0>, 'regexp', 2, <function SQLiteDialect_pysqlite.on_connect.<locals>.regexp at 0x0000018C4AFFA660>, deterministic=True) completed
2026-08-30 01:10:16,094 [DEBUG] aiosqlite: executing functools.partial(<built-in method create_function of sqlite3.Connection object at 0x0000018C4DC6C4F0>, 'floor', 1, <built-in function floor>, deterministic=True)
2026-08-30 01:10:16,094 [DEBUG] aiosqlite: operation functools.partial(<built-in method create_function of sqlite3.Connection object at 0x0000018C4DC6C4F0>, 'floor', 1, <built-in function floor>, deterministic=True) completed
2026-08-30 01:10:16,094 [INFO] sqlalchemy.engine.Engine: BEGIN (implicit)
2026-08-30 01:10:16,094 [INFO] sqlalchemy.engine.Engine: SELECT task.id, task.story_id, task.status, task.progress, task.current_step, task.retry_count, task.error_message, task.created_at, task.updated_at 
FROM task 
WHERE task.id = ?
2026-08-30 01:10:16,096 [INFO] sqlalchemy.engine.Engine: [cached since 452.9s ago] ('2773220ff25c46149fb7e0fbe8bfafca',)
2026-08-30 01:10:16,096 [DEBUG] aiosqlite: executing functools.partial(<built-in method cursor of sqlite3.Connection object at 0x0000018C4DC6C4F0>)
2026-08-30 01:10:16,096 [DEBUG] aiosqlite: operation functools.partial(<built-in method cursor of sqlite3.Connection object at 0x0000018C4DC6C4F0>) completed
2026-08-30 01:10:16,096 [DEBUG] aiosqlite: executing functools.partial(<built-in method execute of sqlite3.Cursor object at 0x0000018C4DC39A40>, 'SELECT task.id, task.story_id, task.status, task.progress, task.current_step, task.retry_count, task.error_message, task.created_at, task.updated_at \nFROM task \nWHERE task.id = ?', ('2773220ff25c46149fb7e0fbe8bfafca',))
2026-08-30 01:10:16,096 [DEBUG] aiosqlite: operation functools.partial(<built-in method execute of sqlite3.Cursor object at 0x0000018C4DC39A40>, 'SELECT task.id, task.story_id, task.status, task.progress, task.current_step, task.retry_count, task.error_message, task.created_at, task.updated_at \nFROM task \nWHERE task.id = ?', ('2773220ff25c46149fb7e0fbe8bfafca',)) completed
2026-08-30 01:10:16,096 [DEBUG] aiosqlite: executing functools.partial(<built-in method fetchall of sqlite3.Cursor object at 0x0000018C4DC39A40>)
2026-08-30 01:10:16,098 [DEBUG] aiosqlite: operation functools.partial(<built-in method fetchall of sqlite3.Cursor object at 0x0000018C4DC39A40>) completed
2026-08-30 01:10:16,098 [DEBUG] aiosqlite: executing functools.partial(<built-in method close of sqlite3.Cursor object at 0x0000018C4DC39A40>)
2026-08-30 01:10:16,098 [DEBUG] aiosqlite: operation functools.partial(<built-in method close of sqlite3.Cursor object at 0x0000018C4DC39A40>) completed
2026-08-30 01:10:16,098 [INFO] sqlalchemy.engine.Engine: COMMIT
2026-08-30 01:10:16,098 [DEBUG] aiosqlite: executing functools.partial(<built-in method commit of sqlite3.Connection object at 0x0000018C4DC6C4F0>)
2026-08-30 01:10:16,098 [DEBUG] aiosqlite: operation functools.partial(<built-in method commit of sqlite3.Connection object at 0x0000018C4DC6C4F0>) completed
2026-08-30 01:10:16,098 [DEBUG] aiosqlite: executing functools.partial(<built-in method rollback of sqlite3.Connection object at 0x0000018C4DC6C4F0>)
2026-08-30 01:10:16,098 [DEBUG] aiosqlite: operation functools.partial(<built-in method rollback of sqlite3.Connection object at 0x0000018C4DC6C4F0>) completed
2026-08-30 01:10:16,098 [DEBUG] aiosqlite: executing functools.partial(<built-in method close of sqlite3.Connection object at 0x0000018C4DC6C4F0>)
2026-08-30 01:10:16,098 [DEBUG] aiosqlite: operation functools.partial(<built-in method close of sqlite3.Connection object at 0x0000018C4DC6C4F0>) completed
2026-08-30 01:10:21,142 [DEBUG] aiosqlite: executing <function connect.<locals>.connector at 0x0000018C4DC320C0>
2026-08-30 01:10:21,150 [DEBUG] aiosqlite: operation <function connect.<locals>.connector at 0x0000018C4DC320C0> completed
2026-08-30 01:10:21,150 [DEBUG] aiosqlite: executing functools.partial(<built-in method create_function of sqlite3.Connection object at 0x0000018C4DC6C7C0>, 'regexp', 2, <function SQLiteDialect_pysqlite.on_connect.<locals>.regexp at 0x0000018C4AFFA660>, deterministic=True)
2026-08-30 01:10:21,150 [DEBUG] aiosqlite: operation functools.partial(<built-in method create_function of sqlite3.Connection object at 0x0000018C4DC6C7C0>, 'regexp', 2, <function SQLiteDialect_pysqlite.on_connect.<locals>.regexp at 0x0000018C4AFFA660>, deterministic=True) completed
2026-08-30 01:10:21,150 [DEBUG] aiosqlite: executing functools.partial(<built-in method create_function of sqlite3.Connection object at 0x0000018C4DC6C7C0>, 'floor', 1, <built-in function floor>, deterministic=True)
2026-08-30 01:10:21,150 [DEBUG] aiosqlite: operation functools.partial(<built-in method create_function of sqlite3.Connection object at 0x0000018C4DC6C7C0>, 'floor', 1, <built-in function floor>, deterministic=True) completed
2026-08-30 01:10:21,150 [INFO] sqlalchemy.engine.Engine: BEGIN (implicit)
2026-08-30 01:10:21,150 [INFO] sqlalchemy.engine.Engine: SELECT task.id, task.story_id, task.status, task.progress, task.current_step, task.retry_count, task.error_message, task.created_at, task.updated_at 
FROM task 
WHERE task.id = ?
2026-08-30 01:10:21,150 [INFO] sqlalchemy.engine.Engine: [cached since 457.9s ago] ('2773220ff25c46149fb7e0fbe8bfafca',)
2026-08-30 01:10:21,150 [DEBUG] aiosqlite: executing functools.partial(<built-in method cursor of sqlite3.Connection object at 0x0000018C4DC6C7C0>)
2026-08-30 01:10:21,150 [DEBUG] aiosqlite: operation functools.partial(<built-in method cursor of sqlite3.Connection object at 0x0000018C4DC6C7C0>) completed
2026-08-30 01:10:21,150 [DEBUG] aiosqlite: executing functools.partial(<built-in method execute of sqlite3.Cursor object at 0x0000018C4DC39AC0>, 'SELECT task.id, task.story_id, task.status, task.progress, task.current_step, task.retry_count, task.error_message, task.created_at, task.updated_at \nFROM task \nWHERE task.id = ?', ('2773220ff25c46149fb7e0fbe8bfafca',))
2026-08-30 01:10:21,150 [DEBUG] aiosqlite: operation functools.partial(<built-in method execute of sqlite3.Cursor object at 0x0000018C4DC39AC0>, 'SELECT task.id, task.story_id, task.status, task.progress, task.current_step, task.retry_count, task.error_message, task.created_at, task.updated_at \nFROM task \nWHERE task.id = ?', ('2773220ff25c46149fb7e0fbe8bfafca',)) completed
2026-08-30 01:10:21,150 [DEBUG] aiosqlite: executing functools.partial(<built-in method fetchall of sqlite3.Cursor object at 0x0000018C4DC39AC0>)
2026-08-30 01:10:21,150 [DEBUG] aiosqlite: operation functools.partial(<built-in method fetchall of sqlite3.Cursor object at 0x0000018C4DC39AC0>) completed
2026-08-30 01:10:21,150 [DEBUG] aiosqlite: executing functools.partial(<built-in method close of sqlite3.Cursor object at 0x0000018C4DC39AC0>)
2026-08-30 01:10:21,150 [DEBUG] aiosqlite: operation functools.partial(<built-in method close of sqlite3.Cursor object at 0x0000018C4DC39AC0>) completed
2026-08-30 01:10:21,150 [INFO] sqlalchemy.engine.Engine: COMMIT
2026-08-30 01:10:21,150 [DEBUG] aiosqlite: executing functools.partial(<built-in method commit of sqlite3.Connection object at 0x0000018C4DC6C7C0>)
2026-08-30 01:10:21,150 [DEBUG] aiosqlite: operation functools.partial(<built-in method commit of sqlite3.Connection object at 0x0000018C4DC6C7C0>) completed
2026-08-30 01:10:21,150 [DEBUG] aiosqlite: executing functools.partial(<built-in method rollback of sqlite3.Connection object at 0x0000018C4DC6C7C0>)
2026-08-30 01:10:21,150 [DEBUG] aiosqlite: operation functools.partial(<built-in method rollback of sqlite3.Connection object at 0x0000018C4DC6C7C0>) completed
2026-08-30 01:10:21,150 [DEBUG] aiosqlite: executing functools.partial(<built-in method close of sqlite3.Connection object at 0x0000018C4DC6C7C0>)
2026-08-30 01:10:21,150 [DEBUG] aiosqlite: operation functools.partial(<built-in method close of sqlite3.Connection object at 0x0000018C4DC6C7C0>) completed
2026-08-30 01:10:26,176 [DEBUG] aiosqlite: executing <function connect.<locals>.connector at 0x0000018C4DC33600>
2026-08-30 01:10:26,187 [DEBUG] aiosqlite: operation <function connect.<locals>.connector at 0x0000018C4DC33600> completed
2026-08-30 01:10:26,187 [DEBUG] aiosqlite: executing functools.partial(<built-in method create_function of sqlite3.Connection object at 0x0000018C4DC6CA90>, 'regexp', 2, <function SQLiteDialect_pysqlite.on_connect.<locals>.regexp at 0x0000018C4AFFA660>, deterministic=True)
2026-08-30 01:10:26,187 [DEBUG] aiosqlite: operation functools.partial(<built-in method create_function of sqlite3.Connection object at 0x0000018C4DC6CA90>, 'regexp', 2, <function SQLiteDialect_pysqlite.on_connect.<locals>.regexp at 0x0000018C4AFFA660>, deterministic=True) completed
2026-08-30 01:10:26,187 [DEBUG] aiosqlite: executing functools.partial(<built-in method create_function of sqlite3.Connection object at 0x0000018C4DC6CA90>, 'floor', 1, <built-in function floor>, deterministic=True)
2026-08-30 01:10:26,187 [DEBUG] aiosqlite: operation functools.partial(<built-in method create_function of sqlite3.Connection object at 0x0000018C4DC6CA90>, 'floor', 1, <built-in function floor>, deterministic=True) completed
2026-08-30 01:10:26,191 [INFO] sqlalchemy.engine.Engine: BEGIN (implicit)
2026-08-30 01:10:26,191 [INFO] sqlalchemy.engine.Engine: SELECT task.id, task.story_id, task.status, task.progress, task.current_step, task.retry_count, task.error_message, task.created_at, task.updated_at 
FROM task 
WHERE task.id = ?
2026-08-30 01:10:26,193 [INFO] sqlalchemy.engine.Engine: [cached since 463s ago] ('2773220ff25c46149fb7e0fbe8bfafca',)
2026-08-30 01:10:26,193 [DEBUG] aiosqlite: executing functools.partial(<built-in method cursor of sqlite3.Connection object at 0x0000018C4DC6CA90>)
2026-08-30 01:10:26,193 [DEBUG] aiosqlite: operation functools.partial(<built-in method cursor of sqlite3.Connection object at 0x0000018C4DC6CA90>) completed
2026-08-30 01:10:26,193 [DEBUG] aiosqlite: executing functools.partial(<built-in method execute of sqlite3.Cursor object at 0x0000018C4DC3BD40>, 'SELECT task.id, task.story_id, task.status, task.progress, task.current_step, task.retry_count, task.error_message, task.created_at, task.updated_at \nFROM task \nWHERE task.id = ?', ('2773220ff25c46149fb7e0fbe8bfafca',))
2026-08-30 01:10:26,195 [DEBUG] aiosqlite: operation functools.partial(<built-in method execute of sqlite3.Cursor object at 0x0000018C4DC3BD40>, 'SELECT task.id, task.story_id, task.status, task.progress, task.current_step, task.retry_count, task.error_message, task.created_at, task.updated_at \nFROM task \nWHERE task.id = ?', ('2773220ff25c46149fb7e0fbe8bfafca',)) completed
2026-08-30 01:10:26,197 [DEBUG] aiosqlite: executing functools.partial(<built-in method fetchall of sqlite3.Cursor object at 0x0000018C4DC3BD40>)
2026-08-30 01:10:26,197 [DEBUG] aiosqlite: operation functools.partial(<built-in method fetchall of sqlite3.Cursor object at 0x0000018C4DC3BD40>) completed
2026-08-30 01:10:26,197 [DEBUG] aiosqlite: executing functools.partial(<built-in method close of sqlite3.Cursor object at 0x0000018C4DC3BD40>)
2026-08-30 01:10:26,197 [DEBUG] aiosqlite: operation functools.partial(<built-in method close of sqlite3.Cursor object at 0x0000018C4DC3BD40>) completed
2026-08-30 01:10:26,197 [INFO] sqlalchemy.engine.Engine: COMMIT
2026-08-30 01:10:26,199 [DEBUG] aiosqlite: executing functools.partial(<built-in method commit of sqlite3.Connection object at 0x0000018C4DC6CA90>)
2026-08-30 01:10:26,199 [DEBUG] aiosqlite: operation functools.partial(<built-in method commit of sqlite3.Connection object at 0x0000018C4DC6CA90>) completed
2026-08-30 01:10:26,199 [DEBUG] aiosqlite: executing functools.partial(<built-in method rollback of sqlite3.Connection object at 0x0000018C4DC6CA90>)
2026-08-30 01:10:26,199 [DEBUG] aiosqlite: operation functools.partial(<built-in method rollback of sqlite3.Connection object at 0x0000018C4DC6CA90>) completed
2026-08-30 01:10:26,199 [DEBUG] aiosqlite: executing functools.partial(<built-in method close of sqlite3.Connection object at 0x0000018C4DC6CA90>)
2026-08-30 01:10:26,199 [DEBUG] aiosqlite: operation functools.partial(<built-in method close of sqlite3.Connection object at 0x0000018C4DC6CA90>) completed
2026-08-30 01:10:31,209 [DEBUG] aiosqlite: executing <function connect.<locals>.connector at 0x0000018C4DC32980>
2026-08-30 01:10:31,221 [DEBUG] aiosqlite: operation <function connect.<locals>.connector at 0x0000018C4DC32980> completed
2026-08-30 01:10:31,221 [DEBUG] aiosqlite: executing functools.partial(<built-in method create_function of sqlite3.Connection object at 0x0000018C4DC6CD60>, 'regexp', 2, <function SQLiteDialect_pysqlite.on_connect.<locals>.regexp at 0x0000018C4AFFA660>, deterministic=True)
2026-08-30 01:10:31,221 [DEBUG] aiosqlite: operation functools.partial(<built-in method create_function of sqlite3.Connection object at 0x0000018C4DC6CD60>, 'regexp', 2, <function SQLiteDialect_pysqlite.on_connect.<locals>.regexp at 0x0000018C4AFFA660>, deterministic=True) completed
2026-08-30 01:10:31,223 [DEBUG] aiosqlite: executing functools.partial(<built-in method create_function of sqlite3.Connection object at 0x0000018C4DC6CD60>, 'floor', 1, <built-in function floor>, deterministic=True)
2026-08-30 01:10:31,223 [DEBUG] aiosqlite: operation functools.partial(<built-in method create_function of sqlite3.Connection object at 0x0000018C4DC6CD60>, 'floor', 1, <built-in function floor>, deterministic=True) completed
2026-08-30 01:10:31,223 [INFO] sqlalchemy.engine.Engine: BEGIN (implicit)
2026-08-30 01:10:31,225 [INFO] sqlalchemy.engine.Engine: SELECT task.id, task.story_id, task.status, task.progress, task.current_step, task.retry_count, task.error_message, task.created_at, task.updated_at 
FROM task 
WHERE task.id = ?
2026-08-30 01:10:31,225 [INFO] sqlalchemy.engine.Engine: [cached since 468s ago] ('2773220ff25c46149fb7e0fbe8bfafca',)
2026-08-30 01:10:31,225 [DEBUG] aiosqlite: executing functools.partial(<built-in method cursor of sqlite3.Connection object at 0x0000018C4DC6CD60>)
2026-08-30 01:10:31,227 [DEBUG] aiosqlite: operation functools.partial(<built-in method cursor of sqlite3.Connection object at 0x0000018C4DC6CD60>) completed
2026-08-30 01:10:31,227 [DEBUG] aiosqlite: executing functools.partial(<built-in method execute of sqlite3.Cursor object at 0x0000018C4DC385C0>, 'SELECT task.id, task.story_id, task.status, task.progress, task.current_step, task.retry_count, task.error_message, task.created_at, task.updated_at \nFROM task \nWHERE task.id = ?', ('2773220ff25c46149fb7e0fbe8bfafca',))
2026-08-30 01:10:31,227 [DEBUG] aiosqlite: operation functools.partial(<built-in method execute of sqlite3.Cursor object at 0x0000018C4DC385C0>, 'SELECT task.id, task.story_id, task.status, task.progress, task.current_step, task.retry_count, task.error_message, task.created_at, task.updated_at \nFROM task \nWHERE task.id = ?', ('2773220ff25c46149fb7e0fbe8bfafca',)) completed
2026-08-30 01:10:31,229 [DEBUG] aiosqlite: executing functools.partial(<built-in method fetchall of sqlite3.Cursor object at 0x0000018C4DC385C0>)
2026-08-30 01:10:31,229 [DEBUG] aiosqlite: operation functools.partial(<built-in method fetchall of sqlite3.Cursor object at 0x0000018C4DC385C0>) completed
2026-08-30 01:10:31,229 [DEBUG] aiosqlite: executing functools.partial(<built-in method close of sqlite3.Cursor object at 0x0000018C4DC385C0>)
2026-08-30 01:10:31,229 [DEBUG] aiosqlite: operation functools.partial(<built-in method close of sqlite3.Cursor object at 0x0000018C4DC385C0>) completed
2026-08-30 01:10:31,229 [INFO] sqlalchemy.engine.Engine: COMMIT
2026-08-30 01:10:31,231 [DEBUG] aiosqlite: executing functools.partial(<built-in method commit of sqlite3.Connection object at 0x0000018C4DC6CD60>)
2026-08-30 01:10:31,231 [DEBUG] aiosqlite: operation functools.partial(<built-in method commit of sqlite3.Connection object at 0x0000018C4DC6CD60>) completed
2026-08-30 01:10:31,231 [DEBUG] aiosqlite: executing functools.partial(<built-in method rollback of sqlite3.Connection object at 0x0000018C4DC6CD60>)
2026-08-30 01:10:31,231 [DEBUG] aiosqlite: operation functools.partial(<built-in method rollback of sqlite3.Connection object at 0x0000018C4DC6CD60>) completed
2026-08-30 01:10:31,231 [DEBUG] aiosqlite: executing functools.partial(<built-in method close of sqlite3.Connection object at 0x0000018C4DC6CD60>)
2026-08-30 01:10:31,231 [DEBUG] aiosqlite: operation functools.partial(<built-in method close of sqlite3.Connection object at 0x0000018C4DC6CD60>) completed
2026-08-30 01:10:36,241 [DEBUG] aiosqlite: executing <function connect.<locals>.connector at 0x0000018C4DC31620>
2026-08-30 01:10:36,251 [DEBUG] aiosqlite: operation <function connect.<locals>.connector at 0x0000018C4DC31620> completed
2026-08-30 01:10:36,251 [DEBUG] aiosqlite: executing functools.partial(<built-in method create_function of sqlite3.Connection object at 0x0000018C4DC6D030>, 'regexp', 2, <function SQLiteDialect_pysqlite.on_connect.<locals>.regexp at 0x0000018C4AFFA660>, deterministic=True)
2026-08-30 01:10:36,251 [DEBUG] aiosqlite: operation functools.partial(<built-in method create_function of sqlite3.Connection object at 0x0000018C4DC6D030>, 'regexp', 2, <function SQLiteDialect_pysqlite.on_connect.<locals>.regexp at 0x0000018C4AFFA660>, deterministic=True) completed
2026-08-30 01:10:36,251 [DEBUG] aiosqlite: executing functools.partial(<built-in method create_function of sqlite3.Connection object at 0x0000018C4DC6D030>, 'floor', 1, <built-in function floor>, deterministic=True)
2026-08-30 01:10:36,251 [DEBUG] aiosqlite: operation functools.partial(<built-in method create_function of sqlite3.Connection object at 0x0000018C4DC6D030>, 'floor', 1, <built-in function floor>, deterministic=True) completed
2026-08-30 01:10:36,251 [INFO] sqlalchemy.engine.Engine: BEGIN (implicit)
2026-08-30 01:10:36,251 [INFO] sqlalchemy.engine.Engine: SELECT task.id, task.story_id, task.status, task.progress, task.current_step, task.retry_count, task.error_message, task.created_at, task.updated_at 
FROM task 
WHERE task.id = ?
2026-08-30 01:10:36,251 [INFO] sqlalchemy.engine.Engine: [cached since 473s ago] ('2773220ff25c46149fb7e0fbe8bfafca',)
2026-08-30 01:10:36,251 [DEBUG] aiosqlite: executing functools.partial(<built-in method cursor of sqlite3.Connection object at 0x0000018C4DC6D030>)
2026-08-30 01:10:36,251 [DEBUG] aiosqlite: operation functools.partial(<built-in method cursor of sqlite3.Connection object at 0x0000018C4DC6D030>) completed
2026-08-30 01:10:36,251 [DEBUG] aiosqlite: executing functools.partial(<built-in method execute of sqlite3.Cursor object at 0x0000018C4DC388C0>, 'SELECT task.id, task.story_id, task.status, task.progress, task.current_step, task.retry_count, task.error_message, task.created_at, task.updated_at \nFROM task \nWHERE task.id = ?', ('2773220ff25c46149fb7e0fbe8bfafca',))
2026-08-30 01:10:36,251 [DEBUG] aiosqlite: operation functools.partial(<built-in method execute of sqlite3.Cursor object at 0x0000018C4DC388C0>, 'SELECT task.id, task.story_id, task.status, task.progress, task.current_step, task.retry_count, task.error_message, task.created_at, task.updated_at \nFROM task \nWHERE task.id = ?', ('2773220ff25c46149fb7e0fbe8bfafca',)) completed
2026-08-30 01:10:36,251 [DEBUG] aiosqlite: executing functools.partial(<built-in method fetchall of sqlite3.Cursor object at 0x0000018C4DC388C0>)
2026-08-30 01:10:36,251 [DEBUG] aiosqlite: operation functools.partial(<built-in method fetchall of sqlite3.Cursor object at 0x0000018C4DC388C0>) completed
2026-08-30 01:10:36,251 [DEBUG] aiosqlite: executing functools.partial(<built-in method close of sqlite3.Cursor object at 0x0000018C4DC388C0>)
2026-08-30 01:10:36,251 [DEBUG] aiosqlite: operation functools.partial(<built-in method close of sqlite3.Cursor object at 0x0000018C4DC388C0>) completed
2026-08-30 01:10:36,251 [INFO] sqlalchemy.engine.Engine: COMMIT
2026-08-30 01:10:36,251 [DEBUG] aiosqlite: executing functools.partial(<built-in method commit of sqlite3.Connection object at 0x0000018C4DC6D030>)
2026-08-30 01:10:36,251 [DEBUG] aiosqlite: operation functools.partial(<built-in method commit of sqlite3.Connection object at 0x0000018C4DC6D030>) completed
2026-08-30 01:10:36,251 [DEBUG] aiosqlite: executing functools.partial(<built-in method rollback of sqlite3.Connection object at 0x0000018C4DC6D030>)
2026-08-30 01:10:36,251 [DEBUG] aiosqlite: operation functools.partial(<built-in method rollback of sqlite3.Connection object at 0x0000018C4DC6D030>) completed
2026-08-30 01:10:36,251 [DEBUG] aiosqlite: executing functools.partial(<built-in method close of sqlite3.Connection object at 0x0000018C4DC6D030>)
2026-08-30 01:10:36,251 [DEBUG] aiosqlite: operation functools.partial(<built-in method close of sqlite3.Connection object at 0x0000018C4DC6D030>) completed
2026-08-30 01:10:41,271 [DEBUG] aiosqlite: executing <function connect.<locals>.connector at 0x0000018C4DC337E0>
2026-08-30 01:10:41,280 [DEBUG] aiosqlite: operation <function connect.<locals>.connector at 0x0000018C4DC337E0> completed
2026-08-30 01:10:41,280 [DEBUG] aiosqlite: executing functools.partial(<built-in method create_function of sqlite3.Connection object at 0x0000018C4DC6D300>, 'regexp', 2, <function SQLiteDialect_pysqlite.on_connect.<locals>.regexp at 0x0000018C4AFFA660>, deterministic=True)
2026-08-30 01:10:41,280 [DEBUG] aiosqlite: operation functools.partial(<built-in method create_function of sqlite3.Connection object at 0x0000018C4DC6D300>, 'regexp', 2, <function SQLiteDialect_pysqlite.on_connect.<locals>.regexp at 0x0000018C4AFFA660>, deterministic=True) completed
2026-08-30 01:10:41,280 [DEBUG] aiosqlite: executing functools.partial(<built-in method create_function of sqlite3.Connection object at 0x0000018C4DC6D300>, 'floor', 1, <built-in function floor>, deterministic=True)
2026-08-30 01:10:41,280 [DEBUG] aiosqlite: operation functools.partial(<built-in method create_function of sqlite3.Connection object at 0x0000018C4DC6D300>, 'floor', 1, <built-in function floor>, deterministic=True) completed
2026-08-30 01:10:41,280 [INFO] sqlalchemy.engine.Engine: BEGIN (implicit)
2026-08-30 01:10:41,280 [INFO] sqlalchemy.engine.Engine: SELECT task.id, task.story_id, task.status, task.progress, task.current_step, task.retry_count, task.error_message, task.created_at, task.updated_at 
FROM task 
WHERE task.id = ?
2026-08-30 01:10:41,280 [INFO] sqlalchemy.engine.Engine: [cached since 478s ago] ('2773220ff25c46149fb7e0fbe8bfafca',)
2026-08-30 01:10:41,280 [DEBUG] aiosqlite: executing functools.partial(<built-in method cursor of sqlite3.Connection object at 0x0000018C4DC6D300>)
2026-08-30 01:10:41,280 [DEBUG] aiosqlite: operation functools.partial(<built-in method cursor of sqlite3.Connection object at 0x0000018C4DC6D300>) completed
2026-08-30 01:10:41,280 [DEBUG] aiosqlite: executing functools.partial(<built-in method execute of sqlite3.Cursor object at 0x0000018C4DC39540>, 'SELECT task.id, task.story_id, task.status, task.progress, task.current_step, task.retry_count, task.error_message, task.created_at, task.updated_at \nFROM task \nWHERE task.id = ?', ('2773220ff25c46149fb7e0fbe8bfafca',))
2026-08-30 01:10:41,280 [DEBUG] aiosqlite: operation functools.partial(<built-in method execute of sqlite3.Cursor object at 0x0000018C4DC39540>, 'SELECT task.id, task.story_id, task.status, task.progress, task.current_step, task.retry_count, task.error_message, task.created_at, task.updated_at \nFROM task \nWHERE task.id = ?', ('2773220ff25c46149fb7e0fbe8bfafca',)) completed
2026-08-30 01:10:41,280 [DEBUG] aiosqlite: executing functools.partial(<built-in method fetchall of sqlite3.Cursor object at 0x0000018C4DC39540>)
2026-08-30 01:10:41,280 [DEBUG] aiosqlite: operation functools.partial(<built-in method fetchall of sqlite3.Cursor object at 0x0000018C4DC39540>) completed
2026-08-30 01:10:41,280 [DEBUG] aiosqlite: executing functools.partial(<built-in method close of sqlite3.Cursor object at 0x0000018C4DC39540>)
2026-08-30 01:10:41,280 [DEBUG] aiosqlite: operation functools.partial(<built-in method close of sqlite3.Cursor object at 0x0000018C4DC39540>) completed
2026-08-30 01:10:41,280 [INFO] sqlalchemy.engine.Engine: COMMIT
2026-08-30 01:10:41,280 [DEBUG] aiosqlite: executing functools.partial(<built-in method commit of sqlite3.Connection object at 0x0000018C4DC6D300>)
2026-08-30 01:10:41,280 [DEBUG] aiosqlite: operation functools.partial(<built-in method commit of sqlite3.Connection object at 0x0000018C4DC6D300>) completed
2026-08-30 01:10:41,280 [DEBUG] aiosqlite: executing functools.partial(<built-in method rollback of sqlite3.Connection object at 0x0000018C4DC6D300>)
2026-08-30 01:10:41,280 [DEBUG] aiosqlite: operation functools.partial(<built-in method rollback of sqlite3.Connection object at 0x0000018C4DC6D300>) completed
2026-08-30 01:10:41,280 [DEBUG] aiosqlite: executing functools.partial(<built-in method close of sqlite3.Connection object at 0x0000018C4DC6D300>)
2026-08-30 01:10:41,280 [DEBUG] aiosqlite: operation functools.partial(<built-in method close of sqlite3.Connection object at 0x0000018C4DC6D300>) completed
2026-08-30 01:10:46,297 [DEBUG] aiosqlite: executing <function connect.<locals>.connector at 0x0000018C4DC320C0>
2026-08-30 01:10:46,306 [DEBUG] aiosqlite: operation <function connect.<locals>.connector at 0x0000018C4DC320C0> completed
2026-08-30 01:10:46,307 [DEBUG] aiosqlite: executing functools.partial(<built-in method create_function of sqlite3.Connection object at 0x0000018C4DC6D5D0>, 'regexp', 2, <function SQLiteDialect_pysqlite.on_connect.<locals>.regexp at 0x0000018C4AFFA660>, deterministic=True)
2026-08-30 01:10:46,307 [DEBUG] aiosqlite: operation functools.partial(<built-in method create_function of sqlite3.Connection object at 0x0000018C4DC6D5D0>, 'regexp', 2, <function SQLiteDialect_pysqlite.on_connect.<locals>.regexp at 0x0000018C4AFFA660>, deterministic=True) completed
2026-08-30 01:10:46,308 [DEBUG] aiosqlite: executing functools.partial(<built-in method create_function of sqlite3.Connection object at 0x0000018C4DC6D5D0>, 'floor', 1, <built-in function floor>, deterministic=True)
2026-08-30 01:10:46,308 [DEBUG] aiosqlite: operation functools.partial(<built-in method create_function of sqlite3.Connection object at 0x0000018C4DC6D5D0>, 'floor', 1, <built-in function floor>, deterministic=True) completed
2026-08-30 01:10:46,308 [INFO] sqlalchemy.engine.Engine: BEGIN (implicit)
2026-08-30 01:10:46,309 [INFO] sqlalchemy.engine.Engine: SELECT task.id, task.story_id, task.status, task.progress, task.current_step, task.retry_count, task.error_message, task.created_at, task.updated_at 
FROM task 
WHERE task.id = ?
2026-08-30 01:10:46,310 [INFO] sqlalchemy.engine.Engine: [cached since 483.1s ago] ('2773220ff25c46149fb7e0fbe8bfafca',)
2026-08-30 01:10:46,310 [DEBUG] aiosqlite: executing functools.partial(<built-in method cursor of sqlite3.Connection object at 0x0000018C4DC6D5D0>)
2026-08-30 01:10:46,310 [DEBUG] aiosqlite: operation functools.partial(<built-in method cursor of sqlite3.Connection object at 0x0000018C4DC6D5D0>) completed
2026-08-30 01:10:46,310 [DEBUG] aiosqlite: executing functools.partial(<built-in method execute of sqlite3.Cursor object at 0x0000018C4DBF8DC0>, 'SELECT task.id, task.story_id, task.status, task.progress, task.current_step, task.retry_count, task.error_message, task.created_at, task.updated_at \nFROM task \nWHERE task.id = ?', ('2773220ff25c46149fb7e0fbe8bfafca',))
2026-08-30 01:10:46,310 [DEBUG] aiosqlite: operation functools.partial(<built-in method execute of sqlite3.Cursor object at 0x0000018C4DBF8DC0>, 'SELECT task.id, task.story_id, task.status, task.progress, task.current_step, task.retry_count, task.error_message, task.created_at, task.updated_at \nFROM task \nWHERE task.id = ?', ('2773220ff25c46149fb7e0fbe8bfafca',)) completed
2026-08-30 01:10:46,310 [DEBUG] aiosqlite: executing functools.partial(<built-in method fetchall of sqlite3.Cursor object at 0x0000018C4DBF8DC0>)
2026-08-30 01:10:46,310 [DEBUG] aiosqlite: operation functools.partial(<built-in method fetchall of sqlite3.Cursor object at 0x0000018C4DBF8DC0>) completed
2026-08-30 01:10:46,310 [DEBUG] aiosqlite: executing functools.partial(<built-in method close of sqlite3.Cursor object at 0x0000018C4DBF8DC0>)
2026-08-30 01:10:46,310 [DEBUG] aiosqlite: operation functools.partial(<built-in method close of sqlite3.Cursor object at 0x0000018C4DBF8DC0>) completed
2026-08-30 01:10:46,310 [INFO] sqlalchemy.engine.Engine: COMMIT
2026-08-30 01:10:46,310 [DEBUG] aiosqlite: executing functools.partial(<built-in method commit of sqlite3.Connection object at 0x0000018C4DC6D5D0>)
2026-08-30 01:10:46,310 [DEBUG] aiosqlite: operation functools.partial(<built-in method commit of sqlite3.Connection object at 0x0000018C4DC6D5D0>) completed
2026-08-30 01:10:46,310 [DEBUG] aiosqlite: executing functools.partial(<built-in method rollback of sqlite3.Connection object at 0x0000018C4DC6D5D0>)
2026-08-30 01:10:46,310 [DEBUG] aiosqlite: operation functools.partial(<built-in method rollback of sqlite3.Connection object at 0x0000018C4DC6D5D0>) completed
2026-08-30 01:10:46,310 [DEBUG] aiosqlite: executing functools.partial(<built-in method close of sqlite3.Connection object at 0x0000018C4DC6D5D0>)
2026-08-30 01:10:46,310 [DEBUG] aiosqlite: operation functools.partial(<built-in method close of sqlite3.Connection object at 0x0000018C4DC6D5D0>) completed
2026-08-30 01:10:49,740 [DEBUG] httpcore.http11: receive_response_body.complete
2026-08-30 01:10:49,748 [DEBUG] httpcore.http11: response_closed.started
2026-08-30 01:10:49,748 [DEBUG] httpcore.http11: response_closed.complete
2026-08-30 01:10:49,748 [DEBUG] openai._base_client: HTTP Response: POST https://api.deepseek.com/v1/chat/completions "200 OK" Headers({'server': 'openresty', 'content-type': 'application/json', 'vary': 'origin, access-control-request-method, access-control-request-headers', 'access-control-allow-credentials': 'true', 'x-ds-trace-id': '1c85a95e9945f9871265a5d512a2ccf7', 'strict-transport-security': 'max-age=31536000; includeSubDomains; preload', 'x-content-type-options': 'nosniff', 'transfer-encoding': 'chunked', 'connection': 'keep-alive', 'date': 'Sat, 29 Aug 2026 17:09:16 GMT', 'eo-log-uuid': '12678180751955392831', 'eo-cache-status': 'MISS'})
2026-08-30 01:10:49,748 [DEBUG] openai._base_client: request_id: None
2026-08-30 01:10:49,752 [INFO] agents.storyboard_agent: Generating storyboard for episode 4 | story_id=8ad45d6c-4e70-4b92-8884-7500f2973209
2026-08-30 01:10:49,757 [DEBUG] openai._base_client: Request options: {'method': 'post', 'url': '/chat/completions', 'files': None, 'idempotency_key': 'stainless-python-retry-b5b52022-0024-4f59-b3da-66f02f2c6b2f', 'json_data': {'messages': [{'content': '你是一位资深动画分镜师，擅长将剧本拆解为精确的分镜脚本。\n你需要根据每集的剧本内容，生成逐场景的分镜描述，每个场景将用于AI图像生成。\n\n分镜原则：\n1. **镜头语言**：合理运用远景、中景、近景、特写、俯拍、仰拍等镜头\n2. **场景切换**：每个场景之间要有自然的过渡逻辑\n3. **角色一致性**：场景描述中必须精确引用角色外观，确保AI生成图像时角色形象一致\n4. **时长合理**：每个场景3-8秒，对话场景适当延长\n5. **画面构图**：每个场景的prompt要包含画面构图、光影、色调等细节\n\n可用镜头类型：\n- 远景（wide shot）：展示环境和氛围\n- 中景（medium shot）：展示人物上半身和互动\n- 近景（close-up）：展示人物面部表情\n- 特写（extreme close-up）：展示细节（眼睛、手、物品）\n- 俯拍（high angle shot）：从上往下看\n- 仰拍（low angle shot）：从下往上看\n\n输出必须是合法JSON数组，每个元素格式：\n{"scene": 1, "camera": "中景", "duration": 5, "prompt": "英文图像生成prompt", "characters": ["角色A"], "dialogue": "台词"}\n', 'role': 'system'}, {'content': '请为以下剧集生成分镜脚本：\n\n## 剧集信息\n第4集：代码后门\n剧情概要：暗影之首通过林默被裁的旧电脑入侵现实，揭示林默三年前写的算法是两界通道的钥匙。夜影提出牺牲自己封门，林默却以程序员的后门技巧找到翻盘机会。\n\n## 完整剧本\n【林默出租屋，傍晚】\n三人正在讨论下一块碎片的位置，桌上的旧电脑忽然自动亮起，屏幕上代码如瀑布般滚落。\n音响里传出低沉的笑声： “林默，你写下的‘门’，让我找到了出口。”\n林默脸色大变： “这是我三年前写的那个加密算法……当时已经删除了！”\n暗影之首的声音： “删除？你只是丢进了回收站。暗影的力量，可以找回一切。”\n屏幕上涌出黑雾，在半空凝聚成形。\n暗影之首： “夜晚降临，我将借这座‘桥’降临此界。除非你亲手毁掉通道——但那样，你的世界也会崩溃。”\n小雨： “不行！”\n夜影沉声道： “还有一个办法。用我的守护之心作燃料，将通道永远封印。”\n小雨震惊： “你会死的！”\n夜影看着小雨： “公主，我答应过陪你千年。可这一次，请让我任性一回。”\n林默：“不——一定有别的办法！”\n他坐下来，快速敲击键盘。\n林默： “你不是很熟我的代码吗？但你别忘了，我是作者。我给自己留了一扇后门。”\n他在代码末尾输入一行注释： //if rain { cat.open(); }\n夜影看着那行字，忽然笑了一声： “凡人，你还真会玩。”\n林默： “明日午时，我让这扇门变形。你就有机会趁虚而入，把它封死。”\n夜影沉默片刻： “你确定能成功？”\n林默： “我是程序员，我从不写必死代码。”\n小雨看着林默，眼泪无声滑落。\n\n## 角色外观参考（请严格保持一致）\n林默: Messy short black hair, unkempt and slightly overgrown, with strands sticking out in different directions., Pale sallow face, heavy dark circles under the eyes, tired but intense gaze., Thin and lanky, around 175cm, slightly hunched posture; appears tired and underweight., wearing Worn plaid shirt over a plain T-shirt, loose blue jeans, and scuffed white sneakers; black-rimmed glasses.\n夜影: Short, sleek black fur covering the entire body, glossy in the light., Golden vertical slit pupils, sharp and contemptuous expression, left ear has a visible notch; sleek whiskers., Lean and agile cat body, medium-sized, with a tail that can transform into a golden light chain; when burning life, golden flames envelop the whole form., wearing No clothing; natural black fur only.\n小雨: Long dark hair tied into a neat high ponytail, with a few loose strands framing her face., Soft, gentle face with warm eyes; after awakening, her pupils turn into shimmering starlight color., Slender and graceful, about 160cm tall; a small glowing star-shaped mark appears on her wrist., wearing A simple white dress that falls to her knees, with faint star-pattern embroidery on the hem; no heavy accessories.\n暗影之首: No hair; the entire form is a swirling, conscious black mist., No visible mouth or nose; two narrow, elongated scarlet eyes glow from within the darkness, radiating malice., Amorphous; can condense into a tall humanoid silhouette with no solid mass, or attach to electronic devices; height and build are unstable, shifting like smoke., wearing No clothes; instead, dark mist and shadow fragments form an ever-shifting cloak around the figure.\n\n## 要求\n1. 根据剧本内容，将每个关键场景拆分为独立的分镜\n2. 每个场景的prompt必须用英文编写，格式为：\n   "anime style, [镜头类型], [场景环境描述], [角色外观描述], [动作/表情描述], [光影/氛围], high quality, detailed"\n3. 角色外观必须完整引用上面的参考信息\n4. 每个场景的dialogue字段填写该场景对应的台词，无台词则为空字符串\n5. 每集生成5到10个场景\n\n请直接输出JSON数组，不要包含其他文字。\n', 'role': 'user'}], 'model': 'deepseek-v4-flash', 'max_tokens': 16384, 'n': 1, 'stream': False, 'temperature': 0.4}}
2026-08-30 01:10:49,757 [DEBUG] openai._base_client: Sending HTTP Request: POST https://api.deepseek.com/v1/chat/completions
2026-08-30 01:10:49,757 [DEBUG] httpcore.http11: send_request_headers.started request=<Request [b'POST']>
2026-08-30 01:10:49,757 [DEBUG] httpcore.http11: send_request_headers.complete
2026-08-30 01:10:49,762 [DEBUG] httpcore.http11: send_request_body.started request=<Request [b'POST']>
2026-08-30 01:10:49,763 [DEBUG] httpcore.http11: send_request_body.complete
2026-08-30 01:10:49,763 [DEBUG] httpcore.http11: receive_response_headers.started request=<Request [b'POST']>
2026-08-30 01:10:50,031 [DEBUG] httpcore.http11: receive_response_headers.complete return_value=(b'HTTP/1.1', 200, b'OK', [(b'Server', b'openresty'), (b'Content-Type', b'application/json'), (b'vary', b'origin, access-control-request-method, access-control-request-headers'), (b'access-control-allow-credentials', b'true'), (b'x-ds-trace-id', b'9be3c56446e34a16aecb646637c6003d'), (b'Strict-Transport-Security', b'max-age=31536000; includeSubDomains; preload'), (b'X-Content-Type-Options', b'nosniff'), (b'Transfer-Encoding', b'chunked'), (b'Connection', b'keep-alive'), (b'Date', b'Sat, 29 Aug 2026 17:10:50 GMT'), (b'EO-LOG-UUID', b'11009131229758890672'), (b'EO-Cache-Status', b'MISS')])
2026-08-30 01:10:50,040 [INFO] httpx: HTTP Request: POST https://api.deepseek.com/v1/chat/completions "HTTP/1.1 200 OK"
2026-08-30 01:10:50,040 [DEBUG] httpcore.http11: receive_response_body.started request=<Request [b'POST']>
2026-08-30 01:10:51,327 [DEBUG] aiosqlite: executing <function connect.<locals>.connector at 0x0000018C4DC31F80>
2026-08-30 01:10:51,337 [DEBUG] aiosqlite: operation <function connect.<locals>.connector at 0x0000018C4DC31F80> completed
2026-08-30 01:10:51,337 [DEBUG] aiosqlite: executing functools.partial(<built-in method create_function of sqlite3.Connection object at 0x0000018C4DB5BB50>, 'regexp', 2, <function SQLiteDialect_pysqlite.on_connect.<locals>.regexp at 0x0000018C4AFFA660>, deterministic=True)
2026-08-30 01:10:51,337 [DEBUG] aiosqlite: operation functools.partial(<built-in method create_function of sqlite3.Connection object at 0x0000018C4DB5BB50>, 'regexp', 2, <function SQLiteDialect_pysqlite.on_connect.<locals>.regexp at 0x0000018C4AFFA660>, deterministic=True) completed
2026-08-30 01:10:51,337 [DEBUG] aiosqlite: executing functools.partial(<built-in method create_function of sqlite3.Connection object at 0x0000018C4DB5BB50>, 'floor', 1, <built-in function floor>, deterministic=True)
2026-08-30 01:10:51,337 [DEBUG] aiosqlite: operation functools.partial(<built-in method create_function of sqlite3.Connection object at 0x0000018C4DB5BB50>, 'floor', 1, <built-in function floor>, deterministic=True) completed
2026-08-30 01:10:51,337 [INFO] sqlalchemy.engine.Engine: BEGIN (implicit)
2026-08-30 01:10:51,337 [INFO] sqlalchemy.engine.Engine: SELECT task.id, task.story_id, task.status, task.progress, task.current_step, task.retry_count, task.error_message, task.created_at, task.updated_at 
FROM task 
WHERE task.id = ?
2026-08-30 01:10:51,337 [INFO] sqlalchemy.engine.Engine: [cached since 488.1s ago] ('2773220ff25c46149fb7e0fbe8bfafca',)
2026-08-30 01:10:51,337 [DEBUG] aiosqlite: executing functools.partial(<built-in method cursor of sqlite3.Connection object at 0x0000018C4DB5BB50>)
2026-08-30 01:10:51,337 [DEBUG] aiosqlite: operation functools.partial(<built-in method cursor of sqlite3.Connection object at 0x0000018C4DB5BB50>) completed
2026-08-30 01:10:51,337 [DEBUG] aiosqlite: executing functools.partial(<built-in method execute of sqlite3.Cursor object at 0x0000018C4DC3BCC0>, 'SELECT task.id, task.story_id, task.status, task.progress, task.current_step, task.retry_count, task.error_message, task.created_at, task.updated_at \nFROM task \nWHERE task.id = ?', ('2773220ff25c46149fb7e0fbe8bfafca',))
2026-08-30 01:10:51,337 [DEBUG] aiosqlite: operation functools.partial(<built-in method execute of sqlite3.Cursor object at 0x0000018C4DC3BCC0>, 'SELECT task.id, task.story_id, task.status, task.progress, task.current_step, task.retry_count, task.error_message, task.created_at, task.updated_at \nFROM task \nWHERE task.id = ?', ('2773220ff25c46149fb7e0fbe8bfafca',)) completed
2026-08-30 01:10:51,337 [DEBUG] aiosqlite: executing functools.partial(<built-in method fetchall of sqlite3.Cursor object at 0x0000018C4DC3BCC0>)
2026-08-30 01:10:51,337 [DEBUG] aiosqlite: operation functools.partial(<built-in method fetchall of sqlite3.Cursor object at 0x0000018C4DC3BCC0>) completed
2026-08-30 01:10:51,337 [DEBUG] aiosqlite: executing functools.partial(<built-in method close of sqlite3.Cursor object at 0x0000018C4DC3BCC0>)
2026-08-30 01:10:51,337 [DEBUG] aiosqlite: operation functools.partial(<built-in method close of sqlite3.Cursor object at 0x0000018C4DC3BCC0>) completed
2026-08-30 01:10:51,337 [INFO] sqlalchemy.engine.Engine: COMMIT
2026-08-30 01:10:51,337 [DEBUG] aiosqlite: executing functools.partial(<built-in method commit of sqlite3.Connection object at 0x0000018C4DB5BB50>)
2026-08-30 01:10:51,337 [DEBUG] aiosqlite: operation functools.partial(<built-in method commit of sqlite3.Connection object at 0x0000018C4DB5BB50>) completed
2026-08-30 01:10:51,337 [DEBUG] aiosqlite: executing functools.partial(<built-in method rollback of sqlite3.Connection object at 0x0000018C4DB5BB50>)
2026-08-30 01:10:51,337 [DEBUG] aiosqlite: operation functools.partial(<built-in method rollback of sqlite3.Connection object at 0x0000018C4DB5BB50>) completed
2026-08-30 01:10:51,337 [DEBUG] aiosqlite: executing functools.partial(<built-in method close of sqlite3.Connection object at 0x0000018C4DB5BB50>)
2026-08-30 01:10:51,337 [DEBUG] aiosqlite: operation functools.partial(<built-in method close of sqlite3.Connection object at 0x0000018C4DB5BB50>) completed
2026-08-30 01:10:56,358 [DEBUG] aiosqlite: executing <function connect.<locals>.connector at 0x0000018C4DC31620>
2026-08-30 01:10:56,370 [DEBUG] aiosqlite: operation <function connect.<locals>.connector at 0x0000018C4DC31620> completed
2026-08-30 01:10:56,370 [DEBUG] aiosqlite: executing functools.partial(<built-in method create_function of sqlite3.Connection object at 0x0000018C4DBBC400>, 'regexp', 2, <function SQLiteDialect_pysqlite.on_connect.<locals>.regexp at 0x0000018C4AFFA660>, deterministic=True)
2026-08-30 01:10:56,370 [DEBUG] aiosqlite: operation functools.partial(<built-in method create_function of sqlite3.Connection object at 0x0000018C4DBBC400>, 'regexp', 2, <function SQLiteDialect_pysqlite.on_connect.<locals>.regexp at 0x0000018C4AFFA660>, deterministic=True) completed
2026-08-30 01:10:56,370 [DEBUG] aiosqlite: executing functools.partial(<built-in method create_function of sqlite3.Connection object at 0x0000018C4DBBC400>, 'floor', 1, <built-in function floor>, deterministic=True)
2026-08-30 01:10:56,370 [DEBUG] aiosqlite: operation functools.partial(<built-in method create_function of sqlite3.Connection object at 0x0000018C4DBBC400>, 'floor', 1, <built-in function floor>, deterministic=True) completed
2026-08-30 01:10:56,370 [INFO] sqlalchemy.engine.Engine: BEGIN (implicit)
2026-08-30 01:10:56,370 [INFO] sqlalchemy.engine.Engine: SELECT task.id, task.story_id, task.status, task.progress, task.current_step, task.retry_count, task.error_message, task.created_at, task.updated_at 
FROM task 
WHERE task.id = ?
2026-08-30 01:10:56,370 [INFO] sqlalchemy.engine.Engine: [cached since 493.1s ago] ('2773220ff25c46149fb7e0fbe8bfafca',)
2026-08-30 01:10:56,376 [DEBUG] aiosqlite: executing functools.partial(<built-in method cursor of sqlite3.Connection object at 0x0000018C4DBBC400>)
2026-08-30 01:10:56,376 [DEBUG] aiosqlite: operation functools.partial(<built-in method cursor of sqlite3.Connection object at 0x0000018C4DBBC400>) completed
2026-08-30 01:10:56,376 [DEBUG] aiosqlite: executing functools.partial(<built-in method execute of sqlite3.Cursor object at 0x0000018C4DC38940>, 'SELECT task.id, task.story_id, task.status, task.progress, task.current_step, task.retry_count, task.error_message, task.created_at, task.updated_at \nFROM task \nWHERE task.id = ?', ('2773220ff25c46149fb7e0fbe8bfafca',))
2026-08-30 01:10:56,376 [DEBUG] aiosqlite: operation functools.partial(<built-in method execute of sqlite3.Cursor object at 0x0000018C4DC38940>, 'SELECT task.id, task.story_id, task.status, task.progress, task.current_step, task.retry_count, task.error_message, task.created_at, task.updated_at \nFROM task \nWHERE task.id = ?', ('2773220ff25c46149fb7e0fbe8bfafca',)) completed
2026-08-30 01:10:56,376 [DEBUG] aiosqlite: executing functools.partial(<built-in method fetchall of sqlite3.Cursor object at 0x0000018C4DC38940>)
2026-08-30 01:10:56,376 [DEBUG] aiosqlite: operation functools.partial(<built-in method fetchall of sqlite3.Cursor object at 0x0000018C4DC38940>) completed
2026-08-30 01:10:56,376 [DEBUG] aiosqlite: executing functools.partial(<built-in method close of sqlite3.Cursor object at 0x0000018C4DC38940>)
2026-08-30 01:10:56,376 [DEBUG] aiosqlite: operation functools.partial(<built-in method close of sqlite3.Cursor object at 0x0000018C4DC38940>) completed
2026-08-30 01:10:56,376 [INFO] sqlalchemy.engine.Engine: COMMIT
2026-08-30 01:10:56,376 [DEBUG] aiosqlite: executing functools.partial(<built-in method commit of sqlite3.Connection object at 0x0000018C4DBBC400>)
2026-08-30 01:10:56,376 [DEBUG] aiosqlite: operation functools.partial(<built-in method commit of sqlite3.Connection object at 0x0000018C4DBBC400>) completed
2026-08-30 01:10:56,376 [DEBUG] aiosqlite: executing functools.partial(<built-in method rollback of sqlite3.Connection object at 0x0000018C4DBBC400>)
2026-08-30 01:10:56,376 [DEBUG] aiosqlite: operation functools.partial(<built-in method rollback of sqlite3.Connection object at 0x0000018C4DBBC400>) completed
2026-08-30 01:10:56,376 [DEBUG] aiosqlite: executing functools.partial(<built-in method close of sqlite3.Connection object at 0x0000018C4DBBC400>)
2026-08-30 01:10:56,376 [DEBUG] aiosqlite: operation functools.partial(<built-in method close of sqlite3.Connection object at 0x0000018C4DBBC400>) completed
2026-08-30 01:11:01,392 [DEBUG] aiosqlite: executing <function connect.<locals>.connector at 0x0000018C4DC33C40>
2026-08-30 01:11:01,404 [DEBUG] aiosqlite: operation <function connect.<locals>.connector at 0x0000018C4DC33C40> completed
2026-08-30 01:11:01,405 [DEBUG] aiosqlite: executing functools.partial(<built-in method create_function of sqlite3.Connection object at 0x0000018C4DBBC5E0>, 'regexp', 2, <function SQLiteDialect_pysqlite.on_connect.<locals>.regexp at 0x0000018C4AFFA660>, deterministic=True)
2026-08-30 01:11:01,405 [DEBUG] aiosqlite: operation functools.partial(<built-in method create_function of sqlite3.Connection object at 0x0000018C4DBBC5E0>, 'regexp', 2, <function SQLiteDialect_pysqlite.on_connect.<locals>.regexp at 0x0000018C4AFFA660>, deterministic=True) completed
2026-08-30 01:11:01,405 [DEBUG] aiosqlite: executing functools.partial(<built-in method create_function of sqlite3.Connection object at 0x0000018C4DBBC5E0>, 'floor', 1, <built-in function floor>, deterministic=True)
2026-08-30 01:11:01,405 [DEBUG] aiosqlite: operation functools.partial(<built-in method create_function of sqlite3.Connection object at 0x0000018C4DBBC5E0>, 'floor', 1, <built-in function floor>, deterministic=True) completed
2026-08-30 01:11:01,405 [INFO] sqlalchemy.engine.Engine: BEGIN (implicit)
2026-08-30 01:11:01,406 [INFO] sqlalchemy.engine.Engine: SELECT task.id, task.story_id, task.status, task.progress, task.current_step, task.retry_count, task.error_message, task.created_at, task.updated_at 
FROM task 
WHERE task.id = ?
2026-08-30 01:11:01,406 [INFO] sqlalchemy.engine.Engine: [cached since 498.2s ago] ('2773220ff25c46149fb7e0fbe8bfafca',)
2026-08-30 01:11:01,407 [DEBUG] aiosqlite: executing functools.partial(<built-in method cursor of sqlite3.Connection object at 0x0000018C4DBBC5E0>)
2026-08-30 01:11:01,407 [DEBUG] aiosqlite: operation functools.partial(<built-in method cursor of sqlite3.Connection object at 0x0000018C4DBBC5E0>) completed
2026-08-30 01:11:01,407 [DEBUG] aiosqlite: executing functools.partial(<built-in method execute of sqlite3.Cursor object at 0x0000018C4DC398C0>, 'SELECT task.id, task.story_id, task.status, task.progress, task.current_step, task.retry_count, task.error_message, task.created_at, task.updated_at \nFROM task \nWHERE task.id = ?', ('2773220ff25c46149fb7e0fbe8bfafca',))
2026-08-30 01:11:01,408 [DEBUG] aiosqlite: operation functools.partial(<built-in method execute of sqlite3.Cursor object at 0x0000018C4DC398C0>, 'SELECT task.id, task.story_id, task.status, task.progress, task.current_step, task.retry_count, task.error_message, task.created_at, task.updated_at \nFROM task \nWHERE task.id = ?', ('2773220ff25c46149fb7e0fbe8bfafca',)) completed
2026-08-30 01:11:01,408 [DEBUG] aiosqlite: executing functools.partial(<built-in method fetchall of sqlite3.Cursor object at 0x0000018C4DC398C0>)
2026-08-30 01:11:01,408 [DEBUG] aiosqlite: operation functools.partial(<built-in method fetchall of sqlite3.Cursor object at 0x0000018C4DC398C0>) completed
2026-08-30 01:11:01,408 [DEBUG] aiosqlite: executing functools.partial(<built-in method close of sqlite3.Cursor object at 0x0000018C4DC398C0>)
2026-08-30 01:11:01,408 [DEBUG] aiosqlite: operation functools.partial(<built-in method close of sqlite3.Cursor object at 0x0000018C4DC398C0>) completed
2026-08-30 01:11:01,408 [INFO] sqlalchemy.engine.Engine: COMMIT
2026-08-30 01:11:01,408 [DEBUG] aiosqlite: executing functools.partial(<built-in method commit of sqlite3.Connection object at 0x0000018C4DBBC5E0>)
2026-08-30 01:11:01,408 [DEBUG] aiosqlite: operation functools.partial(<built-in method commit of sqlite3.Connection object at 0x0000018C4DBBC5E0>) completed
2026-08-30 01:11:01,408 [DEBUG] aiosqlite: executing functools.partial(<built-in method rollback of sqlite3.Connection object at 0x0000018C4DBBC5E0>)
2026-08-30 01:11:01,408 [DEBUG] aiosqlite: operation functools.partial(<built-in method rollback of sqlite3.Connection object at 0x0000018C4DBBC5E0>) completed
2026-08-30 01:11:01,408 [DEBUG] aiosqlite: executing functools.partial(<built-in method close of sqlite3.Connection object at 0x0000018C4DBBC5E0>)
2026-08-30 01:11:01,408 [DEBUG] aiosqlite: operation functools.partial(<built-in method close of sqlite3.Connection object at 0x0000018C4DBBC5E0>) completed
2026-08-30 01:11:06,416 [DEBUG] aiosqlite: executing <function connect.<locals>.connector at 0x0000018C4DC311C0>
2026-08-30 01:11:06,425 [DEBUG] aiosqlite: operation <function connect.<locals>.connector at 0x0000018C4DC311C0> completed
2026-08-30 01:11:06,425 [DEBUG] aiosqlite: executing functools.partial(<built-in method create_function of sqlite3.Connection object at 0x0000018C4DBBE7A0>, 'regexp', 2, <function SQLiteDialect_pysqlite.on_connect.<locals>.regexp at 0x0000018C4AFFA660>, deterministic=True)
2026-08-30 01:11:06,425 [DEBUG] aiosqlite: operation functools.partial(<built-in method create_function of sqlite3.Connection object at 0x0000018C4DBBE7A0>, 'regexp', 2, <function SQLiteDialect_pysqlite.on_connect.<locals>.regexp at 0x0000018C4AFFA660>, deterministic=True) completed
2026-08-30 01:11:06,425 [DEBUG] aiosqlite: executing functools.partial(<built-in method create_function of sqlite3.Connection object at 0x0000018C4DBBE7A0>, 'floor', 1, <built-in function floor>, deterministic=True)
2026-08-30 01:11:06,425 [DEBUG] aiosqlite: operation functools.partial(<built-in method create_function of sqlite3.Connection object at 0x0000018C4DBBE7A0>, 'floor', 1, <built-in function floor>, deterministic=True) completed
2026-08-30 01:11:06,425 [INFO] sqlalchemy.engine.Engine: BEGIN (implicit)
2026-08-30 01:11:06,425 [INFO] sqlalchemy.engine.Engine: SELECT task.id, task.story_id, task.status, task.progress, task.current_step, task.retry_count, task.error_message, task.created_at, task.updated_at 
FROM task 
WHERE task.id = ?
2026-08-30 01:11:06,425 [INFO] sqlalchemy.engine.Engine: [cached since 503.2s ago] ('2773220ff25c46149fb7e0fbe8bfafca',)
2026-08-30 01:11:06,425 [DEBUG] aiosqlite: executing functools.partial(<built-in method cursor of sqlite3.Connection object at 0x0000018C4DBBE7A0>)
2026-08-30 01:11:06,425 [DEBUG] aiosqlite: operation functools.partial(<built-in method cursor of sqlite3.Connection object at 0x0000018C4DBBE7A0>) completed
2026-08-30 01:11:06,425 [DEBUG] aiosqlite: executing functools.partial(<built-in method execute of sqlite3.Cursor object at 0x0000018C4DC390C0>, 'SELECT task.id, task.story_id, task.status, task.progress, task.current_step, task.retry_count, task.error_message, task.created_at, task.updated_at \nFROM task \nWHERE task.id = ?', ('2773220ff25c46149fb7e0fbe8bfafca',))
2026-08-30 01:11:06,425 [DEBUG] aiosqlite: operation functools.partial(<built-in method execute of sqlite3.Cursor object at 0x0000018C4DC390C0>, 'SELECT task.id, task.story_id, task.status, task.progress, task.current_step, task.retry_count, task.error_message, task.created_at, task.updated_at \nFROM task \nWHERE task.id = ?', ('2773220ff25c46149fb7e0fbe8bfafca',)) completed
2026-08-30 01:11:06,425 [DEBUG] aiosqlite: executing functools.partial(<built-in method fetchall of sqlite3.Cursor object at 0x0000018C4DC390C0>)
2026-08-30 01:11:06,425 [DEBUG] aiosqlite: operation functools.partial(<built-in method fetchall of sqlite3.Cursor object at 0x0000018C4DC390C0>) completed
2026-08-30 01:11:06,425 [DEBUG] aiosqlite: executing functools.partial(<built-in method close of sqlite3.Cursor object at 0x0000018C4DC390C0>)
2026-08-30 01:11:06,425 [DEBUG] aiosqlite: operation functools.partial(<built-in method close of sqlite3.Cursor object at 0x0000018C4DC390C0>) completed
2026-08-30 01:11:06,425 [INFO] sqlalchemy.engine.Engine: COMMIT
2026-08-30 01:11:06,425 [DEBUG] aiosqlite: executing functools.partial(<built-in method commit of sqlite3.Connection object at 0x0000018C4DBBE7A0>)
2026-08-30 01:11:06,425 [DEBUG] aiosqlite: operation functools.partial(<built-in method commit of sqlite3.Connection object at 0x0000018C4DBBE7A0>) completed
2026-08-30 01:11:06,425 [DEBUG] aiosqlite: executing functools.partial(<built-in method rollback of sqlite3.Connection object at 0x0000018C4DBBE7A0>)
2026-08-30 01:11:06,425 [DEBUG] aiosqlite: operation functools.partial(<built-in method rollback of sqlite3.Connection object at 0x0000018C4DBBE7A0>) completed
2026-08-30 01:11:06,425 [DEBUG] aiosqlite: executing functools.partial(<built-in method close of sqlite3.Connection object at 0x0000018C4DBBE7A0>)
2026-08-30 01:11:06,425 [DEBUG] aiosqlite: operation functools.partial(<built-in method close of sqlite3.Connection object at 0x0000018C4DBBE7A0>) completed
2026-08-30 01:11:11,439 [DEBUG] aiosqlite: executing <function connect.<locals>.connector at 0x0000018C4DC33600>
2026-08-30 01:11:11,450 [DEBUG] aiosqlite: operation <function connect.<locals>.connector at 0x0000018C4DC33600> completed
2026-08-30 01:11:11,450 [DEBUG] aiosqlite: executing functools.partial(<built-in method create_function of sqlite3.Connection object at 0x0000018C4DBBC310>, 'regexp', 2, <function SQLiteDialect_pysqlite.on_connect.<locals>.regexp at 0x0000018C4AFFA660>, deterministic=True)
2026-08-30 01:11:11,450 [DEBUG] aiosqlite: operation functools.partial(<built-in method create_function of sqlite3.Connection object at 0x0000018C4DBBC310>, 'regexp', 2, <function SQLiteDialect_pysqlite.on_connect.<locals>.regexp at 0x0000018C4AFFA660>, deterministic=True) completed
2026-08-30 01:11:11,450 [DEBUG] aiosqlite: executing functools.partial(<built-in method create_function of sqlite3.Connection object at 0x0000018C4DBBC310>, 'floor', 1, <built-in function floor>, deterministic=True)
2026-08-30 01:11:11,450 [DEBUG] aiosqlite: operation functools.partial(<built-in method create_function of sqlite3.Connection object at 0x0000018C4DBBC310>, 'floor', 1, <built-in function floor>, deterministic=True) completed
2026-08-30 01:11:11,450 [INFO] sqlalchemy.engine.Engine: BEGIN (implicit)
2026-08-30 01:11:11,452 [INFO] sqlalchemy.engine.Engine: SELECT task.id, task.story_id, task.status, task.progress, task.current_step, task.retry_count, task.error_message, task.created_at, task.updated_at 
FROM task 
WHERE task.id = ?
2026-08-30 01:11:11,452 [INFO] sqlalchemy.engine.Engine: [cached since 508.2s ago] ('2773220ff25c46149fb7e0fbe8bfafca',)
2026-08-30 01:11:11,452 [DEBUG] aiosqlite: executing functools.partial(<built-in method cursor of sqlite3.Connection object at 0x0000018C4DBBC310>)
2026-08-30 01:11:11,452 [DEBUG] aiosqlite: operation functools.partial(<built-in method cursor of sqlite3.Connection object at 0x0000018C4DBBC310>) completed
2026-08-30 01:11:11,452 [DEBUG] aiosqlite: executing functools.partial(<built-in method execute of sqlite3.Cursor object at 0x0000018C4DC38BC0>, 'SELECT task.id, task.story_id, task.status, task.progress, task.current_step, task.retry_count, task.error_message, task.created_at, task.updated_at \nFROM task \nWHERE task.id = ?', ('2773220ff25c46149fb7e0fbe8bfafca',))
2026-08-30 01:11:11,452 [DEBUG] aiosqlite: operation functools.partial(<built-in method execute of sqlite3.Cursor object at 0x0000018C4DC38BC0>, 'SELECT task.id, task.story_id, task.status, task.progress, task.current_step, task.retry_count, task.error_message, task.created_at, task.updated_at \nFROM task \nWHERE task.id = ?', ('2773220ff25c46149fb7e0fbe8bfafca',)) completed
2026-08-30 01:11:11,452 [DEBUG] aiosqlite: executing functools.partial(<built-in method fetchall of sqlite3.Cursor object at 0x0000018C4DC38BC0>)
2026-08-30 01:11:11,453 [DEBUG] aiosqlite: operation functools.partial(<built-in method fetchall of sqlite3.Cursor object at 0x0000018C4DC38BC0>) completed
2026-08-30 01:11:11,453 [DEBUG] aiosqlite: executing functools.partial(<built-in method close of sqlite3.Cursor object at 0x0000018C4DC38BC0>)
2026-08-30 01:11:11,453 [DEBUG] aiosqlite: operation functools.partial(<built-in method close of sqlite3.Cursor object at 0x0000018C4DC38BC0>) completed
2026-08-30 01:11:11,453 [INFO] sqlalchemy.engine.Engine: COMMIT
2026-08-30 01:11:11,455 [DEBUG] aiosqlite: executing functools.partial(<built-in method commit of sqlite3.Connection object at 0x0000018C4DBBC310>)
2026-08-30 01:11:11,455 [DEBUG] aiosqlite: operation functools.partial(<built-in method commit of sqlite3.Connection object at 0x0000018C4DBBC310>) completed
2026-08-30 01:11:11,455 [DEBUG] aiosqlite: executing functools.partial(<built-in method rollback of sqlite3.Connection object at 0x0000018C4DBBC310>)
2026-08-30 01:11:11,455 [DEBUG] aiosqlite: operation functools.partial(<built-in method rollback of sqlite3.Connection object at 0x0000018C4DBBC310>) completed
2026-08-30 01:11:11,455 [DEBUG] aiosqlite: executing functools.partial(<built-in method close of sqlite3.Connection object at 0x0000018C4DBBC310>)
2026-08-30 01:11:11,455 [DEBUG] aiosqlite: operation functools.partial(<built-in method close of sqlite3.Connection object at 0x0000018C4DBBC310>) completed
2026-08-30 01:11:16,463 [DEBUG] aiosqlite: executing <function connect.<locals>.connector at 0x0000018C4DC31580>
2026-08-30 01:11:16,464 [DEBUG] aiosqlite: operation <function connect.<locals>.connector at 0x0000018C4DC31580> completed
2026-08-30 01:11:16,464 [DEBUG] aiosqlite: executing functools.partial(<built-in method create_function of sqlite3.Connection object at 0x0000018C4DBBE6B0>, 'regexp', 2, <function SQLiteDialect_pysqlite.on_connect.<locals>.regexp at 0x0000018C4AFFA660>, deterministic=True)
2026-08-30 01:11:16,464 [DEBUG] aiosqlite: operation functools.partial(<built-in method create_function of sqlite3.Connection object at 0x0000018C4DBBE6B0>, 'regexp', 2, <function SQLiteDialect_pysqlite.on_connect.<locals>.regexp at 0x0000018C4AFFA660>, deterministic=True) completed
2026-08-30 01:11:16,464 [DEBUG] aiosqlite: executing functools.partial(<built-in method create_function of sqlite3.Connection object at 0x0000018C4DBBE6B0>, 'floor', 1, <built-in function floor>, deterministic=True)
2026-08-30 01:11:16,464 [DEBUG] aiosqlite: operation functools.partial(<built-in method create_function of sqlite3.Connection object at 0x0000018C4DBBE6B0>, 'floor', 1, <built-in function floor>, deterministic=True) completed
2026-08-30 01:11:16,464 [INFO] sqlalchemy.engine.Engine: BEGIN (implicit)
2026-08-30 01:11:16,464 [INFO] sqlalchemy.engine.Engine: SELECT task.id, task.story_id, task.status, task.progress, task.current_step, task.retry_count, task.error_message, task.created_at, task.updated_at 
FROM task 
WHERE task.id = ?
2026-08-30 01:11:16,464 [INFO] sqlalchemy.engine.Engine: [cached since 513.2s ago] ('2773220ff25c46149fb7e0fbe8bfafca',)
2026-08-30 01:11:16,464 [DEBUG] aiosqlite: executing functools.partial(<built-in method cursor of sqlite3.Connection object at 0x0000018C4DBBE6B0>)
2026-08-30 01:11:16,464 [DEBUG] aiosqlite: operation functools.partial(<built-in method cursor of sqlite3.Connection object at 0x0000018C4DBBE6B0>) completed
2026-08-30 01:11:16,464 [DEBUG] aiosqlite: executing functools.partial(<built-in method execute of sqlite3.Cursor object at 0x0000018C4DC3A340>, 'SELECT task.id, task.story_id, task.status, task.progress, task.current_step, task.retry_count, task.error_message, task.created_at, task.updated_at \nFROM task \nWHERE task.id = ?', ('2773220ff25c46149fb7e0fbe8bfafca',))
2026-08-30 01:11:16,464 [DEBUG] aiosqlite: operation functools.partial(<built-in method execute of sqlite3.Cursor object at 0x0000018C4DC3A340>, 'SELECT task.id, task.story_id, task.status, task.progress, task.current_step, task.retry_count, task.error_message, task.created_at, task.updated_at \nFROM task \nWHERE task.id = ?', ('2773220ff25c46149fb7e0fbe8bfafca',)) completed
2026-08-30 01:11:16,464 [DEBUG] aiosqlite: executing functools.partial(<built-in method fetchall of sqlite3.Cursor object at 0x0000018C4DC3A340>)
2026-08-30 01:11:16,464 [DEBUG] aiosqlite: operation functools.partial(<built-in method fetchall of sqlite3.Cursor object at 0x0000018C4DC3A340>) completed
2026-08-30 01:11:16,464 [DEBUG] aiosqlite: executing functools.partial(<built-in method close of sqlite3.Cursor object at 0x0000018C4DC3A340>)
2026-08-30 01:11:16,464 [DEBUG] aiosqlite: operation functools.partial(<built-in method close of sqlite3.Cursor object at 0x0000018C4DC3A340>) completed
2026-08-30 01:11:16,464 [INFO] sqlalchemy.engine.Engine: COMMIT
2026-08-30 01:11:16,464 [DEBUG] aiosqlite: executing functools.partial(<built-in method commit of sqlite3.Connection object at 0x0000018C4DBBE6B0>)
2026-08-30 01:11:16,464 [DEBUG] aiosqlite: operation functools.partial(<built-in method commit of sqlite3.Connection object at 0x0000018C4DBBE6B0>) completed
2026-08-30 01:11:16,464 [DEBUG] aiosqlite: executing functools.partial(<built-in method rollback of sqlite3.Connection object at 0x0000018C4DBBE6B0>)
2026-08-30 01:11:16,464 [DEBUG] aiosqlite: operation functools.partial(<built-in method rollback of sqlite3.Connection object at 0x0000018C4DBBE6B0>) completed
2026-08-30 01:11:16,464 [DEBUG] aiosqlite: executing functools.partial(<built-in method close of sqlite3.Connection object at 0x0000018C4DBBE6B0>)
2026-08-30 01:11:16,464 [DEBUG] aiosqlite: operation functools.partial(<built-in method close of sqlite3.Connection object at 0x0000018C4DBBE6B0>) completed
2026-08-30 01:11:21,563 [DEBUG] aiosqlite: executing <function connect.<locals>.connector at 0x0000018C4DC323E0>
2026-08-30 01:11:21,572 [DEBUG] aiosqlite: operation <function connect.<locals>.connector at 0x0000018C4DC323E0> completed
2026-08-30 01:11:21,572 [DEBUG] aiosqlite: executing functools.partial(<built-in method create_function of sqlite3.Connection object at 0x0000018C4DBBDD50>, 'regexp', 2, <function SQLiteDialect_pysqlite.on_connect.<locals>.regexp at 0x0000018C4AFFA660>, deterministic=True)
2026-08-30 01:11:21,572 [DEBUG] aiosqlite: operation functools.partial(<built-in method create_function of sqlite3.Connection object at 0x0000018C4DBBDD50>, 'regexp', 2, <function SQLiteDialect_pysqlite.on_connect.<locals>.regexp at 0x0000018C4AFFA660>, deterministic=True) completed
2026-08-30 01:11:21,572 [DEBUG] aiosqlite: executing functools.partial(<built-in method create_function of sqlite3.Connection object at 0x0000018C4DBBDD50>, 'floor', 1, <built-in function floor>, deterministic=True)
2026-08-30 01:11:21,572 [DEBUG] aiosqlite: operation functools.partial(<built-in method create_function of sqlite3.Connection object at 0x0000018C4DBBDD50>, 'floor', 1, <built-in function floor>, deterministic=True) completed
2026-08-30 01:11:21,572 [INFO] sqlalchemy.engine.Engine: BEGIN (implicit)
2026-08-30 01:11:21,572 [INFO] sqlalchemy.engine.Engine: SELECT task.id, task.story_id, task.status, task.progress, task.current_step, task.retry_count, task.error_message, task.created_at, task.updated_at 
FROM task 
WHERE task.id = ?
2026-08-30 01:11:21,572 [INFO] sqlalchemy.engine.Engine: [cached since 518.3s ago] ('2773220ff25c46149fb7e0fbe8bfafca',)
2026-08-30 01:11:21,578 [DEBUG] aiosqlite: executing functools.partial(<built-in method cursor of sqlite3.Connection object at 0x0000018C4DBBDD50>)
2026-08-30 01:11:21,578 [DEBUG] aiosqlite: operation functools.partial(<built-in method cursor of sqlite3.Connection object at 0x0000018C4DBBDD50>) completed
2026-08-30 01:11:21,578 [DEBUG] aiosqlite: executing functools.partial(<built-in method execute of sqlite3.Cursor object at 0x0000018C4DC38BC0>, 'SELECT task.id, task.story_id, task.status, task.progress, task.current_step, task.retry_count, task.error_message, task.created_at, task.updated_at \nFROM task \nWHERE task.id = ?', ('2773220ff25c46149fb7e0fbe8bfafca',))
2026-08-30 01:11:21,578 [DEBUG] aiosqlite: operation functools.partial(<built-in method execute of sqlite3.Cursor object at 0x0000018C4DC38BC0>, 'SELECT task.id, task.story_id, task.status, task.progress, task.current_step, task.retry_count, task.error_message, task.created_at, task.updated_at \nFROM task \nWHERE task.id = ?', ('2773220ff25c46149fb7e0fbe8bfafca',)) completed
2026-08-30 01:11:21,578 [DEBUG] aiosqlite: executing functools.partial(<built-in method fetchall of sqlite3.Cursor object at 0x0000018C4DC38BC0>)
2026-08-30 01:11:21,578 [DEBUG] aiosqlite: operation functools.partial(<built-in method fetchall of sqlite3.Cursor object at 0x0000018C4DC38BC0>) completed
2026-08-30 01:11:21,578 [DEBUG] aiosqlite: executing functools.partial(<built-in method close of sqlite3.Cursor object at 0x0000018C4DC38BC0>)
2026-08-30 01:11:21,578 [DEBUG] aiosqlite: operation functools.partial(<built-in method close of sqlite3.Cursor object at 0x0000018C4DC38BC0>) completed
2026-08-30 01:11:21,578 [INFO] sqlalchemy.engine.Engine: COMMIT
2026-08-30 01:11:21,578 [DEBUG] aiosqlite: executing functools.partial(<built-in method commit of sqlite3.Connection object at 0x0000018C4DBBDD50>)
2026-08-30 01:11:21,578 [DEBUG] aiosqlite: operation functools.partial(<built-in method commit of sqlite3.Connection object at 0x0000018C4DBBDD50>) completed
2026-08-30 01:11:21,578 [DEBUG] aiosqlite: executing functools.partial(<built-in method rollback of sqlite3.Connection object at 0x0000018C4DBBDD50>)
2026-08-30 01:11:21,578 [DEBUG] aiosqlite: operation functools.partial(<built-in method rollback of sqlite3.Connection object at 0x0000018C4DBBDD50>) completed
2026-08-30 01:11:21,578 [DEBUG] aiosqlite: executing functools.partial(<built-in method close of sqlite3.Connection object at 0x0000018C4DBBDD50>)
2026-08-30 01:11:21,578 [DEBUG] aiosqlite: operation functools.partial(<built-in method close of sqlite3.Connection object at 0x0000018C4DBBDD50>) completed
2026-08-30 01:11:26,592 [DEBUG] aiosqlite: executing <function connect.<locals>.connector at 0x0000018C4DC31DA0>
2026-08-30 01:11:26,600 [DEBUG] aiosqlite: operation <function connect.<locals>.connector at 0x0000018C4DC31DA0> completed
2026-08-30 01:11:26,600 [DEBUG] aiosqlite: executing functools.partial(<built-in method create_function of sqlite3.Connection object at 0x0000018C4DBBE3E0>, 'regexp', 2, <function SQLiteDialect_pysqlite.on_connect.<locals>.regexp at 0x0000018C4AFFA660>, deterministic=True)
2026-08-30 01:11:26,600 [DEBUG] aiosqlite: operation functools.partial(<built-in method create_function of sqlite3.Connection object at 0x0000018C4DBBE3E0>, 'regexp', 2, <function SQLiteDialect_pysqlite.on_connect.<locals>.regexp at 0x0000018C4AFFA660>, deterministic=True) completed
2026-08-30 01:11:26,600 [DEBUG] aiosqlite: executing functools.partial(<built-in method create_function of sqlite3.Connection object at 0x0000018C4DBBE3E0>, 'floor', 1, <built-in function floor>, deterministic=True)
2026-08-30 01:11:26,602 [DEBUG] aiosqlite: operation functools.partial(<built-in method create_function of sqlite3.Connection object at 0x0000018C4DBBE3E0>, 'floor', 1, <built-in function floor>, deterministic=True) completed
2026-08-30 01:11:26,602 [INFO] sqlalchemy.engine.Engine: BEGIN (implicit)
2026-08-30 01:11:26,602 [INFO] sqlalchemy.engine.Engine: SELECT task.id, task.story_id, task.status, task.progress, task.current_step, task.retry_count, task.error_message, task.created_at, task.updated_at 
FROM task 
WHERE task.id = ?
2026-08-30 01:11:26,602 [INFO] sqlalchemy.engine.Engine: [cached since 523.4s ago] ('2773220ff25c46149fb7e0fbe8bfafca',)
2026-08-30 01:11:26,602 [DEBUG] aiosqlite: executing functools.partial(<built-in method cursor of sqlite3.Connection object at 0x0000018C4DBBE3E0>)
2026-08-30 01:11:26,602 [DEBUG] aiosqlite: operation functools.partial(<built-in method cursor of sqlite3.Connection object at 0x0000018C4DBBE3E0>) completed
2026-08-30 01:11:26,602 [DEBUG] aiosqlite: executing functools.partial(<built-in method execute of sqlite3.Cursor object at 0x0000018C4DC2A840>, 'SELECT task.id, task.story_id, task.status, task.progress, task.current_step, task.retry_count, task.error_message, task.created_at, task.updated_at \nFROM task \nWHERE task.id = ?', ('2773220ff25c46149fb7e0fbe8bfafca',))
2026-08-30 01:11:26,602 [DEBUG] aiosqlite: operation functools.partial(<built-in method execute of sqlite3.Cursor object at 0x0000018C4DC2A840>, 'SELECT task.id, task.story_id, task.status, task.progress, task.current_step, task.retry_count, task.error_message, task.created_at, task.updated_at \nFROM task \nWHERE task.id = ?', ('2773220ff25c46149fb7e0fbe8bfafca',)) completed
2026-08-30 01:11:26,605 [DEBUG] aiosqlite: executing functools.partial(<built-in method fetchall of sqlite3.Cursor object at 0x0000018C4DC2A840>)
2026-08-30 01:11:26,605 [DEBUG] aiosqlite: operation functools.partial(<built-in method fetchall of sqlite3.Cursor object at 0x0000018C4DC2A840>) completed
2026-08-30 01:11:26,605 [DEBUG] aiosqlite: executing functools.partial(<built-in method close of sqlite3.Cursor object at 0x0000018C4DC2A840>)
2026-08-30 01:11:26,605 [DEBUG] aiosqlite: operation functools.partial(<built-in method close of sqlite3.Cursor object at 0x0000018C4DC2A840>) completed
2026-08-30 01:11:26,605 [INFO] sqlalchemy.engine.Engine: COMMIT
2026-08-30 01:11:26,607 [DEBUG] aiosqlite: executing functools.partial(<built-in method commit of sqlite3.Connection object at 0x0000018C4DBBE3E0>)
2026-08-30 01:11:26,607 [DEBUG] aiosqlite: operation functools.partial(<built-in method commit of sqlite3.Connection object at 0x0000018C4DBBE3E0>) completed
2026-08-30 01:11:26,607 [DEBUG] aiosqlite: executing functools.partial(<built-in method rollback of sqlite3.Connection object at 0x0000018C4DBBE3E0>)
2026-08-30 01:11:26,607 [DEBUG] aiosqlite: operation functools.partial(<built-in method rollback of sqlite3.Connection object at 0x0000018C4DBBE3E0>) completed
2026-08-30 01:11:26,607 [DEBUG] aiosqlite: executing functools.partial(<built-in method close of sqlite3.Connection object at 0x0000018C4DBBE3E0>)
2026-08-30 01:11:26,609 [DEBUG] aiosqlite: operation functools.partial(<built-in method close of sqlite3.Connection object at 0x0000018C4DBBE3E0>) completed
2026-08-30 01:11:31,617 [DEBUG] aiosqlite: executing <function connect.<locals>.connector at 0x0000018C4DC31800>
2026-08-30 01:11:31,617 [DEBUG] aiosqlite: operation <function connect.<locals>.connector at 0x0000018C4DC31800> completed
2026-08-30 01:11:31,617 [DEBUG] aiosqlite: executing functools.partial(<built-in method create_function of sqlite3.Connection object at 0x0000018C4DBBE5C0>, 'regexp', 2, <function SQLiteDialect_pysqlite.on_connect.<locals>.regexp at 0x0000018C4AFFA660>, deterministic=True)
2026-08-30 01:11:31,617 [DEBUG] aiosqlite: operation functools.partial(<built-in method create_function of sqlite3.Connection object at 0x0000018C4DBBE5C0>, 'regexp', 2, <function SQLiteDialect_pysqlite.on_connect.<locals>.regexp at 0x0000018C4AFFA660>, deterministic=True) completed
2026-08-30 01:11:31,617 [DEBUG] aiosqlite: executing functools.partial(<built-in method create_function of sqlite3.Connection object at 0x0000018C4DBBE5C0>, 'floor', 1, <built-in function floor>, deterministic=True)
2026-08-30 01:11:31,617 [DEBUG] aiosqlite: operation functools.partial(<built-in method create_function of sqlite3.Connection object at 0x0000018C4DBBE5C0>, 'floor', 1, <built-in function floor>, deterministic=True) completed
2026-08-30 01:11:31,617 [INFO] sqlalchemy.engine.Engine: BEGIN (implicit)
2026-08-30 01:11:31,617 [INFO] sqlalchemy.engine.Engine: SELECT task.id, task.story_id, task.status, task.progress, task.current_step, task.retry_count, task.error_message, task.created_at, task.updated_at 
FROM task 
WHERE task.id = ?
2026-08-30 01:11:31,617 [INFO] sqlalchemy.engine.Engine: [cached since 528.4s ago] ('2773220ff25c46149fb7e0fbe8bfafca',)
2026-08-30 01:11:31,617 [DEBUG] aiosqlite: executing functools.partial(<built-in method cursor of sqlite3.Connection object at 0x0000018C4DBBE5C0>)
2026-08-30 01:11:31,617 [DEBUG] aiosqlite: operation functools.partial(<built-in method cursor of sqlite3.Connection object at 0x0000018C4DBBE5C0>) completed
2026-08-30 01:11:31,617 [DEBUG] aiosqlite: executing functools.partial(<built-in method execute of sqlite3.Cursor object at 0x0000018C4DC38BC0>, 'SELECT task.id, task.story_id, task.status, task.progress, task.current_step, task.retry_count, task.error_message, task.created_at, task.updated_at \nFROM task \nWHERE task.id = ?', ('2773220ff25c46149fb7e0fbe8bfafca',))
2026-08-30 01:11:31,617 [DEBUG] aiosqlite: operation functools.partial(<built-in method execute of sqlite3.Cursor object at 0x0000018C4DC38BC0>, 'SELECT task.id, task.story_id, task.status, task.progress, task.current_step, task.retry_count, task.error_message, task.created_at, task.updated_at \nFROM task \nWHERE task.id = ?', ('2773220ff25c46149fb7e0fbe8bfafca',)) completed
2026-08-30 01:11:31,617 [DEBUG] aiosqlite: executing functools.partial(<built-in method fetchall of sqlite3.Cursor object at 0x0000018C4DC38BC0>)
2026-08-30 01:11:31,617 [DEBUG] aiosqlite: operation functools.partial(<built-in method fetchall of sqlite3.Cursor object at 0x0000018C4DC38BC0>) completed
2026-08-30 01:11:31,617 [DEBUG] aiosqlite: executing functools.partial(<built-in method close of sqlite3.Cursor object at 0x0000018C4DC38BC0>)
2026-08-30 01:11:31,617 [DEBUG] aiosqlite: operation functools.partial(<built-in method close of sqlite3.Cursor object at 0x0000018C4DC38BC0>) completed
2026-08-30 01:11:31,617 [INFO] sqlalchemy.engine.Engine: COMMIT
2026-08-30 01:11:31,617 [DEBUG] aiosqlite: executing functools.partial(<built-in method commit of sqlite3.Connection object at 0x0000018C4DBBE5C0>)
2026-08-30 01:11:31,617 [DEBUG] aiosqlite: operation functools.partial(<built-in method commit of sqlite3.Connection object at 0x0000018C4DBBE5C0>) completed
2026-08-30 01:11:31,617 [DEBUG] aiosqlite: executing functools.partial(<built-in method rollback of sqlite3.Connection object at 0x0000018C4DBBE5C0>)
2026-08-30 01:11:31,617 [DEBUG] aiosqlite: operation functools.partial(<built-in method rollback of sqlite3.Connection object at 0x0000018C4DBBE5C0>) completed
2026-08-30 01:11:31,617 [DEBUG] aiosqlite: executing functools.partial(<built-in method close of sqlite3.Connection object at 0x0000018C4DBBE5C0>)
2026-08-30 01:11:31,617 [DEBUG] aiosqlite: operation functools.partial(<built-in method close of sqlite3.Connection object at 0x0000018C4DBBE5C0>) completed
2026-08-30 01:11:36,660 [DEBUG] aiosqlite: executing <function connect.<locals>.connector at 0x0000018C4DC30860>
2026-08-30 01:11:36,666 [DEBUG] aiosqlite: operation <function connect.<locals>.connector at 0x0000018C4DC30860> completed
2026-08-30 01:11:36,667 [DEBUG] aiosqlite: executing functools.partial(<built-in method create_function of sqlite3.Connection object at 0x0000018C4DC6CE50>, 'regexp', 2, <function SQLiteDialect_pysqlite.on_connect.<locals>.regexp at 0x0000018C4AFFA660>, deterministic=True)
2026-08-30 01:11:36,667 [DEBUG] aiosqlite: operation functools.partial(<built-in method create_function of sqlite3.Connection object at 0x0000018C4DC6CE50>, 'regexp', 2, <function SQLiteDialect_pysqlite.on_connect.<locals>.regexp at 0x0000018C4AFFA660>, deterministic=True) completed
2026-08-30 01:11:36,667 [DEBUG] aiosqlite: executing functools.partial(<built-in method create_function of sqlite3.Connection object at 0x0000018C4DC6CE50>, 'floor', 1, <built-in function floor>, deterministic=True)
2026-08-30 01:11:36,667 [DEBUG] aiosqlite: operation functools.partial(<built-in method create_function of sqlite3.Connection object at 0x0000018C4DC6CE50>, 'floor', 1, <built-in function floor>, deterministic=True) completed
2026-08-30 01:11:36,667 [INFO] sqlalchemy.engine.Engine: BEGIN (implicit)
2026-08-30 01:11:36,667 [INFO] sqlalchemy.engine.Engine: SELECT task.id, task.story_id, task.status, task.progress, task.current_step, task.retry_count, task.error_message, task.created_at, task.updated_at 
FROM task 
WHERE task.id = ?
2026-08-30 01:11:36,667 [INFO] sqlalchemy.engine.Engine: [cached since 533.4s ago] ('2773220ff25c46149fb7e0fbe8bfafca',)
2026-08-30 01:11:36,667 [DEBUG] aiosqlite: executing functools.partial(<built-in method cursor of sqlite3.Connection object at 0x0000018C4DC6CE50>)
2026-08-30 01:11:36,667 [DEBUG] aiosqlite: operation functools.partial(<built-in method cursor of sqlite3.Connection object at 0x0000018C4DC6CE50>) completed
2026-08-30 01:11:36,671 [DEBUG] aiosqlite: executing functools.partial(<built-in method execute of sqlite3.Cursor object at 0x0000018C4DC39240>, 'SELECT task.id, task.story_id, task.status, task.progress, task.current_step, task.retry_count, task.error_message, task.created_at, task.updated_at \nFROM task \nWHERE task.id = ?', ('2773220ff25c46149fb7e0fbe8bfafca',))
2026-08-30 01:11:36,671 [DEBUG] aiosqlite: operation functools.partial(<built-in method execute of sqlite3.Cursor object at 0x0000018C4DC39240>, 'SELECT task.id, task.story_id, task.status, task.progress, task.current_step, task.retry_count, task.error_message, task.created_at, task.updated_at \nFROM task \nWHERE task.id = ?', ('2773220ff25c46149fb7e0fbe8bfafca',)) completed
2026-08-30 01:11:36,672 [DEBUG] aiosqlite: executing functools.partial(<built-in method fetchall of sqlite3.Cursor object at 0x0000018C4DC39240>)
2026-08-30 01:11:36,672 [DEBUG] aiosqlite: operation functools.partial(<built-in method fetchall of sqlite3.Cursor object at 0x0000018C4DC39240>) completed
2026-08-30 01:11:36,672 [DEBUG] aiosqlite: executing functools.partial(<built-in method close of sqlite3.Cursor object at 0x0000018C4DC39240>)
2026-08-30 01:11:36,673 [DEBUG] aiosqlite: operation functools.partial(<built-in method close of sqlite3.Cursor object at 0x0000018C4DC39240>) completed
2026-08-30 01:11:36,673 [INFO] sqlalchemy.engine.Engine: COMMIT
2026-08-30 01:11:36,674 [DEBUG] aiosqlite: executing functools.partial(<built-in method commit of sqlite3.Connection object at 0x0000018C4DC6CE50>)
2026-08-30 01:11:36,675 [DEBUG] aiosqlite: operation functools.partial(<built-in method commit of sqlite3.Connection object at 0x0000018C4DC6CE50>) completed
2026-08-30 01:11:36,675 [DEBUG] aiosqlite: executing functools.partial(<built-in method rollback of sqlite3.Connection object at 0x0000018C4DC6CE50>)
2026-08-30 01:11:36,675 [DEBUG] aiosqlite: operation functools.partial(<built-in method rollback of sqlite3.Connection object at 0x0000018C4DC6CE50>) completed
2026-08-30 01:11:36,675 [DEBUG] aiosqlite: executing functools.partial(<built-in method close of sqlite3.Connection object at 0x0000018C4DC6CE50>)
2026-08-30 01:11:36,675 [DEBUG] aiosqlite: operation functools.partial(<built-in method close of sqlite3.Connection object at 0x0000018C4DC6CE50>) completed
2026-08-30 01:11:41,697 [DEBUG] aiosqlite: executing <function connect.<locals>.connector at 0x0000018C4DC33420>
2026-08-30 01:11:41,708 [DEBUG] aiosqlite: operation <function connect.<locals>.connector at 0x0000018C4DC33420> completed
2026-08-30 01:11:41,708 [DEBUG] aiosqlite: executing functools.partial(<built-in method create_function of sqlite3.Connection object at 0x0000018C4DC6D030>, 'regexp', 2, <function SQLiteDialect_pysqlite.on_connect.<locals>.regexp at 0x0000018C4AFFA660>, deterministic=True)
2026-08-30 01:11:41,708 [DEBUG] aiosqlite: operation functools.partial(<built-in method create_function of sqlite3.Connection object at 0x0000018C4DC6D030>, 'regexp', 2, <function SQLiteDialect_pysqlite.on_connect.<locals>.regexp at 0x0000018C4AFFA660>, deterministic=True) completed
2026-08-30 01:11:41,708 [DEBUG] aiosqlite: executing functools.partial(<built-in method create_function of sqlite3.Connection object at 0x0000018C4DC6D030>, 'floor', 1, <built-in function floor>, deterministic=True)
2026-08-30 01:11:41,708 [DEBUG] aiosqlite: operation functools.partial(<built-in method create_function of sqlite3.Connection object at 0x0000018C4DC6D030>, 'floor', 1, <built-in function floor>, deterministic=True) completed
2026-08-30 01:11:41,708 [INFO] sqlalchemy.engine.Engine: BEGIN (implicit)
2026-08-30 01:11:41,708 [INFO] sqlalchemy.engine.Engine: SELECT task.id, task.story_id, task.status, task.progress, task.current_step, task.retry_count, task.error_message, task.created_at, task.updated_at 
FROM task 
WHERE task.id = ?
2026-08-30 01:11:41,708 [INFO] sqlalchemy.engine.Engine: [cached since 538.5s ago] ('2773220ff25c46149fb7e0fbe8bfafca',)
2026-08-30 01:11:41,708 [DEBUG] aiosqlite: executing functools.partial(<built-in method cursor of sqlite3.Connection object at 0x0000018C4DC6D030>)
2026-08-30 01:11:41,708 [DEBUG] aiosqlite: operation functools.partial(<built-in method cursor of sqlite3.Connection object at 0x0000018C4DC6D030>) completed
2026-08-30 01:11:41,708 [DEBUG] aiosqlite: executing functools.partial(<built-in method execute of sqlite3.Cursor object at 0x0000018C4DC39A40>, 'SELECT task.id, task.story_id, task.status, task.progress, task.current_step, task.retry_count, task.error_message, task.created_at, task.updated_at \nFROM task \nWHERE task.id = ?', ('2773220ff25c46149fb7e0fbe8bfafca',))
2026-08-30 01:11:41,708 [DEBUG] aiosqlite: operation functools.partial(<built-in method execute of sqlite3.Cursor object at 0x0000018C4DC39A40>, 'SELECT task.id, task.story_id, task.status, task.progress, task.current_step, task.retry_count, task.error_message, task.created_at, task.updated_at \nFROM task \nWHERE task.id = ?', ('2773220ff25c46149fb7e0fbe8bfafca',)) completed
2026-08-30 01:11:41,708 [DEBUG] aiosqlite: executing functools.partial(<built-in method fetchall of sqlite3.Cursor object at 0x0000018C4DC39A40>)
2026-08-30 01:11:41,708 [DEBUG] aiosqlite: operation functools.partial(<built-in method fetchall of sqlite3.Cursor object at 0x0000018C4DC39A40>) completed
2026-08-30 01:11:41,708 [DEBUG] aiosqlite: executing functools.partial(<built-in method close of sqlite3.Cursor object at 0x0000018C4DC39A40>)
2026-08-30 01:11:41,708 [DEBUG] aiosqlite: operation functools.partial(<built-in method close of sqlite3.Cursor object at 0x0000018C4DC39A40>) completed
2026-08-30 01:11:41,708 [INFO] sqlalchemy.engine.Engine: COMMIT
2026-08-30 01:11:41,708 [DEBUG] aiosqlite: executing functools.partial(<built-in method commit of sqlite3.Connection object at 0x0000018C4DC6D030>)
2026-08-30 01:11:41,708 [DEBUG] aiosqlite: operation functools.partial(<built-in method commit of sqlite3.Connection object at 0x0000018C4DC6D030>) completed
2026-08-30 01:11:41,708 [DEBUG] aiosqlite: executing functools.partial(<built-in method rollback of sqlite3.Connection object at 0x0000018C4DC6D030>)
2026-08-30 01:11:41,708 [DEBUG] aiosqlite: operation functools.partial(<built-in method rollback of sqlite3.Connection object at 0x0000018C4DC6D030>) completed
2026-08-30 01:11:41,723 [DEBUG] aiosqlite: executing functools.partial(<built-in method close of sqlite3.Connection object at 0x0000018C4DC6D030>)
2026-08-30 01:11:41,723 [DEBUG] aiosqlite: operation functools.partial(<built-in method close of sqlite3.Connection object at 0x0000018C4DC6D030>) completed
2026-08-30 01:11:46,752 [DEBUG] aiosqlite: executing <function connect.<locals>.connector at 0x0000018C4DC318A0>
2026-08-30 01:11:46,757 [DEBUG] aiosqlite: operation <function connect.<locals>.connector at 0x0000018C4DC318A0> completed
2026-08-30 01:11:46,757 [DEBUG] aiosqlite: executing functools.partial(<built-in method create_function of sqlite3.Connection object at 0x0000018C4DC6D3F0>, 'regexp', 2, <function SQLiteDialect_pysqlite.on_connect.<locals>.regexp at 0x0000018C4AFFA660>, deterministic=True)
2026-08-30 01:11:46,757 [DEBUG] aiosqlite: operation functools.partial(<built-in method create_function of sqlite3.Connection object at 0x0000018C4DC6D3F0>, 'regexp', 2, <function SQLiteDialect_pysqlite.on_connect.<locals>.regexp at 0x0000018C4AFFA660>, deterministic=True) completed
2026-08-30 01:11:46,759 [DEBUG] aiosqlite: executing functools.partial(<built-in method create_function of sqlite3.Connection object at 0x0000018C4DC6D3F0>, 'floor', 1, <built-in function floor>, deterministic=True)
2026-08-30 01:11:46,759 [DEBUG] aiosqlite: operation functools.partial(<built-in method create_function of sqlite3.Connection object at 0x0000018C4DC6D3F0>, 'floor', 1, <built-in function floor>, deterministic=True) completed
2026-08-30 01:11:46,759 [INFO] sqlalchemy.engine.Engine: BEGIN (implicit)
2026-08-30 01:11:46,761 [INFO] sqlalchemy.engine.Engine: SELECT task.id, task.story_id, task.status, task.progress, task.current_step, task.retry_count, task.error_message, task.created_at, task.updated_at 
FROM task 
WHERE task.id = ?
2026-08-30 01:11:46,762 [INFO] sqlalchemy.engine.Engine: [cached since 543.5s ago] ('2773220ff25c46149fb7e0fbe8bfafca',)
2026-08-30 01:11:46,762 [DEBUG] aiosqlite: executing functools.partial(<built-in method cursor of sqlite3.Connection object at 0x0000018C4DC6D3F0>)
2026-08-30 01:11:46,762 [DEBUG] aiosqlite: operation functools.partial(<built-in method cursor of sqlite3.Connection object at 0x0000018C4DC6D3F0>) completed
2026-08-30 01:11:46,765 [DEBUG] aiosqlite: executing functools.partial(<built-in method execute of sqlite3.Cursor object at 0x0000018C4DC3BCC0>, 'SELECT task.id, task.story_id, task.status, task.progress, task.current_step, task.retry_count, task.error_message, task.created_at, task.updated_at \nFROM task \nWHERE task.id = ?', ('2773220ff25c46149fb7e0fbe8bfafca',))
2026-08-30 01:11:46,767 [DEBUG] aiosqlite: operation functools.partial(<built-in method execute of sqlite3.Cursor object at 0x0000018C4DC3BCC0>, 'SELECT task.id, task.story_id, task.status, task.progress, task.current_step, task.retry_count, task.error_message, task.created_at, task.updated_at \nFROM task \nWHERE task.id = ?', ('2773220ff25c46149fb7e0fbe8bfafca',)) completed
2026-08-30 01:11:46,767 [DEBUG] aiosqlite: executing functools.partial(<built-in method fetchall of sqlite3.Cursor object at 0x0000018C4DC3BCC0>)
2026-08-30 01:11:46,769 [DEBUG] aiosqlite: operation functools.partial(<built-in method fetchall of sqlite3.Cursor object at 0x0000018C4DC3BCC0>) completed
2026-08-30 01:11:46,769 [DEBUG] aiosqlite: executing functools.partial(<built-in method close of sqlite3.Cursor object at 0x0000018C4DC3BCC0>)
2026-08-30 01:11:46,769 [DEBUG] aiosqlite: operation functools.partial(<built-in method close of sqlite3.Cursor object at 0x0000018C4DC3BCC0>) completed
2026-08-30 01:11:46,771 [INFO] sqlalchemy.engine.Engine: COMMIT
2026-08-30 01:11:46,771 [DEBUG] aiosqlite: executing functools.partial(<built-in method commit of sqlite3.Connection object at 0x0000018C4DC6D3F0>)
2026-08-30 01:11:46,771 [DEBUG] aiosqlite: operation functools.partial(<built-in method commit of sqlite3.Connection object at 0x0000018C4DC6D3F0>) completed
2026-08-30 01:11:46,771 [DEBUG] aiosqlite: executing functools.partial(<built-in method rollback of sqlite3.Connection object at 0x0000018C4DC6D3F0>)
2026-08-30 01:11:46,775 [DEBUG] aiosqlite: operation functools.partial(<built-in method rollback of sqlite3.Connection object at 0x0000018C4DC6D3F0>) completed
2026-08-30 01:11:46,775 [DEBUG] aiosqlite: executing functools.partial(<built-in method close of sqlite3.Connection object at 0x0000018C4DC6D3F0>)
2026-08-30 01:11:46,775 [DEBUG] aiosqlite: operation functools.partial(<built-in method close of sqlite3.Connection object at 0x0000018C4DC6D3F0>) completed
2026-08-30 01:11:51,813 [DEBUG] aiosqlite: executing <function connect.<locals>.connector at 0x0000018C4DC32A20>
2026-08-30 01:11:51,813 [DEBUG] aiosqlite: operation <function connect.<locals>.connector at 0x0000018C4DC32A20> completed
2026-08-30 01:11:51,813 [DEBUG] aiosqlite: executing functools.partial(<built-in method create_function of sqlite3.Connection object at 0x0000018C4DC6CC70>, 'regexp', 2, <function SQLiteDialect_pysqlite.on_connect.<locals>.regexp at 0x0000018C4AFFA660>, deterministic=True)
2026-08-30 01:11:51,813 [DEBUG] aiosqlite: operation functools.partial(<built-in method create_function of sqlite3.Connection object at 0x0000018C4DC6CC70>, 'regexp', 2, <function SQLiteDialect_pysqlite.on_connect.<locals>.regexp at 0x0000018C4AFFA660>, deterministic=True) completed
2026-08-30 01:11:51,813 [DEBUG] aiosqlite: executing functools.partial(<built-in method create_function of sqlite3.Connection object at 0x0000018C4DC6CC70>, 'floor', 1, <built-in function floor>, deterministic=True)
2026-08-30 01:11:51,813 [DEBUG] aiosqlite: operation functools.partial(<built-in method create_function of sqlite3.Connection object at 0x0000018C4DC6CC70>, 'floor', 1, <built-in function floor>, deterministic=True) completed
2026-08-30 01:11:51,813 [INFO] sqlalchemy.engine.Engine: BEGIN (implicit)
2026-08-30 01:11:51,813 [INFO] sqlalchemy.engine.Engine: SELECT task.id, task.story_id, task.status, task.progress, task.current_step, task.retry_count, task.error_message, task.created_at, task.updated_at 
FROM task 
WHERE task.id = ?
2026-08-30 01:11:51,813 [INFO] sqlalchemy.engine.Engine: [cached since 548.6s ago] ('2773220ff25c46149fb7e0fbe8bfafca',)
2026-08-30 01:11:51,813 [DEBUG] aiosqlite: executing functools.partial(<built-in method cursor of sqlite3.Connection object at 0x0000018C4DC6CC70>)
2026-08-30 01:11:51,813 [DEBUG] aiosqlite: operation functools.partial(<built-in method cursor of sqlite3.Connection object at 0x0000018C4DC6CC70>) completed
2026-08-30 01:11:51,824 [DEBUG] aiosqlite: executing functools.partial(<built-in method execute of sqlite3.Cursor object at 0x0000018C4DBF8FC0>, 'SELECT task.id, task.story_id, task.status, task.progress, task.current_step, task.retry_count, task.error_message, task.created_at, task.updated_at \nFROM task \nWHERE task.id = ?', ('2773220ff25c46149fb7e0fbe8bfafca',))
2026-08-30 01:11:51,824 [DEBUG] aiosqlite: operation functools.partial(<built-in method execute of sqlite3.Cursor object at 0x0000018C4DBF8FC0>, 'SELECT task.id, task.story_id, task.status, task.progress, task.current_step, task.retry_count, task.error_message, task.created_at, task.updated_at \nFROM task \nWHERE task.id = ?', ('2773220ff25c46149fb7e0fbe8bfafca',)) completed
2026-08-30 01:11:51,824 [DEBUG] aiosqlite: executing functools.partial(<built-in method fetchall of sqlite3.Cursor object at 0x0000018C4DBF8FC0>)
2026-08-30 01:11:51,824 [DEBUG] aiosqlite: operation functools.partial(<built-in method fetchall of sqlite3.Cursor object at 0x0000018C4DBF8FC0>) completed
2026-08-30 01:11:51,824 [DEBUG] aiosqlite: executing functools.partial(<built-in method close of sqlite3.Cursor object at 0x0000018C4DBF8FC0>)
2026-08-30 01:11:51,824 [DEBUG] aiosqlite: operation functools.partial(<built-in method close of sqlite3.Cursor object at 0x0000018C4DBF8FC0>) completed
2026-08-30 01:11:51,824 [INFO] sqlalchemy.engine.Engine: COMMIT
2026-08-30 01:11:51,824 [DEBUG] aiosqlite: executing functools.partial(<built-in method commit of sqlite3.Connection object at 0x0000018C4DC6CC70>)
2026-08-30 01:11:51,824 [DEBUG] aiosqlite: operation functools.partial(<built-in method commit of sqlite3.Connection object at 0x0000018C4DC6CC70>) completed
2026-08-30 01:11:51,824 [DEBUG] aiosqlite: executing functools.partial(<built-in method rollback of sqlite3.Connection object at 0x0000018C4DC6CC70>)
2026-08-30 01:11:51,824 [DEBUG] aiosqlite: operation functools.partial(<built-in method rollback of sqlite3.Connection object at 0x0000018C4DC6CC70>) completed
2026-08-30 01:11:51,824 [DEBUG] aiosqlite: executing functools.partial(<built-in method close of sqlite3.Connection object at 0x0000018C4DC6CC70>)
2026-08-30 01:11:51,824 [DEBUG] aiosqlite: operation functools.partial(<built-in method close of sqlite3.Connection object at 0x0000018C4DC6CC70>) completed
2026-08-30 01:11:56,859 [DEBUG] aiosqlite: executing <function connect.<locals>.connector at 0x0000018C4DC32200>
2026-08-30 01:11:56,859 [DEBUG] aiosqlite: operation <function connect.<locals>.connector at 0x0000018C4DC32200> completed
2026-08-30 01:11:56,859 [DEBUG] aiosqlite: executing functools.partial(<built-in method create_function of sqlite3.Connection object at 0x0000018C4DC6C9A0>, 'regexp', 2, <function SQLiteDialect_pysqlite.on_connect.<locals>.regexp at 0x0000018C4AFFA660>, deterministic=True)
2026-08-30 01:11:56,859 [DEBUG] aiosqlite: operation functools.partial(<built-in method create_function of sqlite3.Connection object at 0x0000018C4DC6C9A0>, 'regexp', 2, <function SQLiteDialect_pysqlite.on_connect.<locals>.regexp at 0x0000018C4AFFA660>, deterministic=True) completed
2026-08-30 01:11:56,859 [DEBUG] aiosqlite: executing functools.partial(<built-in method create_function of sqlite3.Connection object at 0x0000018C4DC6C9A0>, 'floor', 1, <built-in function floor>, deterministic=True)
2026-08-30 01:11:56,859 [DEBUG] aiosqlite: operation functools.partial(<built-in method create_function of sqlite3.Connection object at 0x0000018C4DC6C9A0>, 'floor', 1, <built-in function floor>, deterministic=True) completed
2026-08-30 01:11:56,859 [INFO] sqlalchemy.engine.Engine: BEGIN (implicit)
2026-08-30 01:11:56,859 [INFO] sqlalchemy.engine.Engine: SELECT task.id, task.story_id, task.status, task.progress, task.current_step, task.retry_count, task.error_message, task.created_at, task.updated_at 
FROM task 
WHERE task.id = ?
2026-08-30 01:11:56,859 [INFO] sqlalchemy.engine.Engine: [cached since 553.6s ago] ('2773220ff25c46149fb7e0fbe8bfafca',)
2026-08-30 01:11:56,859 [DEBUG] aiosqlite: executing functools.partial(<built-in method cursor of sqlite3.Connection object at 0x0000018C4DC6C9A0>)
2026-08-30 01:11:56,859 [DEBUG] aiosqlite: operation functools.partial(<built-in method cursor of sqlite3.Connection object at 0x0000018C4DC6C9A0>) completed
2026-08-30 01:11:56,859 [DEBUG] aiosqlite: executing functools.partial(<built-in method execute of sqlite3.Cursor object at 0x0000018C4DBF8DC0>, 'SELECT task.id, task.story_id, task.status, task.progress, task.current_step, task.retry_count, task.error_message, task.created_at, task.updated_at \nFROM task \nWHERE task.id = ?', ('2773220ff25c46149fb7e0fbe8bfafca',))
2026-08-30 01:11:56,859 [DEBUG] aiosqlite: operation functools.partial(<built-in method execute of sqlite3.Cursor object at 0x0000018C4DBF8DC0>, 'SELECT task.id, task.story_id, task.status, task.progress, task.current_step, task.retry_count, task.error_message, task.created_at, task.updated_at \nFROM task \nWHERE task.id = ?', ('2773220ff25c46149fb7e0fbe8bfafca',)) completed
2026-08-30 01:11:56,859 [DEBUG] aiosqlite: executing functools.partial(<built-in method fetchall of sqlite3.Cursor object at 0x0000018C4DBF8DC0>)
2026-08-30 01:11:56,859 [DEBUG] aiosqlite: operation functools.partial(<built-in method fetchall of sqlite3.Cursor object at 0x0000018C4DBF8DC0>) completed
2026-08-30 01:11:56,859 [DEBUG] aiosqlite: executing functools.partial(<built-in method close of sqlite3.Cursor object at 0x0000018C4DBF8DC0>)
2026-08-30 01:11:56,859 [DEBUG] aiosqlite: operation functools.partial(<built-in method close of sqlite3.Cursor object at 0x0000018C4DBF8DC0>) completed
2026-08-30 01:11:56,859 [INFO] sqlalchemy.engine.Engine: COMMIT
2026-08-30 01:11:56,859 [DEBUG] aiosqlite: executing functools.partial(<built-in method commit of sqlite3.Connection object at 0x0000018C4DC6C9A0>)
2026-08-30 01:11:56,859 [DEBUG] aiosqlite: operation functools.partial(<built-in method commit of sqlite3.Connection object at 0x0000018C4DC6C9A0>) completed
2026-08-30 01:11:56,859 [DEBUG] aiosqlite: executing functools.partial(<built-in method rollback of sqlite3.Connection object at 0x0000018C4DC6C9A0>)
2026-08-30 01:11:56,859 [DEBUG] aiosqlite: operation functools.partial(<built-in method rollback of sqlite3.Connection object at 0x0000018C4DC6C9A0>) completed
2026-08-30 01:11:56,859 [DEBUG] aiosqlite: executing functools.partial(<built-in method close of sqlite3.Connection object at 0x0000018C4DC6C9A0>)
2026-08-30 01:11:56,859 [DEBUG] aiosqlite: operation functools.partial(<built-in method close of sqlite3.Connection object at 0x0000018C4DC6C9A0>) completed
2026-08-30 01:12:01,896 [DEBUG] aiosqlite: executing <function connect.<locals>.connector at 0x0000018C4DC318A0>
2026-08-30 01:12:01,896 [DEBUG] aiosqlite: operation <function connect.<locals>.connector at 0x0000018C4DC318A0> completed
2026-08-30 01:12:01,896 [DEBUG] aiosqlite: executing functools.partial(<built-in method create_function of sqlite3.Connection object at 0x0000018C4DC6C6D0>, 'regexp', 2, <function SQLiteDialect_pysqlite.on_connect.<locals>.regexp at 0x0000018C4AFFA660>, deterministic=True)
2026-08-30 01:12:01,896 [DEBUG] aiosqlite: operation functools.partial(<built-in method create_function of sqlite3.Connection object at 0x0000018C4DC6C6D0>, 'regexp', 2, <function SQLiteDialect_pysqlite.on_connect.<locals>.regexp at 0x0000018C4AFFA660>, deterministic=True) completed
2026-08-30 01:12:01,896 [DEBUG] aiosqlite: executing functools.partial(<built-in method create_function of sqlite3.Connection object at 0x0000018C4DC6C6D0>, 'floor', 1, <built-in function floor>, deterministic=True)
2026-08-30 01:12:01,896 [DEBUG] aiosqlite: operation functools.partial(<built-in method create_function of sqlite3.Connection object at 0x0000018C4DC6C6D0>, 'floor', 1, <built-in function floor>, deterministic=True) completed
2026-08-30 01:12:01,896 [INFO] sqlalchemy.engine.Engine: BEGIN (implicit)
2026-08-30 01:12:01,896 [INFO] sqlalchemy.engine.Engine: SELECT task.id, task.story_id, task.status, task.progress, task.current_step, task.retry_count, task.error_message, task.created_at, task.updated_at 
FROM task 
WHERE task.id = ?
2026-08-30 01:12:01,896 [INFO] sqlalchemy.engine.Engine: [cached since 558.7s ago] ('2773220ff25c46149fb7e0fbe8bfafca',)
2026-08-30 01:12:01,896 [DEBUG] aiosqlite: executing functools.partial(<built-in method cursor of sqlite3.Connection object at 0x0000018C4DC6C6D0>)
2026-08-30 01:12:01,896 [DEBUG] aiosqlite: operation functools.partial(<built-in method cursor of sqlite3.Connection object at 0x0000018C4DC6C6D0>) completed
2026-08-30 01:12:01,896 [DEBUG] aiosqlite: executing functools.partial(<built-in method execute of sqlite3.Cursor object at 0x0000018C4DBF9340>, 'SELECT task.id, task.story_id, task.status, task.progress, task.current_step, task.retry_count, task.error_message, task.created_at, task.updated_at \nFROM task \nWHERE task.id = ?', ('2773220ff25c46149fb7e0fbe8bfafca',))
2026-08-30 01:12:01,896 [DEBUG] aiosqlite: operation functools.partial(<built-in method execute of sqlite3.Cursor object at 0x0000018C4DBF9340>, 'SELECT task.id, task.story_id, task.status, task.progress, task.current_step, task.retry_count, task.error_message, task.created_at, task.updated_at \nFROM task \nWHERE task.id = ?', ('2773220ff25c46149fb7e0fbe8bfafca',)) completed
2026-08-30 01:12:01,896 [DEBUG] aiosqlite: executing functools.partial(<built-in method fetchall of sqlite3.Cursor object at 0x0000018C4DBF9340>)
2026-08-30 01:12:01,896 [DEBUG] aiosqlite: operation functools.partial(<built-in method fetchall of sqlite3.Cursor object at 0x0000018C4DBF9340>) completed
2026-08-30 01:12:01,896 [DEBUG] aiosqlite: executing functools.partial(<built-in method close of sqlite3.Cursor object at 0x0000018C4DBF9340>)
2026-08-30 01:12:01,896 [DEBUG] aiosqlite: operation functools.partial(<built-in method close of sqlite3.Cursor object at 0x0000018C4DBF9340>) completed
2026-08-30 01:12:01,896 [INFO] sqlalchemy.engine.Engine: COMMIT
2026-08-30 01:12:01,896 [DEBUG] aiosqlite: executing functools.partial(<built-in method commit of sqlite3.Connection object at 0x0000018C4DC6C6D0>)
2026-08-30 01:12:01,896 [DEBUG] aiosqlite: operation functools.partial(<built-in method commit of sqlite3.Connection object at 0x0000018C4DC6C6D0>) completed
2026-08-30 01:12:01,896 [DEBUG] aiosqlite: executing functools.partial(<built-in method rollback of sqlite3.Connection object at 0x0000018C4DC6C6D0>)
2026-08-30 01:12:01,896 [DEBUG] aiosqlite: operation functools.partial(<built-in method rollback of sqlite3.Connection object at 0x0000018C4DC6C6D0>) completed
2026-08-30 01:12:01,896 [DEBUG] aiosqlite: executing functools.partial(<built-in method close of sqlite3.Connection object at 0x0000018C4DC6C6D0>)
2026-08-30 01:12:01,896 [DEBUG] aiosqlite: operation functools.partial(<built-in method close of sqlite3.Connection object at 0x0000018C4DC6C6D0>) completed
2026-08-30 01:12:05,086 [DEBUG] httpcore.http11: receive_response_body.complete
2026-08-30 01:12:05,102 [DEBUG] httpcore.http11: response_closed.started
2026-08-30 01:12:05,102 [DEBUG] httpcore.http11: response_closed.complete
2026-08-30 01:12:05,102 [DEBUG] openai._base_client: HTTP Response: POST https://api.deepseek.com/v1/chat/completions "200 OK" Headers({'server': 'openresty', 'content-type': 'application/json', 'vary': 'origin, access-control-request-method, access-control-request-headers', 'access-control-allow-credentials': 'true', 'x-ds-trace-id': '9be3c56446e34a16aecb646637c6003d', 'strict-transport-security': 'max-age=31536000; includeSubDomains; preload', 'x-content-type-options': 'nosniff', 'transfer-encoding': 'chunked', 'connection': 'keep-alive', 'date': 'Sat, 29 Aug 2026 17:10:50 GMT', 'eo-log-uuid': '11009131229758890672', 'eo-cache-status': 'MISS'})
2026-08-30 01:12:05,104 [DEBUG] openai._base_client: request_id: None
2026-08-30 01:12:05,106 [INFO] agents.storyboard_agent: Generating storyboard for episode 5 | story_id=8ad45d6c-4e70-4b92-8884-7500f2973209
2026-08-30 01:12:05,108 [DEBUG] openai._base_client: Request options: {'method': 'post', 'url': '/chat/completions', 'files': None, 'idempotency_key': 'stainless-python-retry-297adb06-a65f-49c5-93e8-b0157f91fa31', 'json_data': {'messages': [{'content': '你是一位资深动画分镜师，擅长将剧本拆解为精确的分镜脚本。\n你需要根据每集的剧本内容，生成逐场景的分镜描述，每个场景将用于AI图像生成。\n\n分镜原则：\n1. **镜头语言**：合理运用远景、中景、近景、特写、俯拍、仰拍等镜头\n2. **场景切换**：每个场景之间要有自然的过渡逻辑\n3. **角色一致性**：场景描述中必须精确引用角色外观，确保AI生成图像时角色形象一致\n4. **时长合理**：每个场景3-8秒，对话场景适当延长\n5. **画面构图**：每个场景的prompt要包含画面构图、光影、色调等细节\n\n可用镜头类型：\n- 远景（wide shot）：展示环境和氛围\n- 中景（medium shot）：展示人物上半身和互动\n- 近景（close-up）：展示人物面部表情\n- 特写（extreme close-up）：展示细节（眼睛、手、物品）\n- 俯拍（high angle shot）：从上往下看\n- 仰拍（low angle shot）：从下往上看\n\n输出必须是合法JSON数组，每个元素格式：\n{"scene": 1, "camera": "中景", "duration": 5, "prompt": "英文图像生成prompt", "characters": ["角色A"], "dialogue": "台词"}\n', 'role': 'system'}, {'content': '请为以下剧集生成分镜脚本：\n\n## 剧集信息\n第5集：雨夜的告别\n剧情概要：林默用后门逆转暗影之首的路径，夜影燃烧生命化作金色流星封死通道。三个月后，林默将冒险做成游戏，雨夜中传来熟悉的猫叫。\n\n## 完整剧本\n【林默出租屋，次日午时】\n窗外的天光诡异地变暗，电脑屏幕上，黑色代码与金色代码纠缠。\n林默深吸一口气，按下回车： “现在！”\n代码瞬间重组，屏幕上出现一个黑洞般的漩涡。\n暗影之首的怒吼从电脑里传出： “你怎么敢——！”\n林默： “你太熟悉我的套路，但真正的程序员，从不会把后门写进注释里——注释是会骗人的。”\n原来那行注释只是个幌子，真正的后门藏在无数恶搞代码之间。\n夜影站起来，金瞳明亮： “该我了。”\n小雨拉住他： “夜影……”\n夜影回头，用头蹭了蹭她的手掌： “公主，能再见到你，我已经没有遗憾。”\n说罢，他纵身跃向屏幕，身体燃烧起金色火焰，化作一道流星冲入漩涡。\n“轰——”\n白光照亮整个房间，电脑屏幕粉碎，暗影之首的嘶吼渐渐消失。\n光芒散去，一切归于平静。桌上，只剩一根黑色的猫毛。\n小雨跪坐在地，泣不成声。\n林默握紧那根猫毛，也红了眼眶： “谢谢你，夜影。”\n【三个月后，游戏发布会】\n大屏幕播放新游戏《雨夜之猫》的PV。\n林默穿着干净的衬衫站在台上： “这个游戏，献给一只会说话的猫，和一个教会我勇敢的公主。”\n台下，小雨微笑着鼓掌，她手腕上的星印已暗淡，却仍微微发光。\n【游戏画面：雨夜街头，一只黑猫从屋檐跃下，开口说：“凡人，这个BUG你永远改不完。”】\n观众笑声一片。\n林默也笑了。\n【深夜，办公室】\n林默独自加班，窗外下起雨，忽然传来一声猫叫。\n他猛地推开窗，雨幕中，一道金色光点一闪而逝。\n林默嘴角勾起： “等着我，我去找你。”\n【全剧终】\n\n## 角色外观参考（请严格保持一致）\n林默: Messy short black hair, unkempt and slightly overgrown, with strands sticking out in different directions., Pale sallow face, heavy dark circles under the eyes, tired but intense gaze., Thin and lanky, around 175cm, slightly hunched posture; appears tired and underweight., wearing Worn plaid shirt over a plain T-shirt, loose blue jeans, and scuffed white sneakers; black-rimmed glasses.\n夜影: Short, sleek black fur covering the entire body, glossy in the light., Golden vertical slit pupils, sharp and contemptuous expression, left ear has a visible notch; sleek whiskers., Lean and agile cat body, medium-sized, with a tail that can transform into a golden light chain; when burning life, golden flames envelop the whole form., wearing No clothing; natural black fur only.\n小雨: Long dark hair tied into a neat high ponytail, with a few loose strands framing her face., Soft, gentle face with warm eyes; after awakening, her pupils turn into shimmering starlight color., Slender and graceful, about 160cm tall; a small glowing star-shaped mark appears on her wrist., wearing A simple white dress that falls to her knees, with faint star-pattern embroidery on the hem; no heavy accessories.\n暗影之首: No hair; the entire form is a swirling, conscious black mist., No visible mouth or nose; two narrow, elongated scarlet eyes glow from within the darkness, radiating malice., Amorphous; can condense into a tall humanoid silhouette with no solid mass, or attach to electronic devices; height and build are unstable, shifting like smoke., wearing No clothes; instead, dark mist and shadow fragments form an ever-shifting cloak around the figure.\n\n## 要求\n1. 根据剧本内容，将每个关键场景拆分为独立的分镜\n2. 每个场景的prompt必须用英文编写，格式为：\n   "anime style, [镜头类型], [场景环境描述], [角色外观描述], [动作/表情描述], [光影/氛围], high quality, detailed"\n3. 角色外观必须完整引用上面的参考信息\n4. 每个场景的dialogue字段填写该场景对应的台词，无台词则为空字符串\n5. 每集生成5到10个场景\n\n请直接输出JSON数组，不要包含其他文字。\n', 'role': 'user'}], 'model': 'deepseek-v4-flash', 'max_tokens': 16384, 'n': 1, 'stream': False, 'temperature': 0.4}}
2026-08-30 01:12:05,110 [DEBUG] openai._base_client: Sending HTTP Request: POST https://api.deepseek.com/v1/chat/completions
2026-08-30 01:12:05,110 [DEBUG] httpcore.http11: send_request_headers.started request=<Request [b'POST']>
2026-08-30 01:12:05,110 [DEBUG] httpcore.http11: send_request_headers.complete
2026-08-30 01:12:05,110 [DEBUG] httpcore.http11: send_request_body.started request=<Request [b'POST']>
2026-08-30 01:12:05,110 [DEBUG] httpcore.http11: send_request_body.complete
2026-08-30 01:12:05,110 [DEBUG] httpcore.http11: receive_response_headers.started request=<Request [b'POST']>
2026-08-30 01:12:05,223 [DEBUG] httpcore.http11: receive_response_headers.complete return_value=(b'HTTP/1.1', 200, b'OK', [(b'Server', b'openresty'), (b'Content-Type', b'application/json'), (b'vary', b'origin, access-control-request-method, access-control-request-headers'), (b'access-control-allow-credentials', b'true'), (b'x-ds-trace-id', b'd61ba11065cd23e9c54bd5275aa21d49'), (b'Strict-Transport-Security', b'max-age=31536000; includeSubDomains; preload'), (b'X-Content-Type-Options', b'nosniff'), (b'Transfer-Encoding', b'chunked'), (b'Connection', b'keep-alive'), (b'Date', b'Sat, 29 Aug 2026 17:12:05 GMT'), (b'EO-LOG-UUID', b'7944928830378695752'), (b'EO-Cache-Status', b'MISS')])
2026-08-30 01:12:05,223 [INFO] httpx: HTTP Request: POST https://api.deepseek.com/v1/chat/completions "HTTP/1.1 200 OK"
2026-08-30 01:12:05,223 [DEBUG] httpcore.http11: receive_response_body.started request=<Request [b'POST']>
2026-08-30 01:12:06,942 [DEBUG] aiosqlite: executing <function connect.<locals>.connector at 0x0000018C4DC89080>
2026-08-30 01:12:06,951 [DEBUG] aiosqlite: operation <function connect.<locals>.connector at 0x0000018C4DC89080> completed
2026-08-30 01:12:06,951 [DEBUG] aiosqlite: executing functools.partial(<built-in method create_function of sqlite3.Connection object at 0x0000018C4DC6D300>, 'regexp', 2, <function SQLiteDialect_pysqlite.on_connect.<locals>.regexp at 0x0000018C4AFFA660>, deterministic=True)
2026-08-30 01:12:06,951 [DEBUG] aiosqlite: operation functools.partial(<built-in method create_function of sqlite3.Connection object at 0x0000018C4DC6D300>, 'regexp', 2, <function SQLiteDialect_pysqlite.on_connect.<locals>.regexp at 0x0000018C4AFFA660>, deterministic=True) completed
2026-08-30 01:12:06,951 [DEBUG] aiosqlite: executing functools.partial(<built-in method create_function of sqlite3.Connection object at 0x0000018C4DC6D300>, 'floor', 1, <built-in function floor>, deterministic=True)
2026-08-30 01:12:06,951 [DEBUG] aiosqlite: operation functools.partial(<built-in method create_function of sqlite3.Connection object at 0x0000018C4DC6D300>, 'floor', 1, <built-in function floor>, deterministic=True) completed
2026-08-30 01:12:06,951 [INFO] sqlalchemy.engine.Engine: BEGIN (implicit)
2026-08-30 01:12:06,951 [INFO] sqlalchemy.engine.Engine: SELECT task.id, task.story_id, task.status, task.progress, task.current_step, task.retry_count, task.error_message, task.created_at, task.updated_at 
FROM task 
WHERE task.id = ?
2026-08-30 01:12:06,951 [INFO] sqlalchemy.engine.Engine: [cached since 563.7s ago] ('2773220ff25c46149fb7e0fbe8bfafca',)
2026-08-30 01:12:06,951 [DEBUG] aiosqlite: executing functools.partial(<built-in method cursor of sqlite3.Connection object at 0x0000018C4DC6D300>)
2026-08-30 01:12:06,951 [DEBUG] aiosqlite: operation functools.partial(<built-in method cursor of sqlite3.Connection object at 0x0000018C4DC6D300>) completed
2026-08-30 01:12:06,951 [DEBUG] aiosqlite: executing functools.partial(<built-in method execute of sqlite3.Cursor object at 0x0000018C4DC2A940>, 'SELECT task.id, task.story_id, task.status, task.progress, task.current_step, task.retry_count, task.error_message, task.created_at, task.updated_at \nFROM task \nWHERE task.id = ?', ('2773220ff25c46149fb7e0fbe8bfafca',))
2026-08-30 01:12:06,951 [DEBUG] aiosqlite: operation functools.partial(<built-in method execute of sqlite3.Cursor object at 0x0000018C4DC2A940>, 'SELECT task.id, task.story_id, task.status, task.progress, task.current_step, task.retry_count, task.error_message, task.created_at, task.updated_at \nFROM task \nWHERE task.id = ?', ('2773220ff25c46149fb7e0fbe8bfafca',)) completed
2026-08-30 01:12:06,951 [DEBUG] aiosqlite: executing functools.partial(<built-in method fetchall of sqlite3.Cursor object at 0x0000018C4DC2A940>)
2026-08-30 01:12:06,951 [DEBUG] aiosqlite: operation functools.partial(<built-in method fetchall of sqlite3.Cursor object at 0x0000018C4DC2A940>) completed
2026-08-30 01:12:06,951 [DEBUG] aiosqlite: executing functools.partial(<built-in method close of sqlite3.Cursor object at 0x0000018C4DC2A940>)
2026-08-30 01:12:06,951 [DEBUG] aiosqlite: operation functools.partial(<built-in method close of sqlite3.Cursor object at 0x0000018C4DC2A940>) completed
2026-08-30 01:12:06,951 [INFO] sqlalchemy.engine.Engine: COMMIT
2026-08-30 01:12:06,951 [DEBUG] aiosqlite: executing functools.partial(<built-in method commit of sqlite3.Connection object at 0x0000018C4DC6D300>)
2026-08-30 01:12:06,951 [DEBUG] aiosqlite: operation functools.partial(<built-in method commit of sqlite3.Connection object at 0x0000018C4DC6D300>) completed
2026-08-30 01:12:06,951 [DEBUG] aiosqlite: executing functools.partial(<built-in method rollback of sqlite3.Connection object at 0x0000018C4DC6D300>)
2026-08-30 01:12:06,951 [DEBUG] aiosqlite: operation functools.partial(<built-in method rollback of sqlite3.Connection object at 0x0000018C4DC6D300>) completed
2026-08-30 01:12:06,951 [DEBUG] aiosqlite: executing functools.partial(<built-in method close of sqlite3.Connection object at 0x0000018C4DC6D300>)
2026-08-30 01:12:06,951 [DEBUG] aiosqlite: operation functools.partial(<built-in method close of sqlite3.Connection object at 0x0000018C4DC6D300>) completed
2026-08-30 01:12:11,995 [DEBUG] aiosqlite: executing <function connect.<locals>.connector at 0x0000018C4DC32A20>
2026-08-30 01:12:12,005 [DEBUG] aiosqlite: operation <function connect.<locals>.connector at 0x0000018C4DC32A20> completed
2026-08-30 01:12:12,005 [DEBUG] aiosqlite: executing functools.partial(<built-in method create_function of sqlite3.Connection object at 0x0000018C4DBBC220>, 'regexp', 2, <function SQLiteDialect_pysqlite.on_connect.<locals>.regexp at 0x0000018C4AFFA660>, deterministic=True)
2026-08-30 01:12:12,005 [DEBUG] aiosqlite: operation functools.partial(<built-in method create_function of sqlite3.Connection object at 0x0000018C4DBBC220>, 'regexp', 2, <function SQLiteDialect_pysqlite.on_connect.<locals>.regexp at 0x0000018C4AFFA660>, deterministic=True) completed
2026-08-30 01:12:12,006 [DEBUG] aiosqlite: executing functools.partial(<built-in method create_function of sqlite3.Connection object at 0x0000018C4DBBC220>, 'floor', 1, <built-in function floor>, deterministic=True)
2026-08-30 01:12:12,006 [DEBUG] aiosqlite: operation functools.partial(<built-in method create_function of sqlite3.Connection object at 0x0000018C4DBBC220>, 'floor', 1, <built-in function floor>, deterministic=True) completed
2026-08-30 01:12:12,006 [INFO] sqlalchemy.engine.Engine: BEGIN (implicit)
2026-08-30 01:12:12,007 [INFO] sqlalchemy.engine.Engine: SELECT task.id, task.story_id, task.status, task.progress, task.current_step, task.retry_count, task.error_message, task.created_at, task.updated_at 
FROM task 
WHERE task.id = ?
2026-08-30 01:12:12,007 [INFO] sqlalchemy.engine.Engine: [cached since 568.8s ago] ('2773220ff25c46149fb7e0fbe8bfafca',)
2026-08-30 01:12:12,007 [DEBUG] aiosqlite: executing functools.partial(<built-in method cursor of sqlite3.Connection object at 0x0000018C4DBBC220>)
2026-08-30 01:12:12,008 [DEBUG] aiosqlite: operation functools.partial(<built-in method cursor of sqlite3.Connection object at 0x0000018C4DBBC220>) completed
2026-08-30 01:12:12,008 [DEBUG] aiosqlite: executing functools.partial(<built-in method execute of sqlite3.Cursor object at 0x0000018C4DC389C0>, 'SELECT task.id, task.story_id, task.status, task.progress, task.current_step, task.retry_count, task.error_message, task.created_at, task.updated_at \nFROM task \nWHERE task.id = ?', ('2773220ff25c46149fb7e0fbe8bfafca',))
2026-08-30 01:12:12,008 [DEBUG] aiosqlite: operation functools.partial(<built-in method execute of sqlite3.Cursor object at 0x0000018C4DC389C0>, 'SELECT task.id, task.story_id, task.status, task.progress, task.current_step, task.retry_count, task.error_message, task.created_at, task.updated_at \nFROM task \nWHERE task.id = ?', ('2773220ff25c46149fb7e0fbe8bfafca',)) completed
2026-08-30 01:12:12,009 [DEBUG] aiosqlite: executing functools.partial(<built-in method fetchall of sqlite3.Cursor object at 0x0000018C4DC389C0>)
2026-08-30 01:12:12,009 [DEBUG] aiosqlite: operation functools.partial(<built-in method fetchall of sqlite3.Cursor object at 0x0000018C4DC389C0>) completed
2026-08-30 01:12:12,009 [DEBUG] aiosqlite: executing functools.partial(<built-in method close of sqlite3.Cursor object at 0x0000018C4DC389C0>)
2026-08-30 01:12:12,009 [DEBUG] aiosqlite: operation functools.partial(<built-in method close of sqlite3.Cursor object at 0x0000018C4DC389C0>) completed
2026-08-30 01:12:12,010 [INFO] sqlalchemy.engine.Engine: COMMIT
2026-08-30 01:12:12,011 [DEBUG] aiosqlite: executing functools.partial(<built-in method commit of sqlite3.Connection object at 0x0000018C4DBBC220>)
2026-08-30 01:12:12,011 [DEBUG] aiosqlite: operation functools.partial(<built-in method commit of sqlite3.Connection object at 0x0000018C4DBBC220>) completed
2026-08-30 01:12:12,011 [DEBUG] aiosqlite: executing functools.partial(<built-in method rollback of sqlite3.Connection object at 0x0000018C4DBBC220>)
2026-08-30 01:12:12,011 [DEBUG] aiosqlite: operation functools.partial(<built-in method rollback of sqlite3.Connection object at 0x0000018C4DBBC220>) completed
2026-08-30 01:12:12,011 [DEBUG] aiosqlite: executing functools.partial(<built-in method close of sqlite3.Connection object at 0x0000018C4DBBC220>)
2026-08-30 01:12:12,011 [DEBUG] aiosqlite: operation functools.partial(<built-in method close of sqlite3.Connection object at 0x0000018C4DBBC220>) completed
2026-08-30 01:12:17,036 [DEBUG] aiosqlite: executing <function connect.<locals>.connector at 0x0000018C4DC33560>
2026-08-30 01:12:17,045 [DEBUG] aiosqlite: operation <function connect.<locals>.connector at 0x0000018C4DC33560> completed
2026-08-30 01:12:17,047 [DEBUG] aiosqlite: executing functools.partial(<built-in method create_function of sqlite3.Connection object at 0x0000018C4DBBE7A0>, 'regexp', 2, <function SQLiteDialect_pysqlite.on_connect.<locals>.regexp at 0x0000018C4AFFA660>, deterministic=True)
2026-08-30 01:12:17,047 [DEBUG] aiosqlite: operation functools.partial(<built-in method create_function of sqlite3.Connection object at 0x0000018C4DBBE7A0>, 'regexp', 2, <function SQLiteDialect_pysqlite.on_connect.<locals>.regexp at 0x0000018C4AFFA660>, deterministic=True) completed
2026-08-30 01:12:17,047 [DEBUG] aiosqlite: executing functools.partial(<built-in method create_function of sqlite3.Connection object at 0x0000018C4DBBE7A0>, 'floor', 1, <built-in function floor>, deterministic=True)
2026-08-30 01:12:17,047 [DEBUG] aiosqlite: operation functools.partial(<built-in method create_function of sqlite3.Connection object at 0x0000018C4DBBE7A0>, 'floor', 1, <built-in function floor>, deterministic=True) completed
2026-08-30 01:12:17,047 [INFO] sqlalchemy.engine.Engine: BEGIN (implicit)
2026-08-30 01:12:17,047 [INFO] sqlalchemy.engine.Engine: SELECT task.id, task.story_id, task.status, task.progress, task.current_step, task.retry_count, task.error_message, task.created_at, task.updated_at 
FROM task 
WHERE task.id = ?
2026-08-30 01:12:17,047 [INFO] sqlalchemy.engine.Engine: [cached since 573.8s ago] ('2773220ff25c46149fb7e0fbe8bfafca',)
2026-08-30 01:12:17,047 [DEBUG] aiosqlite: executing functools.partial(<built-in method cursor of sqlite3.Connection object at 0x0000018C4DBBE7A0>)
2026-08-30 01:12:17,047 [DEBUG] aiosqlite: operation functools.partial(<built-in method cursor of sqlite3.Connection object at 0x0000018C4DBBE7A0>) completed
2026-08-30 01:12:17,047 [DEBUG] aiosqlite: executing functools.partial(<built-in method execute of sqlite3.Cursor object at 0x0000018C4DC38EC0>, 'SELECT task.id, task.story_id, task.status, task.progress, task.current_step, task.retry_count, task.error_message, task.created_at, task.updated_at \nFROM task \nWHERE task.id = ?', ('2773220ff25c46149fb7e0fbe8bfafca',))
2026-08-30 01:12:17,047 [DEBUG] aiosqlite: operation functools.partial(<built-in method execute of sqlite3.Cursor object at 0x0000018C4DC38EC0>, 'SELECT task.id, task.story_id, task.status, task.progress, task.current_step, task.retry_count, task.error_message, task.created_at, task.updated_at \nFROM task \nWHERE task.id = ?', ('2773220ff25c46149fb7e0fbe8bfafca',)) completed
2026-08-30 01:12:17,047 [DEBUG] aiosqlite: executing functools.partial(<built-in method fetchall of sqlite3.Cursor object at 0x0000018C4DC38EC0>)
2026-08-30 01:12:17,047 [DEBUG] aiosqlite: operation functools.partial(<built-in method fetchall of sqlite3.Cursor object at 0x0000018C4DC38EC0>) completed
2026-08-30 01:12:17,047 [DEBUG] aiosqlite: executing functools.partial(<built-in method close of sqlite3.Cursor object at 0x0000018C4DC38EC0>)
2026-08-30 01:12:17,047 [DEBUG] aiosqlite: operation functools.partial(<built-in method close of sqlite3.Cursor object at 0x0000018C4DC38EC0>) completed
2026-08-30 01:12:17,047 [INFO] sqlalchemy.engine.Engine: COMMIT
2026-08-30 01:12:17,047 [DEBUG] aiosqlite: executing functools.partial(<built-in method commit of sqlite3.Connection object at 0x0000018C4DBBE7A0>)
2026-08-30 01:12:17,047 [DEBUG] aiosqlite: operation functools.partial(<built-in method commit of sqlite3.Connection object at 0x0000018C4DBBE7A0>) completed
2026-08-30 01:12:17,047 [DEBUG] aiosqlite: executing functools.partial(<built-in method rollback of sqlite3.Connection object at 0x0000018C4DBBE7A0>)
2026-08-30 01:12:17,047 [DEBUG] aiosqlite: operation functools.partial(<built-in method rollback of sqlite3.Connection object at 0x0000018C4DBBE7A0>) completed
2026-08-30 01:12:17,047 [DEBUG] aiosqlite: executing functools.partial(<built-in method close of sqlite3.Connection object at 0x0000018C4DBBE7A0>)
2026-08-30 01:12:17,047 [DEBUG] aiosqlite: operation functools.partial(<built-in method close of sqlite3.Connection object at 0x0000018C4DBBE7A0>) completed
2026-08-30 01:12:22,063 [DEBUG] aiosqlite: executing <function connect.<locals>.connector at 0x0000018C4DC331A0>
2026-08-30 01:12:22,063 [DEBUG] aiosqlite: operation <function connect.<locals>.connector at 0x0000018C4DC331A0> completed
2026-08-30 01:12:22,063 [DEBUG] aiosqlite: executing functools.partial(<built-in method create_function of sqlite3.Connection object at 0x0000018C4DBBC5E0>, 'regexp', 2, <function SQLiteDialect_pysqlite.on_connect.<locals>.regexp at 0x0000018C4AFFA660>, deterministic=True)
2026-08-30 01:12:22,063 [DEBUG] aiosqlite: operation functools.partial(<built-in method create_function of sqlite3.Connection object at 0x0000018C4DBBC5E0>, 'regexp', 2, <function SQLiteDialect_pysqlite.on_connect.<locals>.regexp at 0x0000018C4AFFA660>, deterministic=True) completed
2026-08-30 01:12:22,063 [DEBUG] aiosqlite: executing functools.partial(<built-in method create_function of sqlite3.Connection object at 0x0000018C4DBBC5E0>, 'floor', 1, <built-in function floor>, deterministic=True)
2026-08-30 01:12:22,063 [DEBUG] aiosqlite: operation functools.partial(<built-in method create_function of sqlite3.Connection object at 0x0000018C4DBBC5E0>, 'floor', 1, <built-in function floor>, deterministic=True) completed
2026-08-30 01:12:22,063 [INFO] sqlalchemy.engine.Engine: BEGIN (implicit)
2026-08-30 01:12:22,063 [INFO] sqlalchemy.engine.Engine: SELECT task.id, task.story_id, task.status, task.progress, task.current_step, task.retry_count, task.error_message, task.created_at, task.updated_at 
FROM task 
WHERE task.id = ?
2026-08-30 01:12:22,063 [INFO] sqlalchemy.engine.Engine: [cached since 578.8s ago] ('2773220ff25c46149fb7e0fbe8bfafca',)
2026-08-30 01:12:22,063 [DEBUG] aiosqlite: executing functools.partial(<built-in method cursor of sqlite3.Connection object at 0x0000018C4DBBC5E0>)
2026-08-30 01:12:22,063 [DEBUG] aiosqlite: operation functools.partial(<built-in method cursor of sqlite3.Connection object at 0x0000018C4DBBC5E0>) completed
2026-08-30 01:12:22,063 [DEBUG] aiosqlite: executing functools.partial(<built-in method execute of sqlite3.Cursor object at 0x0000018C4DC39E40>, 'SELECT task.id, task.story_id, task.status, task.progress, task.current_step, task.retry_count, task.error_message, task.created_at, task.updated_at \nFROM task \nWHERE task.id = ?', ('2773220ff25c46149fb7e0fbe8bfafca',))
2026-08-30 01:12:22,063 [DEBUG] aiosqlite: operation functools.partial(<built-in method execute of sqlite3.Cursor object at 0x0000018C4DC39E40>, 'SELECT task.id, task.story_id, task.status, task.progress, task.current_step, task.retry_count, task.error_message, task.created_at, task.updated_at \nFROM task \nWHERE task.id = ?', ('2773220ff25c46149fb7e0fbe8bfafca',)) completed
2026-08-30 01:12:22,063 [DEBUG] aiosqlite: executing functools.partial(<built-in method fetchall of sqlite3.Cursor object at 0x0000018C4DC39E40>)
2026-08-30 01:12:22,063 [DEBUG] aiosqlite: operation functools.partial(<built-in method fetchall of sqlite3.Cursor object at 0x0000018C4DC39E40>) completed
2026-08-30 01:12:22,063 [DEBUG] aiosqlite: executing functools.partial(<built-in method close of sqlite3.Cursor object at 0x0000018C4DC39E40>)
2026-08-30 01:12:22,063 [DEBUG] aiosqlite: operation functools.partial(<built-in method close of sqlite3.Cursor object at 0x0000018C4DC39E40>) completed
2026-08-30 01:12:22,063 [INFO] sqlalchemy.engine.Engine: COMMIT
2026-08-30 01:12:22,063 [DEBUG] aiosqlite: executing functools.partial(<built-in method commit of sqlite3.Connection object at 0x0000018C4DBBC5E0>)
2026-08-30 01:12:22,063 [DEBUG] aiosqlite: operation functools.partial(<built-in method commit of sqlite3.Connection object at 0x0000018C4DBBC5E0>) completed
2026-08-30 01:12:22,063 [DEBUG] aiosqlite: executing functools.partial(<built-in method rollback of sqlite3.Connection object at 0x0000018C4DBBC5E0>)
2026-08-30 01:12:22,063 [DEBUG] aiosqlite: operation functools.partial(<built-in method rollback of sqlite3.Connection object at 0x0000018C4DBBC5E0>) completed
2026-08-30 01:12:22,063 [DEBUG] aiosqlite: executing functools.partial(<built-in method close of sqlite3.Connection object at 0x0000018C4DBBC5E0>)
2026-08-30 01:12:22,063 [DEBUG] aiosqlite: operation functools.partial(<built-in method close of sqlite3.Connection object at 0x0000018C4DBBC5E0>) completed
2026-08-30 01:12:27,087 [DEBUG] aiosqlite: executing <function connect.<locals>.connector at 0x0000018C4DC323E0>
2026-08-30 01:12:27,097 [DEBUG] aiosqlite: operation <function connect.<locals>.connector at 0x0000018C4DC323E0> completed
2026-08-30 01:12:27,099 [DEBUG] aiosqlite: executing functools.partial(<built-in method create_function of sqlite3.Connection object at 0x0000018C4DBBE2F0>, 'regexp', 2, <function SQLiteDialect_pysqlite.on_connect.<locals>.regexp at 0x0000018C4AFFA660>, deterministic=True)
2026-08-30 01:12:27,100 [DEBUG] aiosqlite: operation functools.partial(<built-in method create_function of sqlite3.Connection object at 0x0000018C4DBBE2F0>, 'regexp', 2, <function SQLiteDialect_pysqlite.on_connect.<locals>.regexp at 0x0000018C4AFFA660>, deterministic=True) completed
2026-08-30 01:12:27,100 [DEBUG] aiosqlite: executing functools.partial(<built-in method create_function of sqlite3.Connection object at 0x0000018C4DBBE2F0>, 'floor', 1, <built-in function floor>, deterministic=True)
2026-08-30 01:12:27,102 [DEBUG] aiosqlite: operation functools.partial(<built-in method create_function of sqlite3.Connection object at 0x0000018C4DBBE2F0>, 'floor', 1, <built-in function floor>, deterministic=True) completed
2026-08-30 01:12:27,103 [INFO] sqlalchemy.engine.Engine: BEGIN (implicit)
2026-08-30 01:12:27,104 [INFO] sqlalchemy.engine.Engine: SELECT task.id, task.story_id, task.status, task.progress, task.current_step, task.retry_count, task.error_message, task.created_at, task.updated_at 
FROM task 
WHERE task.id = ?
2026-08-30 01:12:27,105 [INFO] sqlalchemy.engine.Engine: [cached since 583.9s ago] ('2773220ff25c46149fb7e0fbe8bfafca',)
2026-08-30 01:12:27,105 [DEBUG] aiosqlite: executing functools.partial(<built-in method cursor of sqlite3.Connection object at 0x0000018C4DBBE2F0>)
2026-08-30 01:12:27,106 [DEBUG] aiosqlite: operation functools.partial(<built-in method cursor of sqlite3.Connection object at 0x0000018C4DBBE2F0>) completed
2026-08-30 01:12:27,106 [DEBUG] aiosqlite: executing functools.partial(<built-in method execute of sqlite3.Cursor object at 0x0000018C4DC38AC0>, 'SELECT task.id, task.story_id, task.status, task.progress, task.current_step, task.retry_count, task.error_message, task.created_at, task.updated_at \nFROM task \nWHERE task.id = ?', ('2773220ff25c46149fb7e0fbe8bfafca',))
2026-08-30 01:12:27,107 [DEBUG] aiosqlite: operation functools.partial(<built-in method execute of sqlite3.Cursor object at 0x0000018C4DC38AC0>, 'SELECT task.id, task.story_id, task.status, task.progress, task.current_step, task.retry_count, task.error_message, task.created_at, task.updated_at \nFROM task \nWHERE task.id = ?', ('2773220ff25c46149fb7e0fbe8bfafca',)) completed
2026-08-30 01:12:27,107 [DEBUG] aiosqlite: executing functools.partial(<built-in method fetchall of sqlite3.Cursor object at 0x0000018C4DC38AC0>)
2026-08-30 01:12:27,107 [DEBUG] aiosqlite: operation functools.partial(<built-in method fetchall of sqlite3.Cursor object at 0x0000018C4DC38AC0>) completed
2026-08-30 01:12:27,109 [DEBUG] aiosqlite: executing functools.partial(<built-in method close of sqlite3.Cursor object at 0x0000018C4DC38AC0>)
2026-08-30 01:12:27,109 [DEBUG] aiosqlite: operation functools.partial(<built-in method close of sqlite3.Cursor object at 0x0000018C4DC38AC0>) completed
2026-08-30 01:12:27,110 [INFO] sqlalchemy.engine.Engine: COMMIT
2026-08-30 01:12:27,110 [DEBUG] aiosqlite: executing functools.partial(<built-in method commit of sqlite3.Connection object at 0x0000018C4DBBE2F0>)
2026-08-30 01:12:27,110 [DEBUG] aiosqlite: operation functools.partial(<built-in method commit of sqlite3.Connection object at 0x0000018C4DBBE2F0>) completed
2026-08-30 01:12:27,110 [DEBUG] aiosqlite: executing functools.partial(<built-in method rollback of sqlite3.Connection object at 0x0000018C4DBBE2F0>)
2026-08-30 01:12:27,111 [DEBUG] aiosqlite: operation functools.partial(<built-in method rollback of sqlite3.Connection object at 0x0000018C4DBBE2F0>) completed
2026-08-30 01:12:27,111 [DEBUG] aiosqlite: executing functools.partial(<built-in method close of sqlite3.Connection object at 0x0000018C4DBBE2F0>)
2026-08-30 01:12:27,111 [DEBUG] aiosqlite: operation functools.partial(<built-in method close of sqlite3.Connection object at 0x0000018C4DBBE2F0>) completed
2026-08-30 01:12:32,120 [DEBUG] aiosqlite: executing <function connect.<locals>.connector at 0x0000018C4DC332E0>
2026-08-30 01:12:32,130 [DEBUG] aiosqlite: operation <function connect.<locals>.connector at 0x0000018C4DC332E0> completed
2026-08-30 01:12:32,130 [DEBUG] aiosqlite: executing functools.partial(<built-in method create_function of sqlite3.Connection object at 0x0000018C4DB5A200>, 'regexp', 2, <function SQLiteDialect_pysqlite.on_connect.<locals>.regexp at 0x0000018C4AFFA660>, deterministic=True)
2026-08-30 01:12:32,130 [DEBUG] aiosqlite: operation functools.partial(<built-in method create_function of sqlite3.Connection object at 0x0000018C4DB5A200>, 'regexp', 2, <function SQLiteDialect_pysqlite.on_connect.<locals>.regexp at 0x0000018C4AFFA660>, deterministic=True) completed
2026-08-30 01:12:32,130 [DEBUG] aiosqlite: executing functools.partial(<built-in method create_function of sqlite3.Connection object at 0x0000018C4DB5A200>, 'floor', 1, <built-in function floor>, deterministic=True)
2026-08-30 01:12:32,130 [DEBUG] aiosqlite: operation functools.partial(<built-in method create_function of sqlite3.Connection object at 0x0000018C4DB5A200>, 'floor', 1, <built-in function floor>, deterministic=True) completed
2026-08-30 01:12:32,130 [INFO] sqlalchemy.engine.Engine: BEGIN (implicit)
2026-08-30 01:12:32,136 [INFO] sqlalchemy.engine.Engine: SELECT task.id, task.story_id, task.status, task.progress, task.current_step, task.retry_count, task.error_message, task.created_at, task.updated_at 
FROM task 
WHERE task.id = ?
2026-08-30 01:12:32,136 [INFO] sqlalchemy.engine.Engine: [cached since 588.9s ago] ('2773220ff25c46149fb7e0fbe8bfafca',)
2026-08-30 01:12:32,136 [DEBUG] aiosqlite: executing functools.partial(<built-in method cursor of sqlite3.Connection object at 0x0000018C4DB5A200>)
2026-08-30 01:12:32,136 [DEBUG] aiosqlite: operation functools.partial(<built-in method cursor of sqlite3.Connection object at 0x0000018C4DB5A200>) completed
2026-08-30 01:12:32,136 [DEBUG] aiosqlite: executing functools.partial(<built-in method execute of sqlite3.Cursor object at 0x0000018C4DC38EC0>, 'SELECT task.id, task.story_id, task.status, task.progress, task.current_step, task.retry_count, task.error_message, task.created_at, task.updated_at \nFROM task \nWHERE task.id = ?', ('2773220ff25c46149fb7e0fbe8bfafca',))
2026-08-30 01:12:32,136 [DEBUG] aiosqlite: operation functools.partial(<built-in method execute of sqlite3.Cursor object at 0x0000018C4DC38EC0>, 'SELECT task.id, task.story_id, task.status, task.progress, task.current_step, task.retry_count, task.error_message, task.created_at, task.updated_at \nFROM task \nWHERE task.id = ?', ('2773220ff25c46149fb7e0fbe8bfafca',)) completed
2026-08-30 01:12:32,136 [DEBUG] aiosqlite: executing functools.partial(<built-in method fetchall of sqlite3.Cursor object at 0x0000018C4DC38EC0>)
2026-08-30 01:12:32,136 [DEBUG] aiosqlite: operation functools.partial(<built-in method fetchall of sqlite3.Cursor object at 0x0000018C4DC38EC0>) completed
2026-08-30 01:12:32,136 [DEBUG] aiosqlite: executing functools.partial(<built-in method close of sqlite3.Cursor object at 0x0000018C4DC38EC0>)
2026-08-30 01:12:32,136 [DEBUG] aiosqlite: operation functools.partial(<built-in method close of sqlite3.Cursor object at 0x0000018C4DC38EC0>) completed
2026-08-30 01:12:32,136 [INFO] sqlalchemy.engine.Engine: COMMIT
2026-08-30 01:12:32,136 [DEBUG] aiosqlite: executing functools.partial(<built-in method commit of sqlite3.Connection object at 0x0000018C4DB5A200>)
2026-08-30 01:12:32,136 [DEBUG] aiosqlite: operation functools.partial(<built-in method commit of sqlite3.Connection object at 0x0000018C4DB5A200>) completed
2026-08-30 01:12:32,136 [DEBUG] aiosqlite: executing functools.partial(<built-in method rollback of sqlite3.Connection object at 0x0000018C4DB5A200>)
2026-08-30 01:12:32,136 [DEBUG] aiosqlite: operation functools.partial(<built-in method rollback of sqlite3.Connection object at 0x0000018C4DB5A200>) completed
2026-08-30 01:12:32,136 [DEBUG] aiosqlite: executing functools.partial(<built-in method close of sqlite3.Connection object at 0x0000018C4DB5A200>)
2026-08-30 01:12:32,136 [DEBUG] aiosqlite: operation functools.partial(<built-in method close of sqlite3.Connection object at 0x0000018C4DB5A200>) completed
2026-08-30 01:12:37,163 [DEBUG] aiosqlite: executing <function connect.<locals>.connector at 0x0000018C4DC33CE0>
2026-08-30 01:12:37,163 [DEBUG] aiosqlite: operation <function connect.<locals>.connector at 0x0000018C4DC33CE0> completed
2026-08-30 01:12:37,163 [DEBUG] aiosqlite: executing functools.partial(<built-in method create_function of sqlite3.Connection object at 0x0000018C4DB5B3D0>, 'regexp', 2, <function SQLiteDialect_pysqlite.on_connect.<locals>.regexp at 0x0000018C4AFFA660>, deterministic=True)
2026-08-30 01:12:37,163 [DEBUG] aiosqlite: operation functools.partial(<built-in method create_function of sqlite3.Connection object at 0x0000018C4DB5B3D0>, 'regexp', 2, <function SQLiteDialect_pysqlite.on_connect.<locals>.regexp at 0x0000018C4AFFA660>, deterministic=True) completed
2026-08-30 01:12:37,163 [DEBUG] aiosqlite: executing functools.partial(<built-in method create_function of sqlite3.Connection object at 0x0000018C4DB5B3D0>, 'floor', 1, <built-in function floor>, deterministic=True)
2026-08-30 01:12:37,163 [DEBUG] aiosqlite: operation functools.partial(<built-in method create_function of sqlite3.Connection object at 0x0000018C4DB5B3D0>, 'floor', 1, <built-in function floor>, deterministic=True) completed
2026-08-30 01:12:37,163 [INFO] sqlalchemy.engine.Engine: BEGIN (implicit)
2026-08-30 01:12:37,163 [INFO] sqlalchemy.engine.Engine: SELECT task.id, task.story_id, task.status, task.progress, task.current_step, task.retry_count, task.error_message, task.created_at, task.updated_at 
FROM task 
WHERE task.id = ?
2026-08-30 01:12:37,163 [INFO] sqlalchemy.engine.Engine: [cached since 593.9s ago] ('2773220ff25c46149fb7e0fbe8bfafca',)
2026-08-30 01:12:37,163 [DEBUG] aiosqlite: executing functools.partial(<built-in method cursor of sqlite3.Connection object at 0x0000018C4DB5B3D0>)
2026-08-30 01:12:37,163 [DEBUG] aiosqlite: operation functools.partial(<built-in method cursor of sqlite3.Connection object at 0x0000018C4DB5B3D0>) completed
2026-08-30 01:12:37,163 [DEBUG] aiosqlite: executing functools.partial(<built-in method execute of sqlite3.Cursor object at 0x0000018C4DC391C0>, 'SELECT task.id, task.story_id, task.status, task.progress, task.current_step, task.retry_count, task.error_message, task.created_at, task.updated_at \nFROM task \nWHERE task.id = ?', ('2773220ff25c46149fb7e0fbe8bfafca',))
2026-08-30 01:12:37,175 [DEBUG] aiosqlite: operation functools.partial(<built-in method execute of sqlite3.Cursor object at 0x0000018C4DC391C0>, 'SELECT task.id, task.story_id, task.status, task.progress, task.current_step, task.retry_count, task.error_message, task.created_at, task.updated_at \nFROM task \nWHERE task.id = ?', ('2773220ff25c46149fb7e0fbe8bfafca',)) completed
2026-08-30 01:12:37,175 [DEBUG] aiosqlite: executing functools.partial(<built-in method fetchall of sqlite3.Cursor object at 0x0000018C4DC391C0>)
2026-08-30 01:12:37,175 [DEBUG] aiosqlite: operation functools.partial(<built-in method fetchall of sqlite3.Cursor object at 0x0000018C4DC391C0>) completed
2026-08-30 01:12:37,176 [DEBUG] aiosqlite: executing functools.partial(<built-in method close of sqlite3.Cursor object at 0x0000018C4DC391C0>)
2026-08-30 01:12:37,176 [DEBUG] aiosqlite: operation functools.partial(<built-in method close of sqlite3.Cursor object at 0x0000018C4DC391C0>) completed
2026-08-30 01:12:37,177 [INFO] sqlalchemy.engine.Engine: COMMIT
2026-08-30 01:12:37,177 [DEBUG] aiosqlite: executing functools.partial(<built-in method commit of sqlite3.Connection object at 0x0000018C4DB5B3D0>)
2026-08-30 01:12:37,177 [DEBUG] aiosqlite: operation functools.partial(<built-in method commit of sqlite3.Connection object at 0x0000018C4DB5B3D0>) completed
2026-08-30 01:12:37,177 [DEBUG] aiosqlite: executing functools.partial(<built-in method rollback of sqlite3.Connection object at 0x0000018C4DB5B3D0>)
2026-08-30 01:12:37,178 [DEBUG] aiosqlite: operation functools.partial(<built-in method rollback of sqlite3.Connection object at 0x0000018C4DB5B3D0>) completed
2026-08-30 01:12:37,178 [DEBUG] aiosqlite: executing functools.partial(<built-in method close of sqlite3.Connection object at 0x0000018C4DB5B3D0>)
2026-08-30 01:12:37,178 [DEBUG] aiosqlite: operation functools.partial(<built-in method close of sqlite3.Connection object at 0x0000018C4DB5B3D0>) completed
2026-08-30 01:12:42,202 [DEBUG] aiosqlite: executing <function connect.<locals>.connector at 0x0000018C4DC33920>
2026-08-30 01:12:42,213 [DEBUG] aiosqlite: operation <function connect.<locals>.connector at 0x0000018C4DC33920> completed
2026-08-30 01:12:42,213 [DEBUG] aiosqlite: executing functools.partial(<built-in method create_function of sqlite3.Connection object at 0x0000018C4DB5BF10>, 'regexp', 2, <function SQLiteDialect_pysqlite.on_connect.<locals>.regexp at 0x0000018C4AFFA660>, deterministic=True)
2026-08-30 01:12:42,213 [DEBUG] aiosqlite: operation functools.partial(<built-in method create_function of sqlite3.Connection object at 0x0000018C4DB5BF10>, 'regexp', 2, <function SQLiteDialect_pysqlite.on_connect.<locals>.regexp at 0x0000018C4AFFA660>, deterministic=True) completed
2026-08-30 01:12:42,213 [DEBUG] aiosqlite: executing functools.partial(<built-in method create_function of sqlite3.Connection object at 0x0000018C4DB5BF10>, 'floor', 1, <built-in function floor>, deterministic=True)
2026-08-30 01:12:42,213 [DEBUG] aiosqlite: operation functools.partial(<built-in method create_function of sqlite3.Connection object at 0x0000018C4DB5BF10>, 'floor', 1, <built-in function floor>, deterministic=True) completed
2026-08-30 01:12:42,213 [INFO] sqlalchemy.engine.Engine: BEGIN (implicit)
2026-08-30 01:12:42,213 [INFO] sqlalchemy.engine.Engine: SELECT task.id, task.story_id, task.status, task.progress, task.current_step, task.retry_count, task.error_message, task.created_at, task.updated_at 
FROM task 
WHERE task.id = ?
2026-08-30 01:12:42,213 [INFO] sqlalchemy.engine.Engine: [cached since 599s ago] ('2773220ff25c46149fb7e0fbe8bfafca',)
2026-08-30 01:12:42,213 [DEBUG] aiosqlite: executing functools.partial(<built-in method cursor of sqlite3.Connection object at 0x0000018C4DB5BF10>)
2026-08-30 01:12:42,213 [DEBUG] aiosqlite: operation functools.partial(<built-in method cursor of sqlite3.Connection object at 0x0000018C4DB5BF10>) completed
2026-08-30 01:12:42,213 [DEBUG] aiosqlite: executing functools.partial(<built-in method execute of sqlite3.Cursor object at 0x0000018C4DC39E40>, 'SELECT task.id, task.story_id, task.status, task.progress, task.current_step, task.retry_count, task.error_message, task.created_at, task.updated_at \nFROM task \nWHERE task.id = ?', ('2773220ff25c46149fb7e0fbe8bfafca',))
2026-08-30 01:12:42,213 [DEBUG] aiosqlite: operation functools.partial(<built-in method execute of sqlite3.Cursor object at 0x0000018C4DC39E40>, 'SELECT task.id, task.story_id, task.status, task.progress, task.current_step, task.retry_count, task.error_message, task.created_at, task.updated_at \nFROM task \nWHERE task.id = ?', ('2773220ff25c46149fb7e0fbe8bfafca',)) completed
2026-08-30 01:12:42,213 [DEBUG] aiosqlite: executing functools.partial(<built-in method fetchall of sqlite3.Cursor object at 0x0000018C4DC39E40>)
2026-08-30 01:12:42,213 [DEBUG] aiosqlite: operation functools.partial(<built-in method fetchall of sqlite3.Cursor object at 0x0000018C4DC39E40>) completed
2026-08-30 01:12:42,213 [DEBUG] aiosqlite: executing functools.partial(<built-in method close of sqlite3.Cursor object at 0x0000018C4DC39E40>)
2026-08-30 01:12:42,213 [DEBUG] aiosqlite: operation functools.partial(<built-in method close of sqlite3.Cursor object at 0x0000018C4DC39E40>) completed
2026-08-30 01:12:42,213 [INFO] sqlalchemy.engine.Engine: COMMIT
2026-08-30 01:12:42,213 [DEBUG] aiosqlite: executing functools.partial(<built-in method commit of sqlite3.Connection object at 0x0000018C4DB5BF10>)
2026-08-30 01:12:42,213 [DEBUG] aiosqlite: operation functools.partial(<built-in method commit of sqlite3.Connection object at 0x0000018C4DB5BF10>) completed
2026-08-30 01:12:42,213 [DEBUG] aiosqlite: executing functools.partial(<built-in method rollback of sqlite3.Connection object at 0x0000018C4DB5BF10>)
2026-08-30 01:12:42,213 [DEBUG] aiosqlite: operation functools.partial(<built-in method rollback of sqlite3.Connection object at 0x0000018C4DB5BF10>) completed
2026-08-30 01:12:42,213 [DEBUG] aiosqlite: executing functools.partial(<built-in method close of sqlite3.Connection object at 0x0000018C4DB5BF10>)
2026-08-30 01:12:42,213 [DEBUG] aiosqlite: operation functools.partial(<built-in method close of sqlite3.Connection object at 0x0000018C4DB5BF10>) completed
2026-08-30 01:12:47,241 [DEBUG] aiosqlite: executing <function connect.<locals>.connector at 0x0000018C4DC31C60>
2026-08-30 01:12:47,251 [DEBUG] aiosqlite: operation <function connect.<locals>.connector at 0x0000018C4DC31C60> completed
2026-08-30 01:12:47,251 [DEBUG] aiosqlite: executing functools.partial(<built-in method create_function of sqlite3.Connection object at 0x0000018C4DB5BB50>, 'regexp', 2, <function SQLiteDialect_pysqlite.on_connect.<locals>.regexp at 0x0000018C4AFFA660>, deterministic=True)
2026-08-30 01:12:47,251 [DEBUG] aiosqlite: operation functools.partial(<built-in method create_function of sqlite3.Connection object at 0x0000018C4DB5BB50>, 'regexp', 2, <function SQLiteDialect_pysqlite.on_connect.<locals>.regexp at 0x0000018C4AFFA660>, deterministic=True) completed
2026-08-30 01:12:47,251 [DEBUG] aiosqlite: executing functools.partial(<built-in method create_function of sqlite3.Connection object at 0x0000018C4DB5BB50>, 'floor', 1, <built-in function floor>, deterministic=True)
2026-08-30 01:12:47,251 [DEBUG] aiosqlite: operation functools.partial(<built-in method create_function of sqlite3.Connection object at 0x0000018C4DB5BB50>, 'floor', 1, <built-in function floor>, deterministic=True) completed
2026-08-30 01:12:47,251 [INFO] sqlalchemy.engine.Engine: BEGIN (implicit)
2026-08-30 01:12:47,251 [INFO] sqlalchemy.engine.Engine: SELECT task.id, task.story_id, task.status, task.progress, task.current_step, task.retry_count, task.error_message, task.created_at, task.updated_at 
FROM task 
WHERE task.id = ?
2026-08-30 01:12:47,251 [INFO] sqlalchemy.engine.Engine: [cached since 604s ago] ('2773220ff25c46149fb7e0fbe8bfafca',)
2026-08-30 01:12:47,256 [DEBUG] aiosqlite: executing functools.partial(<built-in method cursor of sqlite3.Connection object at 0x0000018C4DB5BB50>)
2026-08-30 01:12:47,256 [DEBUG] aiosqlite: operation functools.partial(<built-in method cursor of sqlite3.Connection object at 0x0000018C4DB5BB50>) completed
2026-08-30 01:12:47,256 [DEBUG] aiosqlite: executing functools.partial(<built-in method execute of sqlite3.Cursor object at 0x0000018C4DC38AC0>, 'SELECT task.id, task.story_id, task.status, task.progress, task.current_step, task.retry_count, task.error_message, task.created_at, task.updated_at \nFROM task \nWHERE task.id = ?', ('2773220ff25c46149fb7e0fbe8bfafca',))
2026-08-30 01:12:47,257 [DEBUG] aiosqlite: operation functools.partial(<built-in method execute of sqlite3.Cursor object at 0x0000018C4DC38AC0>, 'SELECT task.id, task.story_id, task.status, task.progress, task.current_step, task.retry_count, task.error_message, task.created_at, task.updated_at \nFROM task \nWHERE task.id = ?', ('2773220ff25c46149fb7e0fbe8bfafca',)) completed
2026-08-30 01:12:47,258 [DEBUG] aiosqlite: executing functools.partial(<built-in method fetchall of sqlite3.Cursor object at 0x0000018C4DC38AC0>)
2026-08-30 01:12:47,258 [DEBUG] aiosqlite: operation functools.partial(<built-in method fetchall of sqlite3.Cursor object at 0x0000018C4DC38AC0>) completed
2026-08-30 01:12:47,258 [DEBUG] aiosqlite: executing functools.partial(<built-in method close of sqlite3.Cursor object at 0x0000018C4DC38AC0>)
2026-08-30 01:12:47,258 [DEBUG] aiosqlite: operation functools.partial(<built-in method close of sqlite3.Cursor object at 0x0000018C4DC38AC0>) completed
2026-08-30 01:12:47,258 [INFO] sqlalchemy.engine.Engine: COMMIT
2026-08-30 01:12:47,259 [DEBUG] aiosqlite: executing functools.partial(<built-in method commit of sqlite3.Connection object at 0x0000018C4DB5BB50>)
2026-08-30 01:12:47,259 [DEBUG] aiosqlite: operation functools.partial(<built-in method commit of sqlite3.Connection object at 0x0000018C4DB5BB50>) completed
2026-08-30 01:12:47,259 [DEBUG] aiosqlite: executing functools.partial(<built-in method rollback of sqlite3.Connection object at 0x0000018C4DB5BB50>)
2026-08-30 01:12:47,259 [DEBUG] aiosqlite: operation functools.partial(<built-in method rollback of sqlite3.Connection object at 0x0000018C4DB5BB50>) completed
2026-08-30 01:12:47,260 [DEBUG] aiosqlite: executing functools.partial(<built-in method close of sqlite3.Connection object at 0x0000018C4DB5BB50>)
2026-08-30 01:12:47,260 [DEBUG] aiosqlite: operation functools.partial(<built-in method close of sqlite3.Connection object at 0x0000018C4DB5BB50>) completed
2026-08-30 01:12:52,270 [DEBUG] aiosqlite: executing <function connect.<locals>.connector at 0x0000018C4DC323E0>
2026-08-30 01:12:52,272 [DEBUG] aiosqlite: operation <function connect.<locals>.connector at 0x0000018C4DC323E0> completed
2026-08-30 01:12:52,272 [DEBUG] aiosqlite: executing functools.partial(<built-in method create_function of sqlite3.Connection object at 0x0000018C4DC6D4E0>, 'regexp', 2, <function SQLiteDialect_pysqlite.on_connect.<locals>.regexp at 0x0000018C4AFFA660>, deterministic=True)
2026-08-30 01:12:52,273 [DEBUG] aiosqlite: operation functools.partial(<built-in method create_function of sqlite3.Connection object at 0x0000018C4DC6D4E0>, 'regexp', 2, <function SQLiteDialect_pysqlite.on_connect.<locals>.regexp at 0x0000018C4AFFA660>, deterministic=True) completed
2026-08-30 01:12:52,274 [DEBUG] aiosqlite: executing functools.partial(<built-in method create_function of sqlite3.Connection object at 0x0000018C4DC6D4E0>, 'floor', 1, <built-in function floor>, deterministic=True)
2026-08-30 01:12:52,274 [DEBUG] aiosqlite: operation functools.partial(<built-in method create_function of sqlite3.Connection object at 0x0000018C4DC6D4E0>, 'floor', 1, <built-in function floor>, deterministic=True) completed
2026-08-30 01:12:52,274 [INFO] sqlalchemy.engine.Engine: BEGIN (implicit)
2026-08-30 01:12:52,274 [INFO] sqlalchemy.engine.Engine: SELECT task.id, task.story_id, task.status, task.progress, task.current_step, task.retry_count, task.error_message, task.created_at, task.updated_at 
FROM task 
WHERE task.id = ?
2026-08-30 01:12:52,277 [INFO] sqlalchemy.engine.Engine: [cached since 609s ago] ('2773220ff25c46149fb7e0fbe8bfafca',)
2026-08-30 01:12:52,277 [DEBUG] aiosqlite: executing functools.partial(<built-in method cursor of sqlite3.Connection object at 0x0000018C4DC6D4E0>)
2026-08-30 01:12:52,277 [DEBUG] aiosqlite: operation functools.partial(<built-in method cursor of sqlite3.Connection object at 0x0000018C4DC6D4E0>) completed
2026-08-30 01:12:52,277 [DEBUG] aiosqlite: executing functools.partial(<built-in method execute of sqlite3.Cursor object at 0x0000018C4DC3BC40>, 'SELECT task.id, task.story_id, task.status, task.progress, task.current_step, task.retry_count, task.error_message, task.created_at, task.updated_at \nFROM task \nWHERE task.id = ?', ('2773220ff25c46149fb7e0fbe8bfafca',))
2026-08-30 01:12:52,281 [DEBUG] aiosqlite: operation functools.partial(<built-in method execute of sqlite3.Cursor object at 0x0000018C4DC3BC40>, 'SELECT task.id, task.story_id, task.status, task.progress, task.current_step, task.retry_count, task.error_message, task.created_at, task.updated_at \nFROM task \nWHERE task.id = ?', ('2773220ff25c46149fb7e0fbe8bfafca',)) completed
2026-08-30 01:12:52,281 [DEBUG] aiosqlite: executing functools.partial(<built-in method fetchall of sqlite3.Cursor object at 0x0000018C4DC3BC40>)
2026-08-30 01:12:52,282 [DEBUG] aiosqlite: operation functools.partial(<built-in method fetchall of sqlite3.Cursor object at 0x0000018C4DC3BC40>) completed
2026-08-30 01:12:52,282 [DEBUG] aiosqlite: executing functools.partial(<built-in method close of sqlite3.Cursor object at 0x0000018C4DC3BC40>)
2026-08-30 01:12:52,283 [DEBUG] aiosqlite: operation functools.partial(<built-in method close of sqlite3.Cursor object at 0x0000018C4DC3BC40>) completed
2026-08-30 01:12:52,284 [INFO] sqlalchemy.engine.Engine: COMMIT
2026-08-30 01:12:52,285 [DEBUG] aiosqlite: executing functools.partial(<built-in method commit of sqlite3.Connection object at 0x0000018C4DC6D4E0>)
2026-08-30 01:12:52,286 [DEBUG] aiosqlite: operation functools.partial(<built-in method commit of sqlite3.Connection object at 0x0000018C4DC6D4E0>) completed
2026-08-30 01:12:52,286 [DEBUG] aiosqlite: executing functools.partial(<built-in method rollback of sqlite3.Connection object at 0x0000018C4DC6D4E0>)
2026-08-30 01:12:52,286 [DEBUG] aiosqlite: operation functools.partial(<built-in method rollback of sqlite3.Connection object at 0x0000018C4DC6D4E0>) completed
2026-08-30 01:12:52,287 [DEBUG] aiosqlite: executing functools.partial(<built-in method close of sqlite3.Connection object at 0x0000018C4DC6D4E0>)
2026-08-30 01:12:52,287 [DEBUG] aiosqlite: operation functools.partial(<built-in method close of sqlite3.Connection object at 0x0000018C4DC6D4E0>) completed
2026-08-30 01:12:57,314 [DEBUG] aiosqlite: executing <function connect.<locals>.connector at 0x0000018C4DC313A0>
2026-08-30 01:12:57,325 [DEBUG] aiosqlite: operation <function connect.<locals>.connector at 0x0000018C4DC313A0> completed
2026-08-30 01:12:57,325 [DEBUG] aiosqlite: executing functools.partial(<built-in method create_function of sqlite3.Connection object at 0x0000018C4DC6C8B0>, 'regexp', 2, <function SQLiteDialect_pysqlite.on_connect.<locals>.regexp at 0x0000018C4AFFA660>, deterministic=True)
2026-08-30 01:12:57,326 [DEBUG] aiosqlite: operation functools.partial(<built-in method create_function of sqlite3.Connection object at 0x0000018C4DC6C8B0>, 'regexp', 2, <function SQLiteDialect_pysqlite.on_connect.<locals>.regexp at 0x0000018C4AFFA660>, deterministic=True) completed
2026-08-30 01:12:57,326 [DEBUG] aiosqlite: executing functools.partial(<built-in method create_function of sqlite3.Connection object at 0x0000018C4DC6C8B0>, 'floor', 1, <built-in function floor>, deterministic=True)
2026-08-30 01:12:57,327 [DEBUG] aiosqlite: operation functools.partial(<built-in method create_function of sqlite3.Connection object at 0x0000018C4DC6C8B0>, 'floor', 1, <built-in function floor>, deterministic=True) completed
2026-08-30 01:12:57,327 [INFO] sqlalchemy.engine.Engine: BEGIN (implicit)
2026-08-30 01:12:57,328 [INFO] sqlalchemy.engine.Engine: SELECT task.id, task.story_id, task.status, task.progress, task.current_step, task.retry_count, task.error_message, task.created_at, task.updated_at 
FROM task 
WHERE task.id = ?
2026-08-30 01:12:57,328 [INFO] sqlalchemy.engine.Engine: [cached since 614.1s ago] ('2773220ff25c46149fb7e0fbe8bfafca',)
2026-08-30 01:12:57,329 [DEBUG] aiosqlite: executing functools.partial(<built-in method cursor of sqlite3.Connection object at 0x0000018C4DC6C8B0>)
2026-08-30 01:12:57,329 [DEBUG] aiosqlite: operation functools.partial(<built-in method cursor of sqlite3.Connection object at 0x0000018C4DC6C8B0>) completed
2026-08-30 01:12:57,330 [DEBUG] aiosqlite: executing functools.partial(<built-in method execute of sqlite3.Cursor object at 0x0000018C4DC39E40>, 'SELECT task.id, task.story_id, task.status, task.progress, task.current_step, task.retry_count, task.error_message, task.created_at, task.updated_at \nFROM task \nWHERE task.id = ?', ('2773220ff25c46149fb7e0fbe8bfafca',))
2026-08-30 01:12:57,331 [DEBUG] aiosqlite: operation functools.partial(<built-in method execute of sqlite3.Cursor object at 0x0000018C4DC39E40>, 'SELECT task.id, task.story_id, task.status, task.progress, task.current_step, task.retry_count, task.error_message, task.created_at, task.updated_at \nFROM task \nWHERE task.id = ?', ('2773220ff25c46149fb7e0fbe8bfafca',)) completed
2026-08-30 01:12:57,331 [DEBUG] aiosqlite: executing functools.partial(<built-in method fetchall of sqlite3.Cursor object at 0x0000018C4DC39E40>)
2026-08-30 01:12:57,331 [DEBUG] aiosqlite: operation functools.partial(<built-in method fetchall of sqlite3.Cursor object at 0x0000018C4DC39E40>) completed
2026-08-30 01:12:57,332 [DEBUG] aiosqlite: executing functools.partial(<built-in method close of sqlite3.Cursor object at 0x0000018C4DC39E40>)
2026-08-30 01:12:57,332 [DEBUG] aiosqlite: operation functools.partial(<built-in method close of sqlite3.Cursor object at 0x0000018C4DC39E40>) completed
2026-08-30 01:12:57,333 [INFO] sqlalchemy.engine.Engine: COMMIT
2026-08-30 01:12:57,333 [DEBUG] aiosqlite: executing functools.partial(<built-in method commit of sqlite3.Connection object at 0x0000018C4DC6C8B0>)
2026-08-30 01:12:57,333 [DEBUG] aiosqlite: operation functools.partial(<built-in method commit of sqlite3.Connection object at 0x0000018C4DC6C8B0>) completed
2026-08-30 01:12:57,334 [DEBUG] aiosqlite: executing functools.partial(<built-in method rollback of sqlite3.Connection object at 0x0000018C4DC6C8B0>)
2026-08-30 01:12:57,334 [DEBUG] aiosqlite: operation functools.partial(<built-in method rollback of sqlite3.Connection object at 0x0000018C4DC6C8B0>) completed
2026-08-30 01:12:57,334 [DEBUG] aiosqlite: executing functools.partial(<built-in method close of sqlite3.Connection object at 0x0000018C4DC6C8B0>)
2026-08-30 01:12:57,335 [DEBUG] aiosqlite: operation functools.partial(<built-in method close of sqlite3.Connection object at 0x0000018C4DC6C8B0>) completed
2026-08-30 01:13:02,361 [DEBUG] aiosqlite: executing <function connect.<locals>.connector at 0x0000018C4DC33100>
2026-08-30 01:13:02,365 [DEBUG] aiosqlite: operation <function connect.<locals>.connector at 0x0000018C4DC33100> completed
2026-08-30 01:13:02,365 [DEBUG] aiosqlite: executing functools.partial(<built-in method create_function of sqlite3.Connection object at 0x0000018C4DC6C220>, 'regexp', 2, <function SQLiteDialect_pysqlite.on_connect.<locals>.regexp at 0x0000018C4AFFA660>, deterministic=True)
2026-08-30 01:13:02,365 [DEBUG] aiosqlite: operation functools.partial(<built-in method create_function of sqlite3.Connection object at 0x0000018C4DC6C220>, 'regexp', 2, <function SQLiteDialect_pysqlite.on_connect.<locals>.regexp at 0x0000018C4AFFA660>, deterministic=True) completed
2026-08-30 01:13:02,365 [DEBUG] aiosqlite: executing functools.partial(<built-in method create_function of sqlite3.Connection object at 0x0000018C4DC6C220>, 'floor', 1, <built-in function floor>, deterministic=True)
2026-08-30 01:13:02,367 [DEBUG] aiosqlite: operation functools.partial(<built-in method create_function of sqlite3.Connection object at 0x0000018C4DC6C220>, 'floor', 1, <built-in function floor>, deterministic=True) completed
2026-08-30 01:13:02,367 [INFO] sqlalchemy.engine.Engine: BEGIN (implicit)
2026-08-30 01:13:02,367 [INFO] sqlalchemy.engine.Engine: SELECT task.id, task.story_id, task.status, task.progress, task.current_step, task.retry_count, task.error_message, task.created_at, task.updated_at 
FROM task 
WHERE task.id = ?
2026-08-30 01:13:02,367 [INFO] sqlalchemy.engine.Engine: [cached since 619.1s ago] ('2773220ff25c46149fb7e0fbe8bfafca',)
2026-08-30 01:13:02,367 [DEBUG] aiosqlite: executing functools.partial(<built-in method cursor of sqlite3.Connection object at 0x0000018C4DC6C220>)
2026-08-30 01:13:02,367 [DEBUG] aiosqlite: operation functools.partial(<built-in method cursor of sqlite3.Connection object at 0x0000018C4DC6C220>) completed
2026-08-30 01:13:02,369 [DEBUG] aiosqlite: executing functools.partial(<built-in method execute of sqlite3.Cursor object at 0x0000018C4DBF8840>, 'SELECT task.id, task.story_id, task.status, task.progress, task.current_step, task.retry_count, task.error_message, task.created_at, task.updated_at \nFROM task \nWHERE task.id = ?', ('2773220ff25c46149fb7e0fbe8bfafca',))
2026-08-30 01:13:02,369 [DEBUG] aiosqlite: operation functools.partial(<built-in method execute of sqlite3.Cursor object at 0x0000018C4DBF8840>, 'SELECT task.id, task.story_id, task.status, task.progress, task.current_step, task.retry_count, task.error_message, task.created_at, task.updated_at \nFROM task \nWHERE task.id = ?', ('2773220ff25c46149fb7e0fbe8bfafca',)) completed
2026-08-30 01:13:02,369 [DEBUG] aiosqlite: executing functools.partial(<built-in method fetchall of sqlite3.Cursor object at 0x0000018C4DBF8840>)
2026-08-30 01:13:02,370 [DEBUG] aiosqlite: operation functools.partial(<built-in method fetchall of sqlite3.Cursor object at 0x0000018C4DBF8840>) completed
2026-08-30 01:13:02,370 [DEBUG] aiosqlite: executing functools.partial(<built-in method close of sqlite3.Cursor object at 0x0000018C4DBF8840>)
2026-08-30 01:13:02,370 [DEBUG] aiosqlite: operation functools.partial(<built-in method close of sqlite3.Cursor object at 0x0000018C4DBF8840>) completed
2026-08-30 01:13:02,370 [INFO] sqlalchemy.engine.Engine: COMMIT
2026-08-30 01:13:02,370 [DEBUG] aiosqlite: executing functools.partial(<built-in method commit of sqlite3.Connection object at 0x0000018C4DC6C220>)
2026-08-30 01:13:02,370 [DEBUG] aiosqlite: operation functools.partial(<built-in method commit of sqlite3.Connection object at 0x0000018C4DC6C220>) completed
2026-08-30 01:13:02,370 [DEBUG] aiosqlite: executing functools.partial(<built-in method rollback of sqlite3.Connection object at 0x0000018C4DC6C220>)
2026-08-30 01:13:02,370 [DEBUG] aiosqlite: operation functools.partial(<built-in method rollback of sqlite3.Connection object at 0x0000018C4DC6C220>) completed
2026-08-30 01:13:02,370 [DEBUG] aiosqlite: executing functools.partial(<built-in method close of sqlite3.Connection object at 0x0000018C4DC6C220>)
2026-08-30 01:13:02,370 [DEBUG] aiosqlite: operation functools.partial(<built-in method close of sqlite3.Connection object at 0x0000018C4DC6C220>) completed
2026-08-30 01:13:04,766 [DEBUG] httpcore.http11: receive_response_body.complete
2026-08-30 01:13:04,767 [DEBUG] httpcore.http11: response_closed.started
2026-08-30 01:13:04,767 [DEBUG] httpcore.http11: response_closed.complete
2026-08-30 01:13:04,767 [DEBUG] openai._base_client: HTTP Response: POST https://api.deepseek.com/v1/chat/completions "200 OK" Headers({'server': 'openresty', 'content-type': 'application/json', 'vary': 'origin, access-control-request-method, access-control-request-headers', 'access-control-allow-credentials': 'true', 'x-ds-trace-id': 'd61ba11065cd23e9c54bd5275aa21d49', 'strict-transport-security': 'max-age=31536000; includeSubDomains; preload', 'x-content-type-options': 'nosniff', 'transfer-encoding': 'chunked', 'connection': 'keep-alive', 'date': 'Sat, 29 Aug 2026 17:12:05 GMT', 'eo-log-uuid': '7944928830378695752', 'eo-cache-status': 'MISS'})
2026-08-30 01:13:04,767 [DEBUG] openai._base_client: request_id: None
2026-08-30 01:13:04,767 [INFO] agents.storyboard_agent: storyboard_agent completed | 50 scenes | story_id=8ad45d6c-4e70-4b92-8884-7500f2973209
2026-08-30 01:13:04,767 [INFO] runtime.event_bus: EventBus: Event(step.completed, session=, src=storyboard) → 1 handlers
2026-08-30 01:13:04,767 [DEBUG] runtime.director: Artifact stored: storyboard (1 keys)
2026-08-30 01:13:04,767 [INFO] runtime.director: Director verdict: storyboard -> proceed (confidence=0.90)
2026-08-30 01:13:04,767 [DEBUG] runtime.event_bus: EventBus: Event(director.decision, session=, src=director) published (no handlers)
2026-08-30 01:13:04,767 [DEBUG] runtime.director: Artifact stored: storyboard (1 keys)
2026-08-30 01:13:04,767 [DEBUG] runtime.agent_conversation: A2A [handoff]: storyboard -> image (67dd4cbf) | Handoff from storyboard to image.

Produced: 50 scenes storyboarded with image p
2026-08-30 01:13:04,767 [INFO] runtime.workflow_engine: [A2A] storyboard -> image: handoff
2026-08-30 01:13:04,767 [DEBUG] runtime.memory.manager: Memory stored: type=conversation, entity=scene_1, text=Scene 1: anime style, wide shot, rainy night city [:50]
2026-08-30 01:13:04,767 [DEBUG] runtime.memory.manager: Memory stored: type=conversation, entity=scene_2, text=Scene 2: anime style, medium close-up shot, rainy [:50]
2026-08-30 01:13:04,767 [DEBUG] runtime.memory.manager: Memory stored: type=conversation, entity=scene_3, text=Scene 3: anime style, close-up shot, rainy night a[:50]
2026-08-30 01:13:04,767 [DEBUG] runtime.memory.manager: Memory stored: type=conversation, entity=scene_4, text=Scene 4: anime style, medium shot, night city stre[:50]
2026-08-30 01:13:04,767 [DEBUG] runtime.memory.manager: Memory stored: type=conversation, entity=scene_5, text=Scene 5: anime style, medium dynamic action shot, [:50]
2026-08-30 01:13:04,767 [DEBUG] runtime.memory.manager: Memory stored: type=conversation, entity=scene_6, text=Scene 6: anime style, dynamic wide shot, torrentia[:50]
2026-08-30 01:13:04,767 [DEBUG] runtime.memory.manager: Memory stored: type=conversation, entity=scene_7, text=Scene 7: anime style, medium shot, dimly lit small[:50]
2026-08-30 01:13:04,767 [DEBUG] runtime.memory.manager: Memory stored: type=conversation, entity=scene_8, text=Scene 8: anime style, extreme close-up shot, Lin M[:50]
2026-08-30 01:13:04,767 [DEBUG] runtime.memory.manager: Memory stored: type=conversation, entity=scene_9, text=Scene 9: anime style, medium close-up shot, dim ap[:50]
2026-08-30 01:13:04,767 [DEBUG] runtime.memory.manager: Memory stored: type=conversation, entity=scene_10, text=Scene 10: anime style, high angle shot from inside[:50]
2026-08-30 01:13:04,767 [DEBUG] runtime.memory.manager: Memory stored: type=conversation, entity=scene_11, text=Scene 11: anime style, medium shot, in Lin Mo's be[:50]
2026-08-30 01:13:04,767 [DEBUG] runtime.memory.manager: Memory stored: type=conversation, entity=scene_12, text=Scene 12: anime style, close-up of Lin Mo's frustr[:50]
2026-08-30 01:13:04,767 [DEBUG] runtime.memory.manager: Memory stored: type=conversation, entity=scene_13, text=Scene 13: anime style, extreme close-up of the bla[:50]
2026-08-30 01:13:04,767 [DEBUG] runtime.memory.manager: Memory stored: type=conversation, entity=scene_14, text=Scene 14: anime style, medium shot of Lin Mo sitti[:50]
2026-08-30 01:13:04,767 [DEBUG] runtime.memory.manager: Memory stored: type=conversation, entity=scene_15, text=Scene 15: anime style, wide shot of an abandoned b[:50]
2026-08-30 01:13:04,767 [DEBUG] runtime.memory.manager: Memory stored: type=conversation, entity=scene_16, text=Scene 16: anime style, medium shot at the abandone[:50]
2026-08-30 01:13:04,767 [DEBUG] runtime.memory.manager: Memory stored: type=conversation, entity=scene_17, text=Scene 17: anime style, close-up of Xiao Yu's frigh[:50]
2026-08-30 01:13:04,767 [DEBUG] runtime.memory.manager: Memory stored: type=conversation, entity=scene_18, text=Scene 18: anime style, medium shot in a narrow all[:50]
2026-08-30 01:13:04,767 [DEBUG] runtime.memory.manager: Memory stored: type=conversation, entity=scene_19, text=Scene 19: anime style, close-up of Xiao Yu raising[:50]
2026-08-30 01:13:04,767 [DEBUG] runtime.memory.manager: Memory stored: type=conversation, entity=scene_20, text=Scene 20: anime style, low angle shot of a tall hu[:50]
2026-08-30 01:13:04,767 [DEBUG] runtime.memory.manager: Memory stored: type=conversation, entity=scene_21, text=Scene 21: anime style, wide shot, old library unde[:50]
2026-08-30 01:13:04,767 [DEBUG] runtime.memory.manager: Memory stored: type=conversation, entity=scene_22, text=Scene 22: anime style, medium shot, old dim librar[:50]
2026-08-30 01:13:04,767 [DEBUG] runtime.memory.manager: Memory stored: type=conversation, entity=scene_23, text=Scene 23: anime style, close-up, Xiao Yu, a slende[:50]
2026-08-30 01:13:04,767 [DEBUG] runtime.memory.manager: Memory stored: type=conversation, entity=scene_24, text=Scene 24: anime style, extreme close-up, Xiao Yu, [:50]
2026-08-30 01:13:04,767 [DEBUG] runtime.memory.manager: Memory stored: type=conversation, entity=scene_25, text=Scene 25: anime style, medium shot, old library un[:50]
2026-08-30 01:13:04,767 [DEBUG] runtime.memory.manager: Memory stored: type=conversation, entity=scene_26, text=Scene 26: anime style, low angle shot, old library[:50]
2026-08-30 01:13:04,767 [DEBUG] runtime.memory.manager: Memory stored: type=conversation, entity=scene_27, text=Scene 27: anime style, dynamic action shot, old li[:50]
2026-08-30 01:13:04,767 [DEBUG] runtime.memory.manager: Memory stored: type=conversation, entity=scene_28, text=Scene 28: anime style, medium wide shot, old libra[:50]
2026-08-30 01:13:04,767 [DEBUG] runtime.memory.manager: Memory stored: type=conversation, entity=scene_29, text=Scene 29: anime style, close-up, Shadow King, an a[:50]
2026-08-30 01:13:04,767 [DEBUG] runtime.memory.manager: Memory stored: type=conversation, entity=scene_30, text=Scene 30: anime style, wide shot, aftermath in a d[:50]
2026-08-30 01:13:04,767 [DEBUG] runtime.memory.manager: Memory stored: type=conversation, entity=scene_31, text=Scene 31: anime style, medium shot, small dimly li[:50]
2026-08-30 01:13:04,767 [DEBUG] runtime.memory.manager: Memory stored: type=conversation, entity=scene_32, text=Scene 32: anime style, close-up shot, Lin Mo's pal[:50]
2026-08-30 01:13:04,767 [DEBUG] runtime.memory.manager: Memory stored: type=conversation, entity=scene_33, text=Scene 33: anime style, wide shot, black mist surgi[:50]
2026-08-30 01:13:04,767 [DEBUG] runtime.memory.manager: Memory stored: type=conversation, entity=scene_34, text=Scene 34: anime style, low angle shot, the fully f[:50]
2026-08-30 01:13:04,767 [DEBUG] runtime.memory.manager: Memory stored: type=conversation, entity=scene_35, text=Scene 35: anime style, medium shot, Night Shadow t[:50]
2026-08-30 01:13:04,767 [DEBUG] runtime.memory.manager: Memory stored: type=conversation, entity=scene_36, text=Scene 36: anime style, close-up shot, Xiao Yu a sl[:50]
2026-08-30 01:13:04,767 [DEBUG] runtime.memory.manager: Memory stored: type=conversation, entity=scene_37, text=Scene 37: anime style, medium shot, Lin Mo a thin [:50]
2026-08-30 01:13:04,767 [DEBUG] runtime.memory.manager: Memory stored: type=conversation, entity=scene_38, text=Scene 38: anime style, extreme close-up, the glowi[:50]
2026-08-30 01:13:04,767 [DEBUG] runtime.memory.manager: Memory stored: type=conversation, entity=scene_39, text=Scene 39: anime style, medium shot, Night Shadow t[:50]
2026-08-30 01:13:04,767 [DEBUG] runtime.memory.manager: Memory stored: type=conversation, entity=scene_40, text=Scene 40: anime style, close-up shot, Lin Mo raisi[:50]
2026-08-30 01:13:04,767 [DEBUG] runtime.memory.manager: Memory stored: type=conversation, entity=scene_41, text=Scene 41: anime style, medium shot, a dimly lit re[:50]
2026-08-30 01:13:04,767 [DEBUG] runtime.memory.manager: Memory stored: type=conversation, entity=scene_42, text=Scene 42: anime style, close-up, a computer monito[:50]
2026-08-30 01:13:04,767 [DEBUG] runtime.memory.manager: Memory stored: type=conversation, entity=scene_43, text=Scene 43: anime style, close-up, Lin Mo's face wit[:50]
2026-08-30 01:13:04,767 [DEBUG] runtime.memory.manager: Memory stored: type=conversation, entity=scene_44, text=Scene 44: anime style, medium shot, in a dim renta[:50]
2026-08-30 01:13:04,767 [DEBUG] runtime.memory.manager: Memory stored: type=conversation, entity=scene_45, text=Scene 45: anime style, close-up, a black cat with [:50]
2026-08-30 01:13:04,767 [DEBUG] runtime.memory.manager: Memory stored: type=conversation, entity=scene_46, text=Scene 46: anime style, wide shot, a chaotic bedroo[:50]
2026-08-30 01:13:04,767 [DEBUG] runtime.memory.manager: Memory stored: type=conversation, entity=scene_47, text=Scene 47: anime style, medium shot, aftermath in a[:50]
2026-08-30 01:13:04,767 [DEBUG] runtime.memory.manager: Memory stored: type=conversation, entity=scene_48, text=Scene 48: anime style, wide shot, a bright game la[:50]
2026-08-30 01:13:04,767 [DEBUG] runtime.memory.manager: Memory stored: type=conversation, entity=scene_49, text=Scene 49: anime style, medium shot, a large projec[:50]
2026-08-30 01:13:04,767 [DEBUG] runtime.memory.manager: Memory stored: type=conversation, entity=scene_50, text=Scene 50: anime style, medium shot, late night off[:50]
2026-08-30 01:13:04,767 [DEBUG] runtime.workflow_engine: [StoryMemory] Stored storyboard output to memory
2026-08-30 01:13:04,767 [DEBUG] runtime.workflow_engine: [StoryMemory] Injected context for image (3750 chars)
2026-08-30 01:13:04,767 [INFO] runtime.event_bus: EventBus: Event(step.started, session=, src=image) → 1 handlers
2026-08-30 01:13:04,767 [INFO] tasks.runner: Task 2773220f-f25c-4614-9fb7-e0fbe8bfafca: step=image, progress=45%
2026-08-30 01:13:04,767 [INFO] agents.image_agent: image_agent started | story_id=8ad45d6c-4e70-4b92-8884-7500f2973209, 50 scenes
2026-08-30 01:13:05,843 [INFO] agents.image_agent: image_agent completed | 50/50 images | status=image_done | enriched=0/50 | story_id=8ad45d6c-4e70-4b92-8884-7500f2973209
2026-08-30 01:13:05,843 [INFO] runtime.event_bus: EventBus: Event(step.completed, session=, src=image) → 1 handlers
2026-08-30 01:13:05,848 [DEBUG] runtime.director: Artifact stored: image (4 keys)
2026-08-30 01:13:05,848 [INFO] runtime.director: Director verdict: image -> proceed (confidence=0.90)
2026-08-30 01:13:05,848 [DEBUG] runtime.event_bus: EventBus: Event(director.decision, session=, src=director) published (no handlers)
2026-08-30 01:13:05,848 [DEBUG] runtime.director: Artifact stored: image (4 keys)
2026-08-30 01:13:05,848 [DEBUG] runtime.agent_conversation: A2A [handoff]: image -> image_to_video (67dd4cbf) | Handoff from image to image_to_video.

Produced: 50/50 images generated
2026-08-30 01:13:05,848 [INFO] runtime.workflow_engine: [A2A] image -> image_to_video: handoff
2026-08-30 01:13:05,848 [DEBUG] runtime.memory.manager: Memory stored: type=conversation, entity=visual_1, text=Scene 1: image=/storage/stories/8ad45d6c-4e70-4b92[:50]
2026-08-30 01:13:05,848 [DEBUG] runtime.memory.manager: Memory stored: type=conversation, entity=visual_2, text=Scene 2: image=/storage/stories/8ad45d6c-4e70-4b92[:50]
2026-08-30 01:13:05,848 [DEBUG] runtime.memory.manager: Memory stored: type=conversation, entity=visual_3, text=Scene 3: image=/storage/stories/8ad45d6c-4e70-4b92[:50]
2026-08-30 01:13:05,848 [DEBUG] runtime.memory.manager: Memory stored: type=conversation, entity=visual_4, text=Scene 4: image=/storage/stories/8ad45d6c-4e70-4b92[:50]
2026-08-30 01:13:05,848 [DEBUG] runtime.memory.manager: Memory stored: type=conversation, entity=visual_5, text=Scene 5: image=/storage/stories/8ad45d6c-4e70-4b92[:50]
2026-08-30 01:13:05,848 [DEBUG] runtime.memory.manager: Memory stored: type=conversation, entity=visual_6, text=Scene 6: image=/storage/stories/8ad45d6c-4e70-4b92[:50]
2026-08-30 01:13:05,848 [DEBUG] runtime.memory.manager: Memory stored: type=conversation, entity=visual_7, text=Scene 7: image=/storage/stories/8ad45d6c-4e70-4b92[:50]
2026-08-30 01:13:05,848 [DEBUG] runtime.memory.manager: Memory stored: type=conversation, entity=visual_8, text=Scene 8: image=/storage/stories/8ad45d6c-4e70-4b92[:50]
2026-08-30 01:13:05,848 [DEBUG] runtime.memory.manager: Memory stored: type=conversation, entity=visual_9, text=Scene 9: image=/storage/stories/8ad45d6c-4e70-4b92[:50]
2026-08-30 01:13:05,848 [DEBUG] runtime.memory.manager: Memory stored: type=conversation, entity=visual_10, text=Scene 10: image=/storage/stories/8ad45d6c-4e70-4b9[:50]
2026-08-30 01:13:05,848 [DEBUG] runtime.memory.manager: Memory stored: type=conversation, entity=visual_11, text=Scene 11: image=/storage/stories/8ad45d6c-4e70-4b9[:50]
2026-08-30 01:13:05,848 [DEBUG] runtime.memory.manager: Memory stored: type=conversation, entity=visual_12, text=Scene 12: image=/storage/stories/8ad45d6c-4e70-4b9[:50]
2026-08-30 01:13:05,848 [DEBUG] runtime.memory.manager: Memory stored: type=conversation, entity=visual_13, text=Scene 13: image=/storage/stories/8ad45d6c-4e70-4b9[:50]
2026-08-30 01:13:05,848 [DEBUG] runtime.memory.manager: Memory stored: type=conversation, entity=visual_14, text=Scene 14: image=/storage/stories/8ad45d6c-4e70-4b9[:50]
2026-08-30 01:13:05,848 [DEBUG] runtime.memory.manager: Memory stored: type=conversation, entity=visual_15, text=Scene 15: image=/storage/stories/8ad45d6c-4e70-4b9[:50]
2026-08-30 01:13:05,848 [DEBUG] runtime.memory.manager: Memory stored: type=conversation, entity=visual_16, text=Scene 16: image=/storage/stories/8ad45d6c-4e70-4b9[:50]
2026-08-30 01:13:05,848 [DEBUG] runtime.memory.manager: Memory stored: type=conversation, entity=visual_17, text=Scene 17: image=/storage/stories/8ad45d6c-4e70-4b9[:50]
2026-08-30 01:13:05,848 [DEBUG] runtime.memory.manager: Memory stored: type=conversation, entity=visual_18, text=Scene 18: image=/storage/stories/8ad45d6c-4e70-4b9[:50]
2026-08-30 01:13:05,848 [DEBUG] runtime.memory.manager: Memory stored: type=conversation, entity=visual_19, text=Scene 19: image=/storage/stories/8ad45d6c-4e70-4b9[:50]
2026-08-30 01:13:05,848 [DEBUG] runtime.memory.manager: Memory stored: type=conversation, entity=visual_20, text=Scene 20: image=/storage/stories/8ad45d6c-4e70-4b9[:50]
2026-08-30 01:13:05,848 [DEBUG] runtime.memory.manager: Memory stored: type=conversation, entity=visual_21, text=Scene 21: image=/storage/stories/8ad45d6c-4e70-4b9[:50]
2026-08-30 01:13:05,848 [DEBUG] runtime.memory.manager: Memory stored: type=conversation, entity=visual_22, text=Scene 22: image=/storage/stories/8ad45d6c-4e70-4b9[:50]
2026-08-30 01:13:05,848 [DEBUG] runtime.memory.manager: Memory stored: type=conversation, entity=visual_23, text=Scene 23: image=/storage/stories/8ad45d6c-4e70-4b9[:50]
2026-08-30 01:13:05,848 [DEBUG] runtime.memory.manager: Memory stored: type=conversation, entity=visual_24, text=Scene 24: image=/storage/stories/8ad45d6c-4e70-4b9[:50]
2026-08-30 01:13:05,848 [DEBUG] runtime.memory.manager: Memory stored: type=conversation, entity=visual_25, text=Scene 25: image=/storage/stories/8ad45d6c-4e70-4b9[:50]
2026-08-30 01:13:05,848 [DEBUG] runtime.memory.manager: Memory stored: type=conversation, entity=visual_26, text=Scene 26: image=/storage/stories/8ad45d6c-4e70-4b9[:50]
2026-08-30 01:13:05,848 [DEBUG] runtime.memory.manager: Memory stored: type=conversation, entity=visual_27, text=Scene 27: image=/storage/stories/8ad45d6c-4e70-4b9[:50]
2026-08-30 01:13:05,848 [DEBUG] runtime.memory.manager: Memory stored: type=conversation, entity=visual_28, text=Scene 28: image=/storage/stories/8ad45d6c-4e70-4b9[:50]
2026-08-30 01:13:05,848 [DEBUG] runtime.memory.manager: Memory stored: type=conversation, entity=visual_29, text=Scene 29: image=/storage/stories/8ad45d6c-4e70-4b9[:50]
2026-08-30 01:13:05,848 [DEBUG] runtime.memory.manager: Memory stored: type=conversation, entity=visual_30, text=Scene 30: image=/storage/stories/8ad45d6c-4e70-4b9[:50]
2026-08-30 01:13:05,848 [DEBUG] runtime.memory.manager: Memory stored: type=conversation, entity=visual_31, text=Scene 31: image=/storage/stories/8ad45d6c-4e70-4b9[:50]
2026-08-30 01:13:05,848 [DEBUG] runtime.memory.manager: Memory stored: type=conversation, entity=visual_32, text=Scene 32: image=/storage/stories/8ad45d6c-4e70-4b9[:50]
2026-08-30 01:13:05,848 [DEBUG] runtime.memory.manager: Memory stored: type=conversation, entity=visual_33, text=Scene 33: image=/storage/stories/8ad45d6c-4e70-4b9[:50]
2026-08-30 01:13:05,848 [DEBUG] runtime.memory.manager: Memory stored: type=conversation, entity=visual_34, text=Scene 34: image=/storage/stories/8ad45d6c-4e70-4b9[:50]
2026-08-30 01:13:05,848 [DEBUG] runtime.memory.manager: Memory stored: type=conversation, entity=visual_35, text=Scene 35: image=/storage/stories/8ad45d6c-4e70-4b9[:50]
2026-08-30 01:13:05,848 [DEBUG] runtime.memory.manager: Memory stored: type=conversation, entity=visual_36, text=Scene 36: image=/storage/stories/8ad45d6c-4e70-4b9[:50]
2026-08-30 01:13:05,848 [DEBUG] runtime.memory.manager: Memory stored: type=conversation, entity=visual_37, text=Scene 37: image=/storage/stories/8ad45d6c-4e70-4b9[:50]
2026-08-30 01:13:05,848 [DEBUG] runtime.memory.manager: Memory stored: type=conversation, entity=visual_38, text=Scene 38: image=/storage/stories/8ad45d6c-4e70-4b9[:50]
2026-08-30 01:13:05,848 [DEBUG] runtime.memory.manager: Memory stored: type=conversation, entity=visual_39, text=Scene 39: image=/storage/stories/8ad45d6c-4e70-4b9[:50]
2026-08-30 01:13:05,848 [DEBUG] runtime.memory.manager: Memory stored: type=conversation, entity=visual_40, text=Scene 40: image=/storage/stories/8ad45d6c-4e70-4b9[:50]
2026-08-30 01:13:05,848 [DEBUG] runtime.memory.manager: Memory stored: type=conversation, entity=visual_41, text=Scene 41: image=/storage/stories/8ad45d6c-4e70-4b9[:50]
2026-08-30 01:13:05,848 [DEBUG] runtime.memory.manager: Memory stored: type=conversation, entity=visual_42, text=Scene 42: image=/storage/stories/8ad45d6c-4e70-4b9[:50]
2026-08-30 01:13:05,848 [DEBUG] runtime.memory.manager: Memory stored: type=conversation, entity=visual_43, text=Scene 43: image=/storage/stories/8ad45d6c-4e70-4b9[:50]
2026-08-30 01:13:05,848 [DEBUG] runtime.memory.manager: Memory stored: type=conversation, entity=visual_44, text=Scene 44: image=/storage/stories/8ad45d6c-4e70-4b9[:50]
2026-08-30 01:13:05,848 [DEBUG] runtime.memory.manager: Memory stored: type=conversation, entity=visual_45, text=Scene 45: image=/storage/stories/8ad45d6c-4e70-4b9[:50]
2026-08-30 01:13:05,848 [DEBUG] runtime.memory.manager: Memory stored: type=conversation, entity=visual_46, text=Scene 46: image=/storage/stories/8ad45d6c-4e70-4b9[:50]
2026-08-30 01:13:05,848 [DEBUG] runtime.memory.manager: Memory stored: type=conversation, entity=visual_47, text=Scene 47: image=/storage/stories/8ad45d6c-4e70-4b9[:50]
2026-08-30 01:13:05,848 [DEBUG] runtime.memory.manager: Memory stored: type=conversation, entity=visual_48, text=Scene 48: image=/storage/stories/8ad45d6c-4e70-4b9[:50]
2026-08-30 01:13:05,848 [DEBUG] runtime.memory.manager: Memory stored: type=conversation, entity=visual_49, text=Scene 49: image=/storage/stories/8ad45d6c-4e70-4b9[:50]
2026-08-30 01:13:05,855 [DEBUG] runtime.memory.manager: Memory stored: type=conversation, entity=visual_50, text=Scene 50: image=/storage/stories/8ad45d6c-4e70-4b9[:50]
2026-08-30 01:13:05,855 [DEBUG] runtime.workflow_engine: [StoryMemory] Stored image output to memory
2026-08-30 01:13:05,855 [INFO] runtime.event_bus: EventBus: Event(step.started, session=, src=image_to_video) → 1 handlers
2026-08-30 01:13:05,855 [INFO] tasks.runner: Task 2773220f-f25c-4614-9fb7-e0fbe8bfafca: step=image_to_video, progress=60%
2026-08-30 01:13:05,856 [INFO] agents.image_to_video_agent: image_to_video_agent started | story_id=8ad45d6c-4e70-4b92-8884-7500f2973209, 50 images
2026-08-30 01:13:07,409 [DEBUG] aiosqlite: executing <function connect.<locals>.connector at 0x0000018C7528F9C0>
2026-08-30 01:13:07,409 [DEBUG] aiosqlite: operation <function connect.<locals>.connector at 0x0000018C7528F9C0> completed
2026-08-30 01:13:07,409 [DEBUG] aiosqlite: executing functools.partial(<built-in method create_function of sqlite3.Connection object at 0x0000018C756DD7B0>, 'regexp', 2, <function SQLiteDialect_pysqlite.on_connect.<locals>.regexp at 0x0000018C4AFFA660>, deterministic=True)
2026-08-30 01:13:07,411 [DEBUG] aiosqlite: operation functools.partial(<built-in method create_function of sqlite3.Connection object at 0x0000018C756DD7B0>, 'regexp', 2, <function SQLiteDialect_pysqlite.on_connect.<locals>.regexp at 0x0000018C4AFFA660>, deterministic=True) completed
2026-08-30 01:13:07,411 [DEBUG] aiosqlite: executing functools.partial(<built-in method create_function of sqlite3.Connection object at 0x0000018C756DD7B0>, 'floor', 1, <built-in function floor>, deterministic=True)
2026-08-30 01:13:07,411 [DEBUG] aiosqlite: operation functools.partial(<built-in method create_function of sqlite3.Connection object at 0x0000018C756DD7B0>, 'floor', 1, <built-in function floor>, deterministic=True) completed
2026-08-30 01:13:07,411 [INFO] sqlalchemy.engine.Engine: BEGIN (implicit)
2026-08-30 01:13:07,411 [INFO] sqlalchemy.engine.Engine: SELECT task.id, task.story_id, task.status, task.progress, task.current_step, task.retry_count, task.error_message, task.created_at, task.updated_at 
FROM task 
WHERE task.id = ?
2026-08-30 01:13:07,411 [INFO] sqlalchemy.engine.Engine: [cached since 624.2s ago] ('2773220ff25c46149fb7e0fbe8bfafca',)
2026-08-30 01:13:07,411 [DEBUG] aiosqlite: executing functools.partial(<built-in method cursor of sqlite3.Connection object at 0x0000018C756DD7B0>)
2026-08-30 01:13:07,415 [DEBUG] aiosqlite: operation functools.partial(<built-in method cursor of sqlite3.Connection object at 0x0000018C756DD7B0>) completed
2026-08-30 01:13:07,415 [DEBUG] aiosqlite: executing functools.partial(<built-in method execute of sqlite3.Cursor object at 0x0000018C756D6E40>, 'SELECT task.id, task.story_id, task.status, task.progress, task.current_step, task.retry_count, task.error_message, task.created_at, task.updated_at \nFROM task \nWHERE task.id = ?', ('2773220ff25c46149fb7e0fbe8bfafca',))
2026-08-30 01:13:07,415 [DEBUG] aiosqlite: operation functools.partial(<built-in method execute of sqlite3.Cursor object at 0x0000018C756D6E40>, 'SELECT task.id, task.story_id, task.status, task.progress, task.current_step, task.retry_count, task.error_message, task.created_at, task.updated_at \nFROM task \nWHERE task.id = ?', ('2773220ff25c46149fb7e0fbe8bfafca',)) completed
2026-08-30 01:13:07,418 [DEBUG] aiosqlite: executing functools.partial(<built-in method fetchall of sqlite3.Cursor object at 0x0000018C756D6E40>)
2026-08-30 01:13:07,418 [DEBUG] aiosqlite: operation functools.partial(<built-in method fetchall of sqlite3.Cursor object at 0x0000018C756D6E40>) completed
2026-08-30 01:13:07,418 [DEBUG] aiosqlite: executing functools.partial(<built-in method close of sqlite3.Cursor object at 0x0000018C756D6E40>)
2026-08-30 01:13:07,418 [DEBUG] aiosqlite: operation functools.partial(<built-in method close of sqlite3.Cursor object at 0x0000018C756D6E40>) completed
2026-08-30 01:13:07,418 [INFO] sqlalchemy.engine.Engine: COMMIT
2026-08-30 01:13:07,418 [DEBUG] aiosqlite: executing functools.partial(<built-in method commit of sqlite3.Connection object at 0x0000018C756DD7B0>)
2026-08-30 01:13:07,418 [DEBUG] aiosqlite: operation functools.partial(<built-in method commit of sqlite3.Connection object at 0x0000018C756DD7B0>) completed
2026-08-30 01:13:07,418 [DEBUG] aiosqlite: executing functools.partial(<built-in method rollback of sqlite3.Connection object at 0x0000018C756DD7B0>)
2026-08-30 01:13:07,418 [DEBUG] aiosqlite: operation functools.partial(<built-in method rollback of sqlite3.Connection object at 0x0000018C756DD7B0>) completed
2026-08-30 01:13:07,418 [DEBUG] aiosqlite: executing functools.partial(<built-in method close of sqlite3.Connection object at 0x0000018C756DD7B0>)
2026-08-30 01:13:07,418 [DEBUG] aiosqlite: operation functools.partial(<built-in method close of sqlite3.Connection object at 0x0000018C756DD7B0>) completed
2026-08-30 01:13:12,434 [DEBUG] aiosqlite: executing <function connect.<locals>.connector at 0x0000018C7528F060>
2026-08-30 01:13:12,437 [DEBUG] aiosqlite: operation <function connect.<locals>.connector at 0x0000018C7528F060> completed
2026-08-30 01:13:12,437 [DEBUG] aiosqlite: executing functools.partial(<built-in method create_function of sqlite3.Connection object at 0x0000018C756DCA90>, 'regexp', 2, <function SQLiteDialect_pysqlite.on_connect.<locals>.regexp at 0x0000018C4AFFA660>, deterministic=True)
2026-08-30 01:13:12,437 [DEBUG] aiosqlite: operation functools.partial(<built-in method create_function of sqlite3.Connection object at 0x0000018C756DCA90>, 'regexp', 2, <function SQLiteDialect_pysqlite.on_connect.<locals>.regexp at 0x0000018C4AFFA660>, deterministic=True) completed
2026-08-30 01:13:12,437 [DEBUG] aiosqlite: executing functools.partial(<built-in method create_function of sqlite3.Connection object at 0x0000018C756DCA90>, 'floor', 1, <built-in function floor>, deterministic=True)
2026-08-30 01:13:12,437 [DEBUG] aiosqlite: operation functools.partial(<built-in method create_function of sqlite3.Connection object at 0x0000018C756DCA90>, 'floor', 1, <built-in function floor>, deterministic=True) completed
2026-08-30 01:13:12,439 [INFO] sqlalchemy.engine.Engine: BEGIN (implicit)
2026-08-30 01:13:12,439 [INFO] sqlalchemy.engine.Engine: SELECT task.id, task.story_id, task.status, task.progress, task.current_step, task.retry_count, task.error_message, task.created_at, task.updated_at 
FROM task 
WHERE task.id = ?
2026-08-30 01:13:12,439 [INFO] sqlalchemy.engine.Engine: [cached since 629.2s ago] ('2773220ff25c46149fb7e0fbe8bfafca',)
2026-08-30 01:13:12,439 [DEBUG] aiosqlite: executing functools.partial(<built-in method cursor of sqlite3.Connection object at 0x0000018C756DCA90>)
2026-08-30 01:13:12,439 [DEBUG] aiosqlite: operation functools.partial(<built-in method cursor of sqlite3.Connection object at 0x0000018C756DCA90>) completed
2026-08-30 01:13:12,439 [DEBUG] aiosqlite: executing functools.partial(<built-in method execute of sqlite3.Cursor object at 0x0000018C4DBFEC40>, 'SELECT task.id, task.story_id, task.status, task.progress, task.current_step, task.retry_count, task.error_message, task.created_at, task.updated_at \nFROM task \nWHERE task.id = ?', ('2773220ff25c46149fb7e0fbe8bfafca',))
2026-08-30 01:13:12,443 [DEBUG] aiosqlite: operation functools.partial(<built-in method execute of sqlite3.Cursor object at 0x0000018C4DBFEC40>, 'SELECT task.id, task.story_id, task.status, task.progress, task.current_step, task.retry_count, task.error_message, task.created_at, task.updated_at \nFROM task \nWHERE task.id = ?', ('2773220ff25c46149fb7e0fbe8bfafca',)) completed
2026-08-30 01:13:12,443 [DEBUG] aiosqlite: executing functools.partial(<built-in method fetchall of sqlite3.Cursor object at 0x0000018C4DBFEC40>)
2026-08-30 01:13:12,445 [DEBUG] aiosqlite: operation functools.partial(<built-in method fetchall of sqlite3.Cursor object at 0x0000018C4DBFEC40>) completed
2026-08-30 01:13:12,445 [DEBUG] aiosqlite: executing functools.partial(<built-in method close of sqlite3.Cursor object at 0x0000018C4DBFEC40>)
2026-08-30 01:13:12,447 [DEBUG] aiosqlite: operation functools.partial(<built-in method close of sqlite3.Cursor object at 0x0000018C4DBFEC40>) completed
2026-08-30 01:13:12,447 [INFO] sqlalchemy.engine.Engine: COMMIT
2026-08-30 01:13:12,447 [DEBUG] aiosqlite: executing functools.partial(<built-in method commit of sqlite3.Connection object at 0x0000018C756DCA90>)
2026-08-30 01:13:12,450 [DEBUG] aiosqlite: operation functools.partial(<built-in method commit of sqlite3.Connection object at 0x0000018C756DCA90>) completed
2026-08-30 01:13:12,450 [DEBUG] aiosqlite: executing functools.partial(<built-in method rollback of sqlite3.Connection object at 0x0000018C756DCA90>)
2026-08-30 01:13:12,452 [DEBUG] aiosqlite: operation functools.partial(<built-in method rollback of sqlite3.Connection object at 0x0000018C756DCA90>) completed
2026-08-30 01:13:12,452 [DEBUG] aiosqlite: executing functools.partial(<built-in method close of sqlite3.Connection object at 0x0000018C756DCA90>)
2026-08-30 01:13:12,452 [DEBUG] aiosqlite: operation functools.partial(<built-in method close of sqlite3.Connection object at 0x0000018C756DCA90>) completed
2026-08-30 01:13:14,905 [INFO] agents.image_to_video_agent: image_to_video_agent completed | 50/50 clips | status=i2v_done | story_id=8ad45d6c-4e70-4b92-8884-7500f2973209
2026-08-30 01:13:14,905 [INFO] runtime.event_bus: EventBus: Event(step.completed, session=, src=image_to_video) → 1 handlers
2026-08-30 01:13:14,906 [DEBUG] runtime.director: Artifact stored: image_to_video (3 keys)
2026-08-30 01:13:14,906 [INFO] runtime.director: Director verdict: image_to_video -> proceed (confidence=0.90)
2026-08-30 01:13:14,907 [DEBUG] runtime.event_bus: EventBus: Event(director.decision, session=, src=director) published (no handlers)
2026-08-30 01:13:14,907 [DEBUG] runtime.director: Artifact stored: image_to_video (3 keys)
2026-08-30 01:13:14,907 [DEBUG] runtime.agent_conversation: A2A [handoff]: image_to_video -> voice (67dd4cbf) | Handoff from image_to_video to voice.

Produced: image_to_video completed
2026-08-30 01:13:14,907 [INFO] runtime.workflow_engine: [A2A] image_to_video -> voice: handoff
2026-08-30 01:13:14,907 [DEBUG] runtime.workflow_engine: [StoryMemory] Stored image_to_video output to memory
2026-08-30 01:13:14,907 [INFO] runtime.event_bus: EventBus: Event(step.started, session=, src=voice) → 1 handlers
2026-08-30 01:13:14,907 [INFO] tasks.runner: Task 2773220f-f25c-4614-9fb7-e0fbe8bfafca: step=voice, progress=75%
2026-08-30 01:13:14,908 [INFO] agents.voice_agent: voice_agent started | story_id=8ad45d6c-4e70-4b92-8884-7500f2973209
2026-08-30 01:13:14,925 [WARNING] agents.voice_agent: Montage TTS failed, falling back to legacy: [WinError 2] 系统找不到指定的文件。
2026-08-30 01:13:14,957 [INFO] agents.voice_agent: voice_agent (legacy) completed | 45/50 audios | status=voice_done
2026-08-30 01:13:14,957 [INFO] runtime.event_bus: EventBus: Event(step.completed, session=, src=voice) → 1 handlers
2026-08-30 01:13:14,957 [DEBUG] runtime.director: Artifact stored: voice (3 keys)
2026-08-30 01:13:14,957 [INFO] runtime.director: Director verdict: voice -> proceed (confidence=0.90)
2026-08-30 01:13:14,957 [DEBUG] runtime.event_bus: EventBus: Event(director.decision, session=, src=director) published (no handlers)
2026-08-30 01:13:14,957 [DEBUG] runtime.director: Artifact stored: voice (3 keys)
2026-08-30 01:13:14,957 [DEBUG] runtime.agent_conversation: A2A [handoff]: voice -> video (67dd4cbf) | Handoff from voice to video.

Produced: 45 audio files generated
2026-08-30 01:13:14,957 [INFO] runtime.workflow_engine: [A2A] voice -> video: handoff
2026-08-30 01:13:14,957 [DEBUG] runtime.workflow_engine: [StoryMemory] Stored voice output to memory
2026-08-30 01:13:14,957 [DEBUG] runtime.workflow_engine: [StoryMemory] Injected context for video (2614 chars)
2026-08-30 01:13:14,957 [INFO] runtime.event_bus: EventBus: Event(step.started, session=, src=video) → 1 handlers
2026-08-30 01:13:14,957 [INFO] tasks.runner: Task 2773220f-f25c-4614-9fb7-e0fbe8bfafca: step=video, progress=95%
2026-08-30 01:13:14,957 [INFO] agents.video_agent: video_agent started | story_id=8ad45d6c-4e70-4b92-8884-7500f2973209, 50 clips, 50 images
2026-08-30 01:13:14,957 [DEBUG] runtime.montage.ffmpeg_ops: Running: ffprobe -v quiet -print_format json -show_streams -show_format storage\stories\8ad45d6c-4e70-4b92-8884-7500f2973209\audio\scene_1.wav
2026-08-30 01:13:15,068 [DEBUG] runtime.montage.ffmpeg_ops: Running: ffprobe -v quiet -print_format json -show_streams -show_format storage\stories\8ad45d6c-4e70-4b92-8884-7500f2973209\audio\scene_2.wav
2026-08-30 01:13:15,132 [DEBUG] runtime.montage.ffmpeg_ops: Running: ffprobe -v quiet -print_format json -show_streams -show_format storage\stories\8ad45d6c-4e70-4b92-8884-7500f2973209\audio\scene_3.wav
2026-08-30 01:13:15,206 [DEBUG] runtime.montage.ffmpeg_ops: Running: ffprobe -v quiet -print_format json -show_streams -show_format storage\stories\8ad45d6c-4e70-4b92-8884-7500f2973209\audio\scene_4.wav
2026-08-30 01:13:15,273 [DEBUG] runtime.montage.ffmpeg_ops: Running: ffprobe -v quiet -print_format json -show_streams -show_format storage\stories\8ad45d6c-4e70-4b92-8884-7500f2973209\audio\scene_5.wav
2026-08-30 01:13:15,342 [DEBUG] runtime.montage.ffmpeg_ops: Running: ffprobe -v quiet -print_format json -show_streams -show_format storage\stories\8ad45d6c-4e70-4b92-8884-7500f2973209\audio\scene_7.wav
2026-08-30 01:13:15,410 [DEBUG] runtime.montage.ffmpeg_ops: Running: ffprobe -v quiet -print_format json -show_streams -show_format storage\stories\8ad45d6c-4e70-4b92-8884-7500f2973209\audio\scene_8.wav
2026-08-30 01:13:15,469 [DEBUG] runtime.montage.ffmpeg_ops: Running: ffprobe -v quiet -print_format json -show_streams -show_format storage\stories\8ad45d6c-4e70-4b92-8884-7500f2973209\audio\scene_9.wav
2026-08-30 01:13:15,531 [DEBUG] runtime.montage.ffmpeg_ops: Running: ffprobe -v quiet -print_format json -show_streams -show_format storage\stories\8ad45d6c-4e70-4b92-8884-7500f2973209\audio\scene_10.wav
2026-08-30 01:13:15,604 [DEBUG] runtime.montage.ffmpeg_ops: Running: ffprobe -v quiet -print_format json -show_streams -show_format storage\stories\8ad45d6c-4e70-4b92-8884-7500f2973209\audio\scene_11.wav
2026-08-30 01:13:15,669 [DEBUG] runtime.montage.ffmpeg_ops: Running: ffprobe -v quiet -print_format json -show_streams -show_format storage\stories\8ad45d6c-4e70-4b92-8884-7500f2973209\audio\scene_12.wav
2026-08-30 01:13:15,736 [DEBUG] runtime.montage.ffmpeg_ops: Running: ffprobe -v quiet -print_format json -show_streams -show_format storage\stories\8ad45d6c-4e70-4b92-8884-7500f2973209\audio\scene_13.wav
2026-08-30 01:13:15,820 [DEBUG] runtime.montage.ffmpeg_ops: Running: ffprobe -v quiet -print_format json -show_streams -show_format storage\stories\8ad45d6c-4e70-4b92-8884-7500f2973209\audio\scene_14.wav
2026-08-30 01:13:15,882 [DEBUG] runtime.montage.ffmpeg_ops: Running: ffprobe -v quiet -print_format json -show_streams -show_format storage\stories\8ad45d6c-4e70-4b92-8884-7500f2973209\audio\scene_16.wav
2026-08-30 01:13:15,962 [DEBUG] runtime.montage.ffmpeg_ops: Running: ffprobe -v quiet -print_format json -show_streams -show_format storage\stories\8ad45d6c-4e70-4b92-8884-7500f2973209\audio\scene_17.wav
2026-08-30 01:13:16,035 [DEBUG] runtime.montage.ffmpeg_ops: Running: ffprobe -v quiet -print_format json -show_streams -show_format storage\stories\8ad45d6c-4e70-4b92-8884-7500f2973209\audio\scene_18.wav
2026-08-30 01:13:16,097 [DEBUG] runtime.montage.ffmpeg_ops: Running: ffprobe -v quiet -print_format json -show_streams -show_format storage\stories\8ad45d6c-4e70-4b92-8884-7500f2973209\audio\scene_19.wav
2026-08-30 01:13:16,175 [DEBUG] runtime.montage.ffmpeg_ops: Running: ffprobe -v quiet -print_format json -show_streams -show_format storage\stories\8ad45d6c-4e70-4b92-8884-7500f2973209\audio\scene_20.wav
2026-08-30 01:13:16,246 [DEBUG] runtime.montage.ffmpeg_ops: Running: ffprobe -v quiet -print_format json -show_streams -show_format storage\stories\8ad45d6c-4e70-4b92-8884-7500f2973209\audio\scene_21.wav
2026-08-30 01:13:16,311 [DEBUG] runtime.montage.ffmpeg_ops: Running: ffprobe -v quiet -print_format json -show_streams -show_format storage\stories\8ad45d6c-4e70-4b92-8884-7500f2973209\audio\scene_22.wav
2026-08-30 01:13:16,379 [DEBUG] runtime.montage.ffmpeg_ops: Running: ffprobe -v quiet -print_format json -show_streams -show_format storage\stories\8ad45d6c-4e70-4b92-8884-7500f2973209\audio\scene_24.wav
2026-08-30 01:13:16,444 [DEBUG] runtime.montage.ffmpeg_ops: Running: ffprobe -v quiet -print_format json -show_streams -show_format storage\stories\8ad45d6c-4e70-4b92-8884-7500f2973209\audio\scene_25.wav
2026-08-30 01:13:16,515 [DEBUG] runtime.montage.ffmpeg_ops: Running: ffprobe -v quiet -print_format json -show_streams -show_format storage\stories\8ad45d6c-4e70-4b92-8884-7500f2973209\audio\scene_26.wav
2026-08-30 01:13:16,583 [DEBUG] runtime.montage.ffmpeg_ops: Running: ffprobe -v quiet -print_format json -show_streams -show_format storage\stories\8ad45d6c-4e70-4b92-8884-7500f2973209\audio\scene_27.wav
2026-08-30 01:13:16,659 [DEBUG] runtime.montage.ffmpeg_ops: Running: ffprobe -v quiet -print_format json -show_streams -show_format storage\stories\8ad45d6c-4e70-4b92-8884-7500f2973209\audio\scene_28.wav
2026-08-30 01:13:16,732 [DEBUG] runtime.montage.ffmpeg_ops: Running: ffprobe -v quiet -print_format json -show_streams -show_format storage\stories\8ad45d6c-4e70-4b92-8884-7500f2973209\audio\scene_29.wav
2026-08-30 01:13:16,801 [DEBUG] runtime.montage.ffmpeg_ops: Running: ffprobe -v quiet -print_format json -show_streams -show_format storage\stories\8ad45d6c-4e70-4b92-8884-7500f2973209\audio\scene_30.wav
2026-08-30 01:13:16,871 [DEBUG] runtime.montage.ffmpeg_ops: Running: ffprobe -v quiet -print_format json -show_streams -show_format storage\stories\8ad45d6c-4e70-4b92-8884-7500f2973209\audio\scene_32.wav
2026-08-30 01:13:16,956 [DEBUG] runtime.montage.ffmpeg_ops: Running: ffprobe -v quiet -print_format json -show_streams -show_format storage\stories\8ad45d6c-4e70-4b92-8884-7500f2973209\audio\scene_33.wav
2026-08-30 01:13:17,022 [DEBUG] runtime.montage.ffmpeg_ops: Running: ffprobe -v quiet -print_format json -show_streams -show_format storage\stories\8ad45d6c-4e70-4b92-8884-7500f2973209\audio\scene_34.wav
2026-08-30 01:13:17,095 [DEBUG] runtime.montage.ffmpeg_ops: Running: ffprobe -v quiet -print_format json -show_streams -show_format storage\stories\8ad45d6c-4e70-4b92-8884-7500f2973209\audio\scene_35.wav
2026-08-30 01:13:17,157 [DEBUG] runtime.montage.ffmpeg_ops: Running: ffprobe -v quiet -print_format json -show_streams -show_format storage\stories\8ad45d6c-4e70-4b92-8884-7500f2973209\audio\scene_36.wav
2026-08-30 01:13:17,224 [DEBUG] runtime.montage.ffmpeg_ops: Running: ffprobe -v quiet -print_format json -show_streams -show_format storage\stories\8ad45d6c-4e70-4b92-8884-7500f2973209\audio\scene_37.wav
2026-08-30 01:13:17,309 [DEBUG] runtime.montage.ffmpeg_ops: Running: ffprobe -v quiet -print_format json -show_streams -show_format storage\stories\8ad45d6c-4e70-4b92-8884-7500f2973209\audio\scene_38.wav
2026-08-30 01:13:17,374 [DEBUG] runtime.montage.ffmpeg_ops: Running: ffprobe -v quiet -print_format json -show_streams -show_format storage\stories\8ad45d6c-4e70-4b92-8884-7500f2973209\audio\scene_39.wav
2026-08-30 01:13:17,445 [DEBUG] runtime.montage.ffmpeg_ops: Running: ffprobe -v quiet -print_format json -show_streams -show_format storage\stories\8ad45d6c-4e70-4b92-8884-7500f2973209\audio\scene_40.wav
2026-08-30 01:13:17,510 [DEBUG] runtime.montage.ffmpeg_ops: Running: ffprobe -v quiet -print_format json -show_streams -show_format storage\stories\8ad45d6c-4e70-4b92-8884-7500f2973209\audio\scene_41.wav
2026-08-30 01:13:17,576 [DEBUG] runtime.montage.ffmpeg_ops: Running: ffprobe -v quiet -print_format json -show_streams -show_format storage\stories\8ad45d6c-4e70-4b92-8884-7500f2973209\audio\scene_42.wav
2026-08-30 01:13:17,654 [DEBUG] runtime.montage.ffmpeg_ops: Running: ffprobe -v quiet -print_format json -show_streams -show_format storage\stories\8ad45d6c-4e70-4b92-8884-7500f2973209\audio\scene_43.wav
2026-08-30 01:13:17,717 [DEBUG] runtime.montage.ffmpeg_ops: Running: ffprobe -v quiet -print_format json -show_streams -show_format storage\stories\8ad45d6c-4e70-4b92-8884-7500f2973209\audio\scene_44.wav
2026-08-30 01:13:17,777 [DEBUG] runtime.montage.ffmpeg_ops: Running: ffprobe -v quiet -print_format json -show_streams -show_format storage\stories\8ad45d6c-4e70-4b92-8884-7500f2973209\audio\scene_45.wav
2026-08-30 01:13:17,852 [DEBUG] runtime.montage.ffmpeg_ops: Running: ffprobe -v quiet -print_format json -show_streams -show_format storage\stories\8ad45d6c-4e70-4b92-8884-7500f2973209\audio\scene_47.wav
2026-08-30 01:13:17,924 [DEBUG] runtime.montage.ffmpeg_ops: Running: ffprobe -v quiet -print_format json -show_streams -show_format storage\stories\8ad45d6c-4e70-4b92-8884-7500f2973209\audio\scene_48.wav
2026-08-30 01:13:17,991 [DEBUG] runtime.montage.ffmpeg_ops: Running: ffprobe -v quiet -print_format json -show_streams -show_format storage\stories\8ad45d6c-4e70-4b92-8884-7500f2973209\audio\scene_49.wav
2026-08-30 01:13:18,061 [DEBUG] runtime.montage.ffmpeg_ops: Running: ffprobe -v quiet -print_format json -show_streams -show_format storage\stories\8ad45d6c-4e70-4b92-8884-7500f2973209\audio\scene_50.wav
2026-08-30 01:13:18,161 [INFO] runtime.montage_adapter: MontageAdapter: subtitles generated at storage\stories\8ad45d6c-4e70-4b92-8884-7500f2973209\subtitles.srt
2026-08-30 01:13:18,175 [DEBUG] runtime.montage.ffmpeg_ops: Running: ffmpeg -y -i storage\stories\8ad45d6c-4e70-4b92-8884-7500f2973209\audio\scene_1.wav -i storage\stories\8ad45d6c-4e70-4b92-8884-7500f2973209\audio\scene_2.wav -i storage\stories\8ad45d6c-4e70-4b92-8884-7500f2973209\audio\scene_3.wav -i storage\stories\8ad45d6c-4e70-4b92-8884-7500f2973209\audio\scene_4.wav...
2026-08-30 01:13:20,934 [INFO] runtime.montage_adapter: MontageAdapter: audio mixed at storage\stories\8ad45d6c-4e70-4b92-8884-7500f2973209\mixed_audio.wav
2026-08-30 01:13:20,935 [INFO] runtime.montage.video_composer: VideoComposer: probing 50 clips
2026-08-30 01:13:20,935 [DEBUG] runtime.montage.ffmpeg_ops: Running: ffprobe -v quiet -print_format json -show_streams -show_format storage\stories\8ad45d6c-4e70-4b92-8884-7500f2973209\video_clips\scene_1.mp4
2026-08-30 01:13:20,987 [DEBUG] runtime.montage.ffmpeg_ops: Running: ffprobe -v quiet -print_format json -show_streams -show_format storage\stories\8ad45d6c-4e70-4b92-8884-7500f2973209\video_clips\scene_2.mp4
2026-08-30 01:13:21,036 [DEBUG] runtime.montage.ffmpeg_ops: Running: ffprobe -v quiet -print_format json -show_streams -show_format storage\stories\8ad45d6c-4e70-4b92-8884-7500f2973209\video_clips\scene_3.mp4
2026-08-30 01:13:21,085 [DEBUG] runtime.montage.ffmpeg_ops: Running: ffprobe -v quiet -print_format json -show_streams -show_format storage\stories\8ad45d6c-4e70-4b92-8884-7500f2973209\video_clips\scene_4.mp4
2026-08-30 01:13:21,135 [DEBUG] runtime.montage.ffmpeg_ops: Running: ffprobe -v quiet -print_format json -show_streams -show_format storage\stories\8ad45d6c-4e70-4b92-8884-7500f2973209\video_clips\scene_5.mp4
2026-08-30 01:13:21,182 [DEBUG] runtime.montage.ffmpeg_ops: Running: ffprobe -v quiet -print_format json -show_streams -show_format storage\stories\8ad45d6c-4e70-4b92-8884-7500f2973209\video_clips\scene_6.mp4
2026-08-30 01:13:21,230 [DEBUG] runtime.montage.ffmpeg_ops: Running: ffprobe -v quiet -print_format json -show_streams -show_format storage\stories\8ad45d6c-4e70-4b92-8884-7500f2973209\video_clips\scene_7.mp4
2026-08-30 01:13:21,273 [DEBUG] runtime.montage.ffmpeg_ops: Running: ffprobe -v quiet -print_format json -show_streams -show_format storage\stories\8ad45d6c-4e70-4b92-8884-7500f2973209\video_clips\scene_8.mp4
2026-08-30 01:13:21,321 [DEBUG] runtime.montage.ffmpeg_ops: Running: ffprobe -v quiet -print_format json -show_streams -show_format storage\stories\8ad45d6c-4e70-4b92-8884-7500f2973209\video_clips\scene_9.mp4
2026-08-30 01:13:21,366 [DEBUG] runtime.montage.ffmpeg_ops: Running: ffprobe -v quiet -print_format json -show_streams -show_format storage\stories\8ad45d6c-4e70-4b92-8884-7500f2973209\video_clips\scene_10.mp4
2026-08-30 01:13:21,412 [DEBUG] runtime.montage.ffmpeg_ops: Running: ffprobe -v quiet -print_format json -show_streams -show_format storage\stories\8ad45d6c-4e70-4b92-8884-7500f2973209\video_clips\scene_11.mp4
2026-08-30 01:13:21,458 [DEBUG] runtime.montage.ffmpeg_ops: Running: ffprobe -v quiet -print_format json -show_streams -show_format storage\stories\8ad45d6c-4e70-4b92-8884-7500f2973209\video_clips\scene_12.mp4
2026-08-30 01:13:21,500 [DEBUG] runtime.montage.ffmpeg_ops: Running: ffprobe -v quiet -print_format json -show_streams -show_format storage\stories\8ad45d6c-4e70-4b92-8884-7500f2973209\video_clips\scene_13.mp4
2026-08-30 01:13:21,544 [DEBUG] runtime.montage.ffmpeg_ops: Running: ffprobe -v quiet -print_format json -show_streams -show_format storage\stories\8ad45d6c-4e70-4b92-8884-7500f2973209\video_clips\scene_14.mp4
2026-08-30 01:13:21,593 [DEBUG] runtime.montage.ffmpeg_ops: Running: ffprobe -v quiet -print_format json -show_streams -show_format storage\stories\8ad45d6c-4e70-4b92-8884-7500f2973209\video_clips\scene_15.mp4
2026-08-30 01:13:21,660 [DEBUG] runtime.montage.ffmpeg_ops: Running: ffprobe -v quiet -print_format json -show_streams -show_format storage\stories\8ad45d6c-4e70-4b92-8884-7500f2973209\video_clips\scene_16.mp4
2026-08-30 01:13:21,701 [DEBUG] runtime.montage.ffmpeg_ops: Running: ffprobe -v quiet -print_format json -show_streams -show_format storage\stories\8ad45d6c-4e70-4b92-8884-7500f2973209\video_clips\scene_17.mp4
2026-08-30 01:13:21,746 [DEBUG] runtime.montage.ffmpeg_ops: Running: ffprobe -v quiet -print_format json -show_streams -show_format storage\stories\8ad45d6c-4e70-4b92-8884-7500f2973209\video_clips\scene_18.mp4
2026-08-30 01:13:21,792 [DEBUG] runtime.montage.ffmpeg_ops: Running: ffprobe -v quiet -print_format json -show_streams -show_format storage\stories\8ad45d6c-4e70-4b92-8884-7500f2973209\video_clips\scene_19.mp4
2026-08-30 01:13:21,835 [DEBUG] runtime.montage.ffmpeg_ops: Running: ffprobe -v quiet -print_format json -show_streams -show_format storage\stories\8ad45d6c-4e70-4b92-8884-7500f2973209\video_clips\scene_20.mp4
2026-08-30 01:13:21,877 [DEBUG] runtime.montage.ffmpeg_ops: Running: ffprobe -v quiet -print_format json -show_streams -show_format storage\stories\8ad45d6c-4e70-4b92-8884-7500f2973209\video_clips\scene_21.mp4
2026-08-30 01:13:21,919 [DEBUG] runtime.montage.ffmpeg_ops: Running: ffprobe -v quiet -print_format json -show_streams -show_format storage\stories\8ad45d6c-4e70-4b92-8884-7500f2973209\video_clips\scene_22.mp4
2026-08-30 01:13:21,960 [DEBUG] runtime.montage.ffmpeg_ops: Running: ffprobe -v quiet -print_format json -show_streams -show_format storage\stories\8ad45d6c-4e70-4b92-8884-7500f2973209\video_clips\scene_23.mp4
2026-08-30 01:13:22,002 [DEBUG] runtime.montage.ffmpeg_ops: Running: ffprobe -v quiet -print_format json -show_streams -show_format storage\stories\8ad45d6c-4e70-4b92-8884-7500f2973209\video_clips\scene_24.mp4
2026-08-30 01:13:22,043 [DEBUG] runtime.montage.ffmpeg_ops: Running: ffprobe -v quiet -print_format json -show_streams -show_format storage\stories\8ad45d6c-4e70-4b92-8884-7500f2973209\video_clips\scene_25.mp4
2026-08-30 01:13:22,093 [DEBUG] runtime.montage.ffmpeg_ops: Running: ffprobe -v quiet -print_format json -show_streams -show_format storage\stories\8ad45d6c-4e70-4b92-8884-7500f2973209\video_clips\scene_26.mp4
2026-08-30 01:13:22,134 [DEBUG] runtime.montage.ffmpeg_ops: Running: ffprobe -v quiet -print_format json -show_streams -show_format storage\stories\8ad45d6c-4e70-4b92-8884-7500f2973209\video_clips\scene_27.mp4
2026-08-30 01:13:22,176 [DEBUG] runtime.montage.ffmpeg_ops: Running: ffprobe -v quiet -print_format json -show_streams -show_format storage\stories\8ad45d6c-4e70-4b92-8884-7500f2973209\video_clips\scene_28.mp4
2026-08-30 01:13:22,218 [DEBUG] runtime.montage.ffmpeg_ops: Running: ffprobe -v quiet -print_format json -show_streams -show_format storage\stories\8ad45d6c-4e70-4b92-8884-7500f2973209\video_clips\scene_29.mp4
2026-08-30 01:13:22,264 [DEBUG] runtime.montage.ffmpeg_ops: Running: ffprobe -v quiet -print_format json -show_streams -show_format storage\stories\8ad45d6c-4e70-4b92-8884-7500f2973209\video_clips\scene_30.mp4
2026-08-30 01:13:22,309 [DEBUG] runtime.montage.ffmpeg_ops: Running: ffprobe -v quiet -print_format json -show_streams -show_format storage\stories\8ad45d6c-4e70-4b92-8884-7500f2973209\video_clips\scene_31.mp4
2026-08-30 01:13:22,355 [DEBUG] runtime.montage.ffmpeg_ops: Running: ffprobe -v quiet -print_format json -show_streams -show_format storage\stories\8ad45d6c-4e70-4b92-8884-7500f2973209\video_clips\scene_32.mp4
2026-08-30 01:13:22,399 [DEBUG] runtime.montage.ffmpeg_ops: Running: ffprobe -v quiet -print_format json -show_streams -show_format storage\stories\8ad45d6c-4e70-4b92-8884-7500f2973209\video_clips\scene_33.mp4
2026-08-30 01:13:22,450 [DEBUG] runtime.montage.ffmpeg_ops: Running: ffprobe -v quiet -print_format json -show_streams -show_format storage\stories\8ad45d6c-4e70-4b92-8884-7500f2973209\video_clips\scene_34.mp4
2026-08-30 01:13:22,495 [DEBUG] runtime.montage.ffmpeg_ops: Running: ffprobe -v quiet -print_format json -show_streams -show_format storage\stories\8ad45d6c-4e70-4b92-8884-7500f2973209\video_clips\scene_35.mp4
2026-08-30 01:13:22,541 [DEBUG] runtime.montage.ffmpeg_ops: Running: ffprobe -v quiet -print_format json -show_streams -show_format storage\stories\8ad45d6c-4e70-4b92-8884-7500f2973209\video_clips\scene_36.mp4
2026-08-30 01:13:22,584 [DEBUG] runtime.montage.ffmpeg_ops: Running: ffprobe -v quiet -print_format json -show_streams -show_format storage\stories\8ad45d6c-4e70-4b92-8884-7500f2973209\video_clips\scene_37.mp4
2026-08-30 01:13:22,628 [DEBUG] runtime.montage.ffmpeg_ops: Running: ffprobe -v quiet -print_format json -show_streams -show_format storage\stories\8ad45d6c-4e70-4b92-8884-7500f2973209\video_clips\scene_38.mp4
2026-08-30 01:13:22,675 [DEBUG] runtime.montage.ffmpeg_ops: Running: ffprobe -v quiet -print_format json -show_streams -show_format storage\stories\8ad45d6c-4e70-4b92-8884-7500f2973209\video_clips\scene_39.mp4
2026-08-30 01:13:22,721 [DEBUG] runtime.montage.ffmpeg_ops: Running: ffprobe -v quiet -print_format json -show_streams -show_format storage\stories\8ad45d6c-4e70-4b92-8884-7500f2973209\video_clips\scene_40.mp4
2026-08-30 01:13:22,769 [DEBUG] runtime.montage.ffmpeg_ops: Running: ffprobe -v quiet -print_format json -show_streams -show_format storage\stories\8ad45d6c-4e70-4b92-8884-7500f2973209\video_clips\scene_41.mp4
2026-08-30 01:13:22,820 [DEBUG] runtime.montage.ffmpeg_ops: Running: ffprobe -v quiet -print_format json -show_streams -show_format storage\stories\8ad45d6c-4e70-4b92-8884-7500f2973209\video_clips\scene_42.mp4
2026-08-30 01:13:22,863 [DEBUG] runtime.montage.ffmpeg_ops: Running: ffprobe -v quiet -print_format json -show_streams -show_format storage\stories\8ad45d6c-4e70-4b92-8884-7500f2973209\video_clips\scene_43.mp4
2026-08-30 01:13:22,909 [DEBUG] runtime.montage.ffmpeg_ops: Running: ffprobe -v quiet -print_format json -show_streams -show_format storage\stories\8ad45d6c-4e70-4b92-8884-7500f2973209\video_clips\scene_44.mp4
2026-08-30 01:13:22,958 [DEBUG] runtime.montage.ffmpeg_ops: Running: ffprobe -v quiet -print_format json -show_streams -show_format storage\stories\8ad45d6c-4e70-4b92-8884-7500f2973209\video_clips\scene_45.mp4
2026-08-30 01:13:23,005 [DEBUG] runtime.montage.ffmpeg_ops: Running: ffprobe -v quiet -print_format json -show_streams -show_format storage\stories\8ad45d6c-4e70-4b92-8884-7500f2973209\video_clips\scene_46.mp4
2026-08-30 01:13:23,056 [DEBUG] runtime.montage.ffmpeg_ops: Running: ffprobe -v quiet -print_format json -show_streams -show_format storage\stories\8ad45d6c-4e70-4b92-8884-7500f2973209\video_clips\scene_47.mp4
2026-08-30 01:13:23,108 [DEBUG] runtime.montage.ffmpeg_ops: Running: ffprobe -v quiet -print_format json -show_streams -show_format storage\stories\8ad45d6c-4e70-4b92-8884-7500f2973209\video_clips\scene_48.mp4
2026-08-30 01:13:23,150 [DEBUG] runtime.montage.ffmpeg_ops: Running: ffprobe -v quiet -print_format json -show_streams -show_format storage\stories\8ad45d6c-4e70-4b92-8884-7500f2973209\video_clips\scene_49.mp4
2026-08-30 01:13:23,197 [DEBUG] runtime.montage.ffmpeg_ops: Running: ffprobe -v quiet -print_format json -show_streams -show_format storage\stories\8ad45d6c-4e70-4b92-8884-7500f2973209\video_clips\scene_50.mp4
2026-08-30 01:13:23,244 [INFO] runtime.montage.video_composer: VideoComposer: normalizing clips
2026-08-30 01:13:23,244 [DEBUG] runtime.montage.ffmpeg_ops: Running: ffmpeg -y -i storage\stories\8ad45d6c-4e70-4b92-8884-7500f2973209\video_clips\scene_1.mp4 -vf scale=1920:1080:force_original_aspect_ratio=decrease,pad=1920:1080:(ow-iw)/2:(oh-ih)/2:color=black,setsar=1,fps=30 -c:v libx264 -crf 23...
2026-08-30 01:13:23,731 [DEBUG] runtime.montage.ffmpeg_ops: Running: ffmpeg -y -i storage\stories\8ad45d6c-4e70-4b92-8884-7500f2973209\video_clips\scene_2.mp4 -vf scale=1920:1080:force_original_aspect_ratio=decrease,pad=1920:1080:(ow-iw)/2:(oh-ih)/2:color=black,setsar=1,fps=30 -c:v libx264 -crf 23...
2026-08-30 01:13:24,131 [DEBUG] runtime.montage.ffmpeg_ops: Running: ffmpeg -y -i storage\stories\8ad45d6c-4e70-4b92-8884-7500f2973209\video_clips\scene_3.mp4 -vf scale=1920:1080:force_original_aspect_ratio=decrease,pad=1920:1080:(ow-iw)/2:(oh-ih)/2:color=black,setsar=1,fps=30 -c:v libx264 -crf 23...
2026-08-30 01:13:24,588 [DEBUG] runtime.montage.ffmpeg_ops: Running: ffmpeg -y -i storage\stories\8ad45d6c-4e70-4b92-8884-7500f2973209\video_clips\scene_4.mp4 -vf scale=1920:1080:force_original_aspect_ratio=decrease,pad=1920:1080:(ow-iw)/2:(oh-ih)/2:color=black,setsar=1,fps=30 -c:v libx264 -crf 23...
2026-08-30 01:13:25,029 [DEBUG] runtime.montage.ffmpeg_ops: Running: ffmpeg -y -i storage\stories\8ad45d6c-4e70-4b92-8884-7500f2973209\video_clips\scene_5.mp4 -vf scale=1920:1080:force_original_aspect_ratio=decrease,pad=1920:1080:(ow-iw)/2:(oh-ih)/2:color=black,setsar=1,fps=30 -c:v libx264 -crf 23...
2026-08-30 01:13:25,440 [DEBUG] runtime.montage.ffmpeg_ops: Running: ffmpeg -y -i storage\stories\8ad45d6c-4e70-4b92-8884-7500f2973209\video_clips\scene_6.mp4 -vf scale=1920:1080:force_original_aspect_ratio=decrease,pad=1920:1080:(ow-iw)/2:(oh-ih)/2:color=black,setsar=1,fps=30 -c:v libx264 -crf 23...
2026-08-30 01:13:25,781 [DEBUG] runtime.montage.ffmpeg_ops: Running: ffmpeg -y -i storage\stories\8ad45d6c-4e70-4b92-8884-7500f2973209\video_clips\scene_7.mp4 -vf scale=1920:1080:force_original_aspect_ratio=decrease,pad=1920:1080:(ow-iw)/2:(oh-ih)/2:color=black,setsar=1,fps=30 -c:v libx264 -crf 23...
2026-08-30 01:13:26,209 [DEBUG] runtime.montage.ffmpeg_ops: Running: ffmpeg -y -i storage\stories\8ad45d6c-4e70-4b92-8884-7500f2973209\video_clips\scene_8.mp4 -vf scale=1920:1080:force_original_aspect_ratio=decrease,pad=1920:1080:(ow-iw)/2:(oh-ih)/2:color=black,setsar=1,fps=30 -c:v libx264 -crf 23...
2026-08-30 01:13:26,596 [DEBUG] runtime.montage.ffmpeg_ops: Running: ffmpeg -y -i storage\stories\8ad45d6c-4e70-4b92-8884-7500f2973209\video_clips\scene_9.mp4 -vf scale=1920:1080:force_original_aspect_ratio=decrease,pad=1920:1080:(ow-iw)/2:(oh-ih)/2:color=black,setsar=1,fps=30 -c:v libx264 -crf 23...
2026-08-30 01:13:27,056 [DEBUG] runtime.montage.ffmpeg_ops: Running: ffmpeg -y -i storage\stories\8ad45d6c-4e70-4b92-8884-7500f2973209\video_clips\scene_10.mp4 -vf scale=1920:1080:force_original_aspect_ratio=decrease,pad=1920:1080:(ow-iw)/2:(oh-ih)/2:color=black,setsar=1,fps=30 -c:v libx264 -crf 23...
2026-08-30 01:13:27,410 [DEBUG] runtime.montage.ffmpeg_ops: Running: ffmpeg -y -i storage\stories\8ad45d6c-4e70-4b92-8884-7500f2973209\video_clips\scene_11.mp4 -vf scale=1920:1080:force_original_aspect_ratio=decrease,pad=1920:1080:(ow-iw)/2:(oh-ih)/2:color=black,setsar=1,fps=30 -c:v libx264 -crf 23...
2026-08-30 01:13:27,834 [DEBUG] runtime.montage.ffmpeg_ops: Running: ffmpeg -y -i storage\stories\8ad45d6c-4e70-4b92-8884-7500f2973209\video_clips\scene_12.mp4 -vf scale=1920:1080:force_original_aspect_ratio=decrease,pad=1920:1080:(ow-iw)/2:(oh-ih)/2:color=black,setsar=1,fps=30 -c:v libx264 -crf 23...
2026-08-30 01:13:28,235 [DEBUG] runtime.montage.ffmpeg_ops: Running: ffmpeg -y -i storage\stories\8ad45d6c-4e70-4b92-8884-7500f2973209\video_clips\scene_13.mp4 -vf scale=1920:1080:force_original_aspect_ratio=decrease,pad=1920:1080:(ow-iw)/2:(oh-ih)/2:color=black,setsar=1,fps=30 -c:v libx264 -crf 23...
2026-08-30 01:13:28,653 [DEBUG] runtime.montage.ffmpeg_ops: Running: ffmpeg -y -i storage\stories\8ad45d6c-4e70-4b92-8884-7500f2973209\video_clips\scene_14.mp4 -vf scale=1920:1080:force_original_aspect_ratio=decrease,pad=1920:1080:(ow-iw)/2:(oh-ih)/2:color=black,setsar=1,fps=30 -c:v libx264 -crf 23...
2026-08-30 01:13:29,097 [DEBUG] runtime.montage.ffmpeg_ops: Running: ffmpeg -y -i storage\stories\8ad45d6c-4e70-4b92-8884-7500f2973209\video_clips\scene_15.mp4 -vf scale=1920:1080:force_original_aspect_ratio=decrease,pad=1920:1080:(ow-iw)/2:(oh-ih)/2:color=black,setsar=1,fps=30 -c:v libx264 -crf 23...
2026-08-30 01:13:29,464 [DEBUG] runtime.montage.ffmpeg_ops: Running: ffmpeg -y -i storage\stories\8ad45d6c-4e70-4b92-8884-7500f2973209\video_clips\scene_16.mp4 -vf scale=1920:1080:force_original_aspect_ratio=decrease,pad=1920:1080:(ow-iw)/2:(oh-ih)/2:color=black,setsar=1,fps=30 -c:v libx264 -crf 23...
2026-08-30 01:13:29,889 [DEBUG] runtime.montage.ffmpeg_ops: Running: ffmpeg -y -i storage\stories\8ad45d6c-4e70-4b92-8884-7500f2973209\video_clips\scene_17.mp4 -vf scale=1920:1080:force_original_aspect_ratio=decrease,pad=1920:1080:(ow-iw)/2:(oh-ih)/2:color=black,setsar=1,fps=30 -c:v libx264 -crf 23...
2026-08-30 01:13:30,260 [DEBUG] runtime.montage.ffmpeg_ops: Running: ffmpeg -y -i storage\stories\8ad45d6c-4e70-4b92-8884-7500f2973209\video_clips\scene_18.mp4 -vf scale=1920:1080:force_original_aspect_ratio=decrease,pad=1920:1080:(ow-iw)/2:(oh-ih)/2:color=black,setsar=1,fps=30 -c:v libx264 -crf 23...
2026-08-30 01:13:30,657 [DEBUG] runtime.montage.ffmpeg_ops: Running: ffmpeg -y -i storage\stories\8ad45d6c-4e70-4b92-8884-7500f2973209\video_clips\scene_19.mp4 -vf scale=1920:1080:force_original_aspect_ratio=decrease,pad=1920:1080:(ow-iw)/2:(oh-ih)/2:color=black,setsar=1,fps=30 -c:v libx264 -crf 23...
2026-08-30 01:13:31,110 [DEBUG] runtime.montage.ffmpeg_ops: Running: ffmpeg -y -i storage\stories\8ad45d6c-4e70-4b92-8884-7500f2973209\video_clips\scene_20.mp4 -vf scale=1920:1080:force_original_aspect_ratio=decrease,pad=1920:1080:(ow-iw)/2:(oh-ih)/2:color=black,setsar=1,fps=30 -c:v libx264 -crf 23...
2026-08-30 01:13:31,515 [DEBUG] runtime.montage.ffmpeg_ops: Running: ffmpeg -y -i storage\stories\8ad45d6c-4e70-4b92-8884-7500f2973209\video_clips\scene_21.mp4 -vf scale=1920:1080:force_original_aspect_ratio=decrease,pad=1920:1080:(ow-iw)/2:(oh-ih)/2:color=black,setsar=1,fps=30 -c:v libx264 -crf 23...
2026-08-30 01:13:31,929 [DEBUG] runtime.montage.ffmpeg_ops: Running: ffmpeg -y -i storage\stories\8ad45d6c-4e70-4b92-8884-7500f2973209\video_clips\scene_22.mp4 -vf scale=1920:1080:force_original_aspect_ratio=decrease,pad=1920:1080:(ow-iw)/2:(oh-ih)/2:color=black,setsar=1,fps=30 -c:v libx264 -crf 23...
2026-08-30 01:13:32,324 [DEBUG] runtime.montage.ffmpeg_ops: Running: ffmpeg -y -i storage\stories\8ad45d6c-4e70-4b92-8884-7500f2973209\video_clips\scene_23.mp4 -vf scale=1920:1080:force_original_aspect_ratio=decrease,pad=1920:1080:(ow-iw)/2:(oh-ih)/2:color=black,setsar=1,fps=30 -c:v libx264 -crf 23...
2026-08-30 01:13:32,692 [DEBUG] runtime.montage.ffmpeg_ops: Running: ffmpeg -y -i storage\stories\8ad45d6c-4e70-4b92-8884-7500f2973209\video_clips\scene_24.mp4 -vf scale=1920:1080:force_original_aspect_ratio=decrease,pad=1920:1080:(ow-iw)/2:(oh-ih)/2:color=black,setsar=1,fps=30 -c:v libx264 -crf 23...
2026-08-30 01:13:33,147 [DEBUG] runtime.montage.ffmpeg_ops: Running: ffmpeg -y -i storage\stories\8ad45d6c-4e70-4b92-8884-7500f2973209\video_clips\scene_25.mp4 -vf scale=1920:1080:force_original_aspect_ratio=decrease,pad=1920:1080:(ow-iw)/2:(oh-ih)/2:color=black,setsar=1,fps=30 -c:v libx264 -crf 23...
2026-08-30 01:13:33,577 [DEBUG] runtime.montage.ffmpeg_ops: Running: ffmpeg -y -i storage\stories\8ad45d6c-4e70-4b92-8884-7500f2973209\video_clips\scene_26.mp4 -vf scale=1920:1080:force_original_aspect_ratio=decrease,pad=1920:1080:(ow-iw)/2:(oh-ih)/2:color=black,setsar=1,fps=30 -c:v libx264 -crf 23...
2026-08-30 01:13:33,997 [DEBUG] runtime.montage.ffmpeg_ops: Running: ffmpeg -y -i storage\stories\8ad45d6c-4e70-4b92-8884-7500f2973209\video_clips\scene_27.mp4 -vf scale=1920:1080:force_original_aspect_ratio=decrease,pad=1920:1080:(ow-iw)/2:(oh-ih)/2:color=black,setsar=1,fps=30 -c:v libx264 -crf 23...
2026-08-30 01:13:34,402 [DEBUG] runtime.montage.ffmpeg_ops: Running: ffmpeg -y -i storage\stories\8ad45d6c-4e70-4b92-8884-7500f2973209\video_clips\scene_28.mp4 -vf scale=1920:1080:force_original_aspect_ratio=decrease,pad=1920:1080:(ow-iw)/2:(oh-ih)/2:color=black,setsar=1,fps=30 -c:v libx264 -crf 23...
2026-08-30 01:13:34,808 [DEBUG] runtime.montage.ffmpeg_ops: Running: ffmpeg -y -i storage\stories\8ad45d6c-4e70-4b92-8884-7500f2973209\video_clips\scene_29.mp4 -vf scale=1920:1080:force_original_aspect_ratio=decrease,pad=1920:1080:(ow-iw)/2:(oh-ih)/2:color=black,setsar=1,fps=30 -c:v libx264 -crf 23...
2026-08-30 01:13:35,227 [DEBUG] runtime.montage.ffmpeg_ops: Running: ffmpeg -y -i storage\stories\8ad45d6c-4e70-4b92-8884-7500f2973209\video_clips\scene_30.mp4 -vf scale=1920:1080:force_original_aspect_ratio=decrease,pad=1920:1080:(ow-iw)/2:(oh-ih)/2:color=black,setsar=1,fps=30 -c:v libx264 -crf 23...
2026-08-30 01:13:35,697 [DEBUG] runtime.montage.ffmpeg_ops: Running: ffmpeg -y -i storage\stories\8ad45d6c-4e70-4b92-8884-7500f2973209\video_clips\scene_31.mp4 -vf scale=1920:1080:force_original_aspect_ratio=decrease,pad=1920:1080:(ow-iw)/2:(oh-ih)/2:color=black,setsar=1,fps=30 -c:v libx264 -crf 23...
2026-08-30 01:13:36,117 [DEBUG] runtime.montage.ffmpeg_ops: Running: ffmpeg -y -i storage\stories\8ad45d6c-4e70-4b92-8884-7500f2973209\video_clips\scene_32.mp4 -vf scale=1920:1080:force_original_aspect_ratio=decrease,pad=1920:1080:(ow-iw)/2:(oh-ih)/2:color=black,setsar=1,fps=30 -c:v libx264 -crf 23...
2026-08-30 01:13:36,560 [DEBUG] runtime.montage.ffmpeg_ops: Running: ffmpeg -y -i storage\stories\8ad45d6c-4e70-4b92-8884-7500f2973209\video_clips\scene_33.mp4 -vf scale=1920:1080:force_original_aspect_ratio=decrease,pad=1920:1080:(ow-iw)/2:(oh-ih)/2:color=black,setsar=1,fps=30 -c:v libx264 -crf 23...
2026-08-30 01:13:36,970 [DEBUG] runtime.montage.ffmpeg_ops: Running: ffmpeg -y -i storage\stories\8ad45d6c-4e70-4b92-8884-7500f2973209\video_clips\scene_34.mp4 -vf scale=1920:1080:force_original_aspect_ratio=decrease,pad=1920:1080:(ow-iw)/2:(oh-ih)/2:color=black,setsar=1,fps=30 -c:v libx264 -crf 23...
2026-08-30 01:13:37,433 [DEBUG] runtime.montage.ffmpeg_ops: Running: ffmpeg -y -i storage\stories\8ad45d6c-4e70-4b92-8884-7500f2973209\video_clips\scene_35.mp4 -vf scale=1920:1080:force_original_aspect_ratio=decrease,pad=1920:1080:(ow-iw)/2:(oh-ih)/2:color=black,setsar=1,fps=30 -c:v libx264 -crf 23...
2026-08-30 01:13:37,843 [DEBUG] runtime.montage.ffmpeg_ops: Running: ffmpeg -y -i storage\stories\8ad45d6c-4e70-4b92-8884-7500f2973209\video_clips\scene_36.mp4 -vf scale=1920:1080:force_original_aspect_ratio=decrease,pad=1920:1080:(ow-iw)/2:(oh-ih)/2:color=black,setsar=1,fps=30 -c:v libx264 -crf 23...
2026-08-30 01:13:38,312 [DEBUG] runtime.montage.ffmpeg_ops: Running: ffmpeg -y -i storage\stories\8ad45d6c-4e70-4b92-8884-7500f2973209\video_clips\scene_37.mp4 -vf scale=1920:1080:force_original_aspect_ratio=decrease,pad=1920:1080:(ow-iw)/2:(oh-ih)/2:color=black,setsar=1,fps=30 -c:v libx264 -crf 23...
2026-08-30 01:13:38,713 [DEBUG] runtime.montage.ffmpeg_ops: Running: ffmpeg -y -i storage\stories\8ad45d6c-4e70-4b92-8884-7500f2973209\video_clips\scene_38.mp4 -vf scale=1920:1080:force_original_aspect_ratio=decrease,pad=1920:1080:(ow-iw)/2:(oh-ih)/2:color=black,setsar=1,fps=30 -c:v libx264 -crf 23...
2026-08-30 01:13:39,128 [DEBUG] runtime.montage.ffmpeg_ops: Running: ffmpeg -y -i storage\stories\8ad45d6c-4e70-4b92-8884-7500f2973209\video_clips\scene_39.mp4 -vf scale=1920:1080:force_original_aspect_ratio=decrease,pad=1920:1080:(ow-iw)/2:(oh-ih)/2:color=black,setsar=1,fps=30 -c:v libx264 -crf 23...
2026-08-30 01:13:39,648 [DEBUG] runtime.montage.ffmpeg_ops: Running: ffmpeg -y -i storage\stories\8ad45d6c-4e70-4b92-8884-7500f2973209\video_clips\scene_40.mp4 -vf scale=1920:1080:force_original_aspect_ratio=decrease,pad=1920:1080:(ow-iw)/2:(oh-ih)/2:color=black,setsar=1,fps=30 -c:v libx264 -crf 23...
2026-08-30 01:13:40,100 [DEBUG] runtime.montage.ffmpeg_ops: Running: ffmpeg -y -i storage\stories\8ad45d6c-4e70-4b92-8884-7500f2973209\video_clips\scene_41.mp4 -vf scale=1920:1080:force_original_aspect_ratio=decrease,pad=1920:1080:(ow-iw)/2:(oh-ih)/2:color=black,setsar=1,fps=30 -c:v libx264 -crf 23...
2026-08-30 01:13:40,469 [DEBUG] runtime.montage.ffmpeg_ops: Running: ffmpeg -y -i storage\stories\8ad45d6c-4e70-4b92-8884-7500f2973209\video_clips\scene_42.mp4 -vf scale=1920:1080:force_original_aspect_ratio=decrease,pad=1920:1080:(ow-iw)/2:(oh-ih)/2:color=black,setsar=1,fps=30 -c:v libx264 -crf 23...
2026-08-30 01:13:40,869 [DEBUG] runtime.montage.ffmpeg_ops: Running: ffmpeg -y -i storage\stories\8ad45d6c-4e70-4b92-8884-7500f2973209\video_clips\scene_43.mp4 -vf scale=1920:1080:force_original_aspect_ratio=decrease,pad=1920:1080:(ow-iw)/2:(oh-ih)/2:color=black,setsar=1,fps=30 -c:v libx264 -crf 23...
2026-08-30 01:13:41,306 [DEBUG] runtime.montage.ffmpeg_ops: Running: ffmpeg -y -i storage\stories\8ad45d6c-4e70-4b92-8884-7500f2973209\video_clips\scene_44.mp4 -vf scale=1920:1080:force_original_aspect_ratio=decrease,pad=1920:1080:(ow-iw)/2:(oh-ih)/2:color=black,setsar=1,fps=30 -c:v libx264 -crf 23...
2026-08-30 01:13:41,704 [DEBUG] runtime.montage.ffmpeg_ops: Running: ffmpeg -y -i storage\stories\8ad45d6c-4e70-4b92-8884-7500f2973209\video_clips\scene_45.mp4 -vf scale=1920:1080:force_original_aspect_ratio=decrease,pad=1920:1080:(ow-iw)/2:(oh-ih)/2:color=black,setsar=1,fps=30 -c:v libx264 -crf 23...
2026-08-30 01:13:42,122 [DEBUG] runtime.montage.ffmpeg_ops: Running: ffmpeg -y -i storage\stories\8ad45d6c-4e70-4b92-8884-7500f2973209\video_clips\scene_46.mp4 -vf scale=1920:1080:force_original_aspect_ratio=decrease,pad=1920:1080:(ow-iw)/2:(oh-ih)/2:color=black,setsar=1,fps=30 -c:v libx264 -crf 23...
2026-08-30 01:13:42,581 [DEBUG] runtime.montage.ffmpeg_ops: Running: ffmpeg -y -i storage\stories\8ad45d6c-4e70-4b92-8884-7500f2973209\video_clips\scene_47.mp4 -vf scale=1920:1080:force_original_aspect_ratio=decrease,pad=1920:1080:(ow-iw)/2:(oh-ih)/2:color=black,setsar=1,fps=30 -c:v libx264 -crf 23...
2026-08-30 01:13:43,032 [DEBUG] runtime.montage.ffmpeg_ops: Running: ffmpeg -y -i storage\stories\8ad45d6c-4e70-4b92-8884-7500f2973209\video_clips\scene_48.mp4 -vf scale=1920:1080:force_original_aspect_ratio=decrease,pad=1920:1080:(ow-iw)/2:(oh-ih)/2:color=black,setsar=1,fps=30 -c:v libx264 -crf 23...
2026-08-30 01:13:43,484 [DEBUG] runtime.montage.ffmpeg_ops: Running: ffmpeg -y -i storage\stories\8ad45d6c-4e70-4b92-8884-7500f2973209\video_clips\scene_49.mp4 -vf scale=1920:1080:force_original_aspect_ratio=decrease,pad=1920:1080:(ow-iw)/2:(oh-ih)/2:color=black,setsar=1,fps=30 -c:v libx264 -crf 23...
2026-08-30 01:13:43,892 [DEBUG] runtime.montage.ffmpeg_ops: Running: ffmpeg -y -i storage\stories\8ad45d6c-4e70-4b92-8884-7500f2973209\video_clips\scene_50.mp4 -vf scale=1920:1080:force_original_aspect_ratio=decrease,pad=1920:1080:(ow-iw)/2:(oh-ih)/2:color=black,setsar=1,fps=30 -c:v libx264 -crf 23...
2026-08-30 01:13:44,298 [DEBUG] runtime.montage.ffmpeg_ops: Running: ffprobe -v quiet -select_streams a -show_entries stream=codec_type -of json storage\stories\8ad45d6c-4e70-4b92-8884-7500f2973209\video\.compose_tmp\norm_0000.mp4
2026-08-30 01:13:44,357 [DEBUG] runtime.montage.ffmpeg_ops: Running: ffmpeg -y -i storage\stories\8ad45d6c-4e70-4b92-8884-7500f2973209\video\.compose_tmp\norm_0000.mp4 -f lavfi -i anullsrc=channel_layout=stereo:sample_rate=48000 -c:v copy...
2026-08-30 01:13:44,428 [DEBUG] runtime.montage.ffmpeg_ops: Running: ffprobe -v quiet -select_streams a -show_entries stream=codec_type -of json storage\stories\8ad45d6c-4e70-4b92-8884-7500f2973209\video\.compose_tmp\norm_0001.mp4
2026-08-30 01:13:44,482 [DEBUG] runtime.montage.ffmpeg_ops: Running: ffmpeg -y -i storage\stories\8ad45d6c-4e70-4b92-8884-7500f2973209\video\.compose_tmp\norm_0001.mp4 -f lavfi -i anullsrc=channel_layout=stereo:sample_rate=48000 -c:v copy...
2026-08-30 01:13:44,545 [DEBUG] runtime.montage.ffmpeg_ops: Running: ffprobe -v quiet -select_streams a -show_entries stream=codec_type -of json storage\stories\8ad45d6c-4e70-4b92-8884-7500f2973209\video\.compose_tmp\norm_0002.mp4
2026-08-30 01:13:44,599 [DEBUG] runtime.montage.ffmpeg_ops: Running: ffmpeg -y -i storage\stories\8ad45d6c-4e70-4b92-8884-7500f2973209\video\.compose_tmp\norm_0002.mp4 -f lavfi -i anullsrc=channel_layout=stereo:sample_rate=48000 -c:v copy...
2026-08-30 01:13:44,657 [DEBUG] runtime.montage.ffmpeg_ops: Running: ffprobe -v quiet -select_streams a -show_entries stream=codec_type -of json storage\stories\8ad45d6c-4e70-4b92-8884-7500f2973209\video\.compose_tmp\norm_0003.mp4
2026-08-30 01:13:44,718 [DEBUG] runtime.montage.ffmpeg_ops: Running: ffmpeg -y -i storage\stories\8ad45d6c-4e70-4b92-8884-7500f2973209\video\.compose_tmp\norm_0003.mp4 -f lavfi -i anullsrc=channel_layout=stereo:sample_rate=48000 -c:v copy...
2026-08-30 01:13:44,787 [DEBUG] runtime.montage.ffmpeg_ops: Running: ffprobe -v quiet -select_streams a -show_entries stream=codec_type -of json storage\stories\8ad45d6c-4e70-4b92-8884-7500f2973209\video\.compose_tmp\norm_0004.mp4
2026-08-30 01:13:44,835 [DEBUG] runtime.montage.ffmpeg_ops: Running: ffmpeg -y -i storage\stories\8ad45d6c-4e70-4b92-8884-7500f2973209\video\.compose_tmp\norm_0004.mp4 -f lavfi -i anullsrc=channel_layout=stereo:sample_rate=48000 -c:v copy...
2026-08-30 01:13:44,894 [DEBUG] runtime.montage.ffmpeg_ops: Running: ffprobe -v quiet -select_streams a -show_entries stream=codec_type -of json storage\stories\8ad45d6c-4e70-4b92-8884-7500f2973209\video\.compose_tmp\norm_0005.mp4
2026-08-30 01:13:44,945 [DEBUG] runtime.montage.ffmpeg_ops: Running: ffmpeg -y -i storage\stories\8ad45d6c-4e70-4b92-8884-7500f2973209\video\.compose_tmp\norm_0005.mp4 -f lavfi -i anullsrc=channel_layout=stereo:sample_rate=48000 -c:v copy...
2026-08-30 01:13:44,990 [DEBUG] runtime.montage.ffmpeg_ops: Running: ffprobe -v quiet -select_streams a -show_entries stream=codec_type -of json storage\stories\8ad45d6c-4e70-4b92-8884-7500f2973209\video\.compose_tmp\norm_0006.mp4
2026-08-30 01:13:45,042 [DEBUG] runtime.montage.ffmpeg_ops: Running: ffmpeg -y -i storage\stories\8ad45d6c-4e70-4b92-8884-7500f2973209\video\.compose_tmp\norm_0006.mp4 -f lavfi -i anullsrc=channel_layout=stereo:sample_rate=48000 -c:v copy...
2026-08-30 01:13:45,101 [DEBUG] runtime.montage.ffmpeg_ops: Running: ffprobe -v quiet -select_streams a -show_entries stream=codec_type -of json storage\stories\8ad45d6c-4e70-4b92-8884-7500f2973209\video\.compose_tmp\norm_0007.mp4
2026-08-30 01:13:45,142 [DEBUG] runtime.montage.ffmpeg_ops: Running: ffmpeg -y -i storage\stories\8ad45d6c-4e70-4b92-8884-7500f2973209\video\.compose_tmp\norm_0007.mp4 -f lavfi -i anullsrc=channel_layout=stereo:sample_rate=48000 -c:v copy...
2026-08-30 01:13:45,208 [DEBUG] runtime.montage.ffmpeg_ops: Running: ffprobe -v quiet -select_streams a -show_entries stream=codec_type -of json storage\stories\8ad45d6c-4e70-4b92-8884-7500f2973209\video\.compose_tmp\norm_0008.mp4
2026-08-30 01:13:45,253 [DEBUG] runtime.montage.ffmpeg_ops: Running: ffmpeg -y -i storage\stories\8ad45d6c-4e70-4b92-8884-7500f2973209\video\.compose_tmp\norm_0008.mp4 -f lavfi -i anullsrc=channel_layout=stereo:sample_rate=48000 -c:v copy...
2026-08-30 01:13:45,318 [DEBUG] runtime.montage.ffmpeg_ops: Running: ffprobe -v quiet -select_streams a -show_entries stream=codec_type -of json storage\stories\8ad45d6c-4e70-4b92-8884-7500f2973209\video\.compose_tmp\norm_0009.mp4
2026-08-30 01:13:45,356 [DEBUG] runtime.montage.ffmpeg_ops: Running: ffmpeg -y -i storage\stories\8ad45d6c-4e70-4b92-8884-7500f2973209\video\.compose_tmp\norm_0009.mp4 -f lavfi -i anullsrc=channel_layout=stereo:sample_rate=48000 -c:v copy...
2026-08-30 01:13:45,418 [DEBUG] runtime.montage.ffmpeg_ops: Running: ffprobe -v quiet -select_streams a -show_entries stream=codec_type -of json storage\stories\8ad45d6c-4e70-4b92-8884-7500f2973209\video\.compose_tmp\norm_0010.mp4
2026-08-30 01:13:45,464 [DEBUG] runtime.montage.ffmpeg_ops: Running: ffmpeg -y -i storage\stories\8ad45d6c-4e70-4b92-8884-7500f2973209\video\.compose_tmp\norm_0010.mp4 -f lavfi -i anullsrc=channel_layout=stereo:sample_rate=48000 -c:v copy...
2026-08-30 01:13:45,525 [DEBUG] runtime.montage.ffmpeg_ops: Running: ffprobe -v quiet -select_streams a -show_entries stream=codec_type -of json storage\stories\8ad45d6c-4e70-4b92-8884-7500f2973209\video\.compose_tmp\norm_0011.mp4
2026-08-30 01:13:45,572 [DEBUG] runtime.montage.ffmpeg_ops: Running: ffmpeg -y -i storage\stories\8ad45d6c-4e70-4b92-8884-7500f2973209\video\.compose_tmp\norm_0011.mp4 -f lavfi -i anullsrc=channel_layout=stereo:sample_rate=48000 -c:v copy...
2026-08-30 01:13:45,632 [DEBUG] runtime.montage.ffmpeg_ops: Running: ffprobe -v quiet -select_streams a -show_entries stream=codec_type -of json storage\stories\8ad45d6c-4e70-4b92-8884-7500f2973209\video\.compose_tmp\norm_0012.mp4
2026-08-30 01:13:45,680 [DEBUG] runtime.montage.ffmpeg_ops: Running: ffmpeg -y -i storage\stories\8ad45d6c-4e70-4b92-8884-7500f2973209\video\.compose_tmp\norm_0012.mp4 -f lavfi -i anullsrc=channel_layout=stereo:sample_rate=48000 -c:v copy...
2026-08-30 01:13:45,744 [DEBUG] runtime.montage.ffmpeg_ops: Running: ffprobe -v quiet -select_streams a -show_entries stream=codec_type -of json storage\stories\8ad45d6c-4e70-4b92-8884-7500f2973209\video\.compose_tmp\norm_0013.mp4
2026-08-30 01:13:45,796 [DEBUG] runtime.montage.ffmpeg_ops: Running: ffmpeg -y -i storage\stories\8ad45d6c-4e70-4b92-8884-7500f2973209\video\.compose_tmp\norm_0013.mp4 -f lavfi -i anullsrc=channel_layout=stereo:sample_rate=48000 -c:v copy...
2026-08-30 01:13:45,864 [DEBUG] runtime.montage.ffmpeg_ops: Running: ffprobe -v quiet -select_streams a -show_entries stream=codec_type -of json storage\stories\8ad45d6c-4e70-4b92-8884-7500f2973209\video\.compose_tmp\norm_0014.mp4
2026-08-30 01:13:45,908 [DEBUG] runtime.montage.ffmpeg_ops: Running: ffmpeg -y -i storage\stories\8ad45d6c-4e70-4b92-8884-7500f2973209\video\.compose_tmp\norm_0014.mp4 -f lavfi -i anullsrc=channel_layout=stereo:sample_rate=48000 -c:v copy...
2026-08-30 01:13:45,974 [DEBUG] runtime.montage.ffmpeg_ops: Running: ffprobe -v quiet -select_streams a -show_entries stream=codec_type -of json storage\stories\8ad45d6c-4e70-4b92-8884-7500f2973209\video\.compose_tmp\norm_0015.mp4
2026-08-30 01:13:46,023 [DEBUG] runtime.montage.ffmpeg_ops: Running: ffmpeg -y -i storage\stories\8ad45d6c-4e70-4b92-8884-7500f2973209\video\.compose_tmp\norm_0015.mp4 -f lavfi -i anullsrc=channel_layout=stereo:sample_rate=48000 -c:v copy...
2026-08-30 01:13:46,100 [DEBUG] runtime.montage.ffmpeg_ops: Running: ffprobe -v quiet -select_streams a -show_entries stream=codec_type -of json storage\stories\8ad45d6c-4e70-4b92-8884-7500f2973209\video\.compose_tmp\norm_0016.mp4
2026-08-30 01:13:46,165 [DEBUG] runtime.montage.ffmpeg_ops: Running: ffmpeg -y -i storage\stories\8ad45d6c-4e70-4b92-8884-7500f2973209\video\.compose_tmp\norm_0016.mp4 -f lavfi -i anullsrc=channel_layout=stereo:sample_rate=48000 -c:v copy...
2026-08-30 01:13:46,224 [DEBUG] runtime.montage.ffmpeg_ops: Running: ffprobe -v quiet -select_streams a -show_entries stream=codec_type -of json storage\stories\8ad45d6c-4e70-4b92-8884-7500f2973209\video\.compose_tmp\norm_0017.mp4
2026-08-30 01:13:46,269 [DEBUG] runtime.montage.ffmpeg_ops: Running: ffmpeg -y -i storage\stories\8ad45d6c-4e70-4b92-8884-7500f2973209\video\.compose_tmp\norm_0017.mp4 -f lavfi -i anullsrc=channel_layout=stereo:sample_rate=48000 -c:v copy...
2026-08-30 01:13:46,332 [DEBUG] runtime.montage.ffmpeg_ops: Running: ffprobe -v quiet -select_streams a -show_entries stream=codec_type -of json storage\stories\8ad45d6c-4e70-4b92-8884-7500f2973209\video\.compose_tmp\norm_0018.mp4
2026-08-30 01:13:46,380 [DEBUG] runtime.montage.ffmpeg_ops: Running: ffmpeg -y -i storage\stories\8ad45d6c-4e70-4b92-8884-7500f2973209\video\.compose_tmp\norm_0018.mp4 -f lavfi -i anullsrc=channel_layout=stereo:sample_rate=48000 -c:v copy...
2026-08-30 01:13:46,448 [DEBUG] runtime.montage.ffmpeg_ops: Running: ffprobe -v quiet -select_streams a -show_entries stream=codec_type -of json storage\stories\8ad45d6c-4e70-4b92-8884-7500f2973209\video\.compose_tmp\norm_0019.mp4
2026-08-30 01:13:46,495 [DEBUG] runtime.montage.ffmpeg_ops: Running: ffmpeg -y -i storage\stories\8ad45d6c-4e70-4b92-8884-7500f2973209\video\.compose_tmp\norm_0019.mp4 -f lavfi -i anullsrc=channel_layout=stereo:sample_rate=48000 -c:v copy...
2026-08-30 01:13:46,554 [DEBUG] runtime.montage.ffmpeg_ops: Running: ffprobe -v quiet -select_streams a -show_entries stream=codec_type -of json storage\stories\8ad45d6c-4e70-4b92-8884-7500f2973209\video\.compose_tmp\norm_0020.mp4
2026-08-30 01:13:46,607 [DEBUG] runtime.montage.ffmpeg_ops: Running: ffmpeg -y -i storage\stories\8ad45d6c-4e70-4b92-8884-7500f2973209\video\.compose_tmp\norm_0020.mp4 -f lavfi -i anullsrc=channel_layout=stereo:sample_rate=48000 -c:v copy...
2026-08-30 01:13:46,678 [DEBUG] runtime.montage.ffmpeg_ops: Running: ffprobe -v quiet -select_streams a -show_entries stream=codec_type -of json storage\stories\8ad45d6c-4e70-4b92-8884-7500f2973209\video\.compose_tmp\norm_0021.mp4
2026-08-30 01:13:46,731 [DEBUG] runtime.montage.ffmpeg_ops: Running: ffmpeg -y -i storage\stories\8ad45d6c-4e70-4b92-8884-7500f2973209\video\.compose_tmp\norm_0021.mp4 -f lavfi -i anullsrc=channel_layout=stereo:sample_rate=48000 -c:v copy...
2026-08-30 01:13:46,796 [DEBUG] runtime.montage.ffmpeg_ops: Running: ffprobe -v quiet -select_streams a -show_entries stream=codec_type -of json storage\stories\8ad45d6c-4e70-4b92-8884-7500f2973209\video\.compose_tmp\norm_0022.mp4
2026-08-30 01:13:46,841 [DEBUG] runtime.montage.ffmpeg_ops: Running: ffmpeg -y -i storage\stories\8ad45d6c-4e70-4b92-8884-7500f2973209\video\.compose_tmp\norm_0022.mp4 -f lavfi -i anullsrc=channel_layout=stereo:sample_rate=48000 -c:v copy...
2026-08-30 01:13:46,906 [DEBUG] runtime.montage.ffmpeg_ops: Running: ffprobe -v quiet -select_streams a -show_entries stream=codec_type -of json storage\stories\8ad45d6c-4e70-4b92-8884-7500f2973209\video\.compose_tmp\norm_0023.mp4
2026-08-30 01:13:46,962 [DEBUG] runtime.montage.ffmpeg_ops: Running: ffmpeg -y -i storage\stories\8ad45d6c-4e70-4b92-8884-7500f2973209\video\.compose_tmp\norm_0023.mp4 -f lavfi -i anullsrc=channel_layout=stereo:sample_rate=48000 -c:v copy...
2026-08-30 01:13:47,028 [DEBUG] runtime.montage.ffmpeg_ops: Running: ffprobe -v quiet -select_streams a -show_entries stream=codec_type -of json storage\stories\8ad45d6c-4e70-4b92-8884-7500f2973209\video\.compose_tmp\norm_0024.mp4
2026-08-30 01:13:47,071 [DEBUG] runtime.montage.ffmpeg_ops: Running: ffmpeg -y -i storage\stories\8ad45d6c-4e70-4b92-8884-7500f2973209\video\.compose_tmp\norm_0024.mp4 -f lavfi -i anullsrc=channel_layout=stereo:sample_rate=48000 -c:v copy...
2026-08-30 01:13:47,132 [DEBUG] runtime.montage.ffmpeg_ops: Running: ffprobe -v quiet -select_streams a -show_entries stream=codec_type -of json storage\stories\8ad45d6c-4e70-4b92-8884-7500f2973209\video\.compose_tmp\norm_0025.mp4
2026-08-30 01:13:47,175 [DEBUG] runtime.montage.ffmpeg_ops: Running: ffmpeg -y -i storage\stories\8ad45d6c-4e70-4b92-8884-7500f2973209\video\.compose_tmp\norm_0025.mp4 -f lavfi -i anullsrc=channel_layout=stereo:sample_rate=48000 -c:v copy...
2026-08-30 01:13:47,240 [DEBUG] runtime.montage.ffmpeg_ops: Running: ffprobe -v quiet -select_streams a -show_entries stream=codec_type -of json storage\stories\8ad45d6c-4e70-4b92-8884-7500f2973209\video\.compose_tmp\norm_0026.mp4
2026-08-30 01:13:47,294 [DEBUG] runtime.montage.ffmpeg_ops: Running: ffmpeg -y -i storage\stories\8ad45d6c-4e70-4b92-8884-7500f2973209\video\.compose_tmp\norm_0026.mp4 -f lavfi -i anullsrc=channel_layout=stereo:sample_rate=48000 -c:v copy...
2026-08-30 01:13:47,357 [DEBUG] runtime.montage.ffmpeg_ops: Running: ffprobe -v quiet -select_streams a -show_entries stream=codec_type -of json storage\stories\8ad45d6c-4e70-4b92-8884-7500f2973209\video\.compose_tmp\norm_0027.mp4
2026-08-30 01:13:47,418 [DEBUG] runtime.montage.ffmpeg_ops: Running: ffmpeg -y -i storage\stories\8ad45d6c-4e70-4b92-8884-7500f2973209\video\.compose_tmp\norm_0027.mp4 -f lavfi -i anullsrc=channel_layout=stereo:sample_rate=48000 -c:v copy...
2026-08-30 01:13:47,481 [DEBUG] runtime.montage.ffmpeg_ops: Running: ffprobe -v quiet -select_streams a -show_entries stream=codec_type -of json storage\stories\8ad45d6c-4e70-4b92-8884-7500f2973209\video\.compose_tmp\norm_0028.mp4
2026-08-30 01:13:47,525 [DEBUG] runtime.montage.ffmpeg_ops: Running: ffmpeg -y -i storage\stories\8ad45d6c-4e70-4b92-8884-7500f2973209\video\.compose_tmp\norm_0028.mp4 -f lavfi -i anullsrc=channel_layout=stereo:sample_rate=48000 -c:v copy...
2026-08-30 01:13:47,586 [DEBUG] runtime.montage.ffmpeg_ops: Running: ffprobe -v quiet -select_streams a -show_entries stream=codec_type -of json storage\stories\8ad45d6c-4e70-4b92-8884-7500f2973209\video\.compose_tmp\norm_0029.mp4
2026-08-30 01:13:47,637 [DEBUG] runtime.montage.ffmpeg_ops: Running: ffmpeg -y -i storage\stories\8ad45d6c-4e70-4b92-8884-7500f2973209\video\.compose_tmp\norm_0029.mp4 -f lavfi -i anullsrc=channel_layout=stereo:sample_rate=48000 -c:v copy...
2026-08-30 01:13:47,711 [DEBUG] runtime.montage.ffmpeg_ops: Running: ffprobe -v quiet -select_streams a -show_entries stream=codec_type -of json storage\stories\8ad45d6c-4e70-4b92-8884-7500f2973209\video\.compose_tmp\norm_0030.mp4
2026-08-30 01:13:47,753 [DEBUG] runtime.montage.ffmpeg_ops: Running: ffmpeg -y -i storage\stories\8ad45d6c-4e70-4b92-8884-7500f2973209\video\.compose_tmp\norm_0030.mp4 -f lavfi -i anullsrc=channel_layout=stereo:sample_rate=48000 -c:v copy...
2026-08-30 01:13:47,809 [DEBUG] runtime.montage.ffmpeg_ops: Running: ffprobe -v quiet -select_streams a -show_entries stream=codec_type -of json storage\stories\8ad45d6c-4e70-4b92-8884-7500f2973209\video\.compose_tmp\norm_0031.mp4
2026-08-30 01:13:47,853 [DEBUG] runtime.montage.ffmpeg_ops: Running: ffmpeg -y -i storage\stories\8ad45d6c-4e70-4b92-8884-7500f2973209\video\.compose_tmp\norm_0031.mp4 -f lavfi -i anullsrc=channel_layout=stereo:sample_rate=48000 -c:v copy...
2026-08-30 01:13:47,918 [DEBUG] runtime.montage.ffmpeg_ops: Running: ffprobe -v quiet -select_streams a -show_entries stream=codec_type -of json storage\stories\8ad45d6c-4e70-4b92-8884-7500f2973209\video\.compose_tmp\norm_0032.mp4
2026-08-30 01:13:47,970 [DEBUG] runtime.montage.ffmpeg_ops: Running: ffmpeg -y -i storage\stories\8ad45d6c-4e70-4b92-8884-7500f2973209\video\.compose_tmp\norm_0032.mp4 -f lavfi -i anullsrc=channel_layout=stereo:sample_rate=48000 -c:v copy...
2026-08-30 01:13:48,029 [DEBUG] runtime.montage.ffmpeg_ops: Running: ffprobe -v quiet -select_streams a -show_entries stream=codec_type -of json storage\stories\8ad45d6c-4e70-4b92-8884-7500f2973209\video\.compose_tmp\norm_0033.mp4
2026-08-30 01:13:48,078 [DEBUG] runtime.montage.ffmpeg_ops: Running: ffmpeg -y -i storage\stories\8ad45d6c-4e70-4b92-8884-7500f2973209\video\.compose_tmp\norm_0033.mp4 -f lavfi -i anullsrc=channel_layout=stereo:sample_rate=48000 -c:v copy...
2026-08-30 01:13:48,143 [DEBUG] runtime.montage.ffmpeg_ops: Running: ffprobe -v quiet -select_streams a -show_entries stream=codec_type -of json storage\stories\8ad45d6c-4e70-4b92-8884-7500f2973209\video\.compose_tmp\norm_0034.mp4
2026-08-30 01:13:48,214 [DEBUG] runtime.montage.ffmpeg_ops: Running: ffmpeg -y -i storage\stories\8ad45d6c-4e70-4b92-8884-7500f2973209\video\.compose_tmp\norm_0034.mp4 -f lavfi -i anullsrc=channel_layout=stereo:sample_rate=48000 -c:v copy...
2026-08-30 01:13:48,283 [DEBUG] runtime.montage.ffmpeg_ops: Running: ffprobe -v quiet -select_streams a -show_entries stream=codec_type -of json storage\stories\8ad45d6c-4e70-4b92-8884-7500f2973209\video\.compose_tmp\norm_0035.mp4
2026-08-30 01:13:48,326 [DEBUG] runtime.montage.ffmpeg_ops: Running: ffmpeg -y -i storage\stories\8ad45d6c-4e70-4b92-8884-7500f2973209\video\.compose_tmp\norm_0035.mp4 -f lavfi -i anullsrc=channel_layout=stereo:sample_rate=48000 -c:v copy...
2026-08-30 01:13:48,396 [DEBUG] runtime.montage.ffmpeg_ops: Running: ffprobe -v quiet -select_streams a -show_entries stream=codec_type -of json storage\stories\8ad45d6c-4e70-4b92-8884-7500f2973209\video\.compose_tmp\norm_0036.mp4
2026-08-30 01:13:48,438 [DEBUG] runtime.montage.ffmpeg_ops: Running: ffmpeg -y -i storage\stories\8ad45d6c-4e70-4b92-8884-7500f2973209\video\.compose_tmp\norm_0036.mp4 -f lavfi -i anullsrc=channel_layout=stereo:sample_rate=48000 -c:v copy...
2026-08-30 01:13:48,507 [DEBUG] runtime.montage.ffmpeg_ops: Running: ffprobe -v quiet -select_streams a -show_entries stream=codec_type -of json storage\stories\8ad45d6c-4e70-4b92-8884-7500f2973209\video\.compose_tmp\norm_0037.mp4
2026-08-30 01:13:48,559 [DEBUG] runtime.montage.ffmpeg_ops: Running: ffmpeg -y -i storage\stories\8ad45d6c-4e70-4b92-8884-7500f2973209\video\.compose_tmp\norm_0037.mp4 -f lavfi -i anullsrc=channel_layout=stereo:sample_rate=48000 -c:v copy...
2026-08-30 01:13:48,619 [DEBUG] runtime.montage.ffmpeg_ops: Running: ffprobe -v quiet -select_streams a -show_entries stream=codec_type -of json storage\stories\8ad45d6c-4e70-4b92-8884-7500f2973209\video\.compose_tmp\norm_0038.mp4
2026-08-30 01:13:48,666 [DEBUG] runtime.montage.ffmpeg_ops: Running: ffmpeg -y -i storage\stories\8ad45d6c-4e70-4b92-8884-7500f2973209\video\.compose_tmp\norm_0038.mp4 -f lavfi -i anullsrc=channel_layout=stereo:sample_rate=48000 -c:v copy...
2026-08-30 01:13:48,746 [DEBUG] runtime.montage.ffmpeg_ops: Running: ffprobe -v quiet -select_streams a -show_entries stream=codec_type -of json storage\stories\8ad45d6c-4e70-4b92-8884-7500f2973209\video\.compose_tmp\norm_0039.mp4
2026-08-30 01:13:48,789 [DEBUG] runtime.montage.ffmpeg_ops: Running: ffmpeg -y -i storage\stories\8ad45d6c-4e70-4b92-8884-7500f2973209\video\.compose_tmp\norm_0039.mp4 -f lavfi -i anullsrc=channel_layout=stereo:sample_rate=48000 -c:v copy...
2026-08-30 01:13:48,851 [DEBUG] runtime.montage.ffmpeg_ops: Running: ffprobe -v quiet -select_streams a -show_entries stream=codec_type -of json storage\stories\8ad45d6c-4e70-4b92-8884-7500f2973209\video\.compose_tmp\norm_0040.mp4
2026-08-30 01:13:48,894 [DEBUG] runtime.montage.ffmpeg_ops: Running: ffmpeg -y -i storage\stories\8ad45d6c-4e70-4b92-8884-7500f2973209\video\.compose_tmp\norm_0040.mp4 -f lavfi -i anullsrc=channel_layout=stereo:sample_rate=48000 -c:v copy...
2026-08-30 01:13:48,954 [DEBUG] runtime.montage.ffmpeg_ops: Running: ffprobe -v quiet -select_streams a -show_entries stream=codec_type -of json storage\stories\8ad45d6c-4e70-4b92-8884-7500f2973209\video\.compose_tmp\norm_0041.mp4
2026-08-30 01:13:48,999 [DEBUG] runtime.montage.ffmpeg_ops: Running: ffmpeg -y -i storage\stories\8ad45d6c-4e70-4b92-8884-7500f2973209\video\.compose_tmp\norm_0041.mp4 -f lavfi -i anullsrc=channel_layout=stereo:sample_rate=48000 -c:v copy...
2026-08-30 01:13:49,057 [DEBUG] runtime.montage.ffmpeg_ops: Running: ffprobe -v quiet -select_streams a -show_entries stream=codec_type -of json storage\stories\8ad45d6c-4e70-4b92-8884-7500f2973209\video\.compose_tmp\norm_0042.mp4
2026-08-30 01:13:49,107 [DEBUG] runtime.montage.ffmpeg_ops: Running: ffmpeg -y -i storage\stories\8ad45d6c-4e70-4b92-8884-7500f2973209\video\.compose_tmp\norm_0042.mp4 -f lavfi -i anullsrc=channel_layout=stereo:sample_rate=48000 -c:v copy...
2026-08-30 01:13:49,182 [DEBUG] runtime.montage.ffmpeg_ops: Running: ffprobe -v quiet -select_streams a -show_entries stream=codec_type -of json storage\stories\8ad45d6c-4e70-4b92-8884-7500f2973209\video\.compose_tmp\norm_0043.mp4
2026-08-30 01:13:49,229 [DEBUG] runtime.montage.ffmpeg_ops: Running: ffmpeg -y -i storage\stories\8ad45d6c-4e70-4b92-8884-7500f2973209\video\.compose_tmp\norm_0043.mp4 -f lavfi -i anullsrc=channel_layout=stereo:sample_rate=48000 -c:v copy...
2026-08-30 01:13:49,296 [DEBUG] runtime.montage.ffmpeg_ops: Running: ffprobe -v quiet -select_streams a -show_entries stream=codec_type -of json storage\stories\8ad45d6c-4e70-4b92-8884-7500f2973209\video\.compose_tmp\norm_0044.mp4
2026-08-30 01:13:49,346 [DEBUG] runtime.montage.ffmpeg_ops: Running: ffmpeg -y -i storage\stories\8ad45d6c-4e70-4b92-8884-7500f2973209\video\.compose_tmp\norm_0044.mp4 -f lavfi -i anullsrc=channel_layout=stereo:sample_rate=48000 -c:v copy...
2026-08-30 01:13:49,405 [DEBUG] runtime.montage.ffmpeg_ops: Running: ffprobe -v quiet -select_streams a -show_entries stream=codec_type -of json storage\stories\8ad45d6c-4e70-4b92-8884-7500f2973209\video\.compose_tmp\norm_0045.mp4
2026-08-30 01:13:49,459 [DEBUG] runtime.montage.ffmpeg_ops: Running: ffmpeg -y -i storage\stories\8ad45d6c-4e70-4b92-8884-7500f2973209\video\.compose_tmp\norm_0045.mp4 -f lavfi -i anullsrc=channel_layout=stereo:sample_rate=48000 -c:v copy...
2026-08-30 01:13:49,520 [DEBUG] runtime.montage.ffmpeg_ops: Running: ffprobe -v quiet -select_streams a -show_entries stream=codec_type -of json storage\stories\8ad45d6c-4e70-4b92-8884-7500f2973209\video\.compose_tmp\norm_0046.mp4
2026-08-30 01:13:49,566 [DEBUG] runtime.montage.ffmpeg_ops: Running: ffmpeg -y -i storage\stories\8ad45d6c-4e70-4b92-8884-7500f2973209\video\.compose_tmp\norm_0046.mp4 -f lavfi -i anullsrc=channel_layout=stereo:sample_rate=48000 -c:v copy...
2026-08-30 01:13:49,630 [DEBUG] runtime.montage.ffmpeg_ops: Running: ffprobe -v quiet -select_streams a -show_entries stream=codec_type -of json storage\stories\8ad45d6c-4e70-4b92-8884-7500f2973209\video\.compose_tmp\norm_0047.mp4
2026-08-30 01:13:49,677 [DEBUG] runtime.montage.ffmpeg_ops: Running: ffmpeg -y -i storage\stories\8ad45d6c-4e70-4b92-8884-7500f2973209\video\.compose_tmp\norm_0047.mp4 -f lavfi -i anullsrc=channel_layout=stereo:sample_rate=48000 -c:v copy...
2026-08-30 01:13:49,741 [DEBUG] runtime.montage.ffmpeg_ops: Running: ffprobe -v quiet -select_streams a -show_entries stream=codec_type -of json storage\stories\8ad45d6c-4e70-4b92-8884-7500f2973209\video\.compose_tmp\norm_0048.mp4
2026-08-30 01:13:49,786 [DEBUG] runtime.montage.ffmpeg_ops: Running: ffmpeg -y -i storage\stories\8ad45d6c-4e70-4b92-8884-7500f2973209\video\.compose_tmp\norm_0048.mp4 -f lavfi -i anullsrc=channel_layout=stereo:sample_rate=48000 -c:v copy...
2026-08-30 01:13:49,854 [DEBUG] runtime.montage.ffmpeg_ops: Running: ffprobe -v quiet -select_streams a -show_entries stream=codec_type -of json storage\stories\8ad45d6c-4e70-4b92-8884-7500f2973209\video\.compose_tmp\norm_0049.mp4
2026-08-30 01:13:49,901 [DEBUG] runtime.montage.ffmpeg_ops: Running: ffmpeg -y -i storage\stories\8ad45d6c-4e70-4b92-8884-7500f2973209\video\.compose_tmp\norm_0049.mp4 -f lavfi -i anullsrc=channel_layout=stereo:sample_rate=48000 -c:v copy...
2026-08-30 01:13:49,969 [DEBUG] runtime.montage.ffmpeg_ops: Running: ffprobe -v quiet -print_format json -show_streams -show_format storage\stories\8ad45d6c-4e70-4b92-8884-7500f2973209\video\.compose_tmp\audio_aug_0000.mp4
2026-08-30 01:13:50,016 [DEBUG] runtime.montage.ffmpeg_ops: Running: ffprobe -v quiet -print_format json -show_streams -show_format storage\stories\8ad45d6c-4e70-4b92-8884-7500f2973209\video\.compose_tmp\audio_aug_0001.mp4
2026-08-30 01:13:50,061 [DEBUG] runtime.montage.ffmpeg_ops: Running: ffprobe -v quiet -print_format json -show_streams -show_format storage\stories\8ad45d6c-4e70-4b92-8884-7500f2973209\video\.compose_tmp\audio_aug_0002.mp4
2026-08-30 01:13:50,102 [DEBUG] runtime.montage.ffmpeg_ops: Running: ffprobe -v quiet -print_format json -show_streams -show_format storage\stories\8ad45d6c-4e70-4b92-8884-7500f2973209\video\.compose_tmp\audio_aug_0003.mp4
2026-08-30 01:13:50,157 [DEBUG] runtime.montage.ffmpeg_ops: Running: ffprobe -v quiet -print_format json -show_streams -show_format storage\stories\8ad45d6c-4e70-4b92-8884-7500f2973209\video\.compose_tmp\audio_aug_0004.mp4
2026-08-30 01:13:50,202 [DEBUG] runtime.montage.ffmpeg_ops: Running: ffprobe -v quiet -print_format json -show_streams -show_format storage\stories\8ad45d6c-4e70-4b92-8884-7500f2973209\video\.compose_tmp\audio_aug_0005.mp4
2026-08-30 01:13:50,254 [DEBUG] runtime.montage.ffmpeg_ops: Running: ffprobe -v quiet -print_format json -show_streams -show_format storage\stories\8ad45d6c-4e70-4b92-8884-7500f2973209\video\.compose_tmp\audio_aug_0006.mp4
2026-08-30 01:13:50,300 [DEBUG] runtime.montage.ffmpeg_ops: Running: ffprobe -v quiet -print_format json -show_streams -show_format storage\stories\8ad45d6c-4e70-4b92-8884-7500f2973209\video\.compose_tmp\audio_aug_0007.mp4
2026-08-30 01:13:50,349 [DEBUG] runtime.montage.ffmpeg_ops: Running: ffprobe -v quiet -print_format json -show_streams -show_format storage\stories\8ad45d6c-4e70-4b92-8884-7500f2973209\video\.compose_tmp\audio_aug_0008.mp4
2026-08-30 01:13:50,398 [DEBUG] runtime.montage.ffmpeg_ops: Running: ffprobe -v quiet -print_format json -show_streams -show_format storage\stories\8ad45d6c-4e70-4b92-8884-7500f2973209\video\.compose_tmp\audio_aug_0009.mp4
2026-08-30 01:13:50,477 [DEBUG] runtime.montage.ffmpeg_ops: Running: ffprobe -v quiet -print_format json -show_streams -show_format storage\stories\8ad45d6c-4e70-4b92-8884-7500f2973209\video\.compose_tmp\audio_aug_0010.mp4
2026-08-30 01:13:50,526 [DEBUG] runtime.montage.ffmpeg_ops: Running: ffprobe -v quiet -print_format json -show_streams -show_format storage\stories\8ad45d6c-4e70-4b92-8884-7500f2973209\video\.compose_tmp\audio_aug_0011.mp4
2026-08-30 01:13:50,575 [DEBUG] runtime.montage.ffmpeg_ops: Running: ffprobe -v quiet -print_format json -show_streams -show_format storage\stories\8ad45d6c-4e70-4b92-8884-7500f2973209\video\.compose_tmp\audio_aug_0012.mp4
2026-08-30 01:13:50,629 [DEBUG] runtime.montage.ffmpeg_ops: Running: ffprobe -v quiet -print_format json -show_streams -show_format storage\stories\8ad45d6c-4e70-4b92-8884-7500f2973209\video\.compose_tmp\audio_aug_0013.mp4
2026-08-30 01:13:50,675 [DEBUG] runtime.montage.ffmpeg_ops: Running: ffprobe -v quiet -print_format json -show_streams -show_format storage\stories\8ad45d6c-4e70-4b92-8884-7500f2973209\video\.compose_tmp\audio_aug_0014.mp4
2026-08-30 01:13:50,726 [DEBUG] runtime.montage.ffmpeg_ops: Running: ffprobe -v quiet -print_format json -show_streams -show_format storage\stories\8ad45d6c-4e70-4b92-8884-7500f2973209\video\.compose_tmp\audio_aug_0015.mp4
2026-08-30 01:13:50,778 [DEBUG] runtime.montage.ffmpeg_ops: Running: ffprobe -v quiet -print_format json -show_streams -show_format storage\stories\8ad45d6c-4e70-4b92-8884-7500f2973209\video\.compose_tmp\audio_aug_0016.mp4
2026-08-30 01:13:50,825 [DEBUG] runtime.montage.ffmpeg_ops: Running: ffprobe -v quiet -print_format json -show_streams -show_format storage\stories\8ad45d6c-4e70-4b92-8884-7500f2973209\video\.compose_tmp\audio_aug_0017.mp4
2026-08-30 01:13:50,878 [DEBUG] runtime.montage.ffmpeg_ops: Running: ffprobe -v quiet -print_format json -show_streams -show_format storage\stories\8ad45d6c-4e70-4b92-8884-7500f2973209\video\.compose_tmp\audio_aug_0018.mp4
2026-08-30 01:13:50,931 [DEBUG] runtime.montage.ffmpeg_ops: Running: ffprobe -v quiet -print_format json -show_streams -show_format storage\stories\8ad45d6c-4e70-4b92-8884-7500f2973209\video\.compose_tmp\audio_aug_0019.mp4
2026-08-30 01:13:50,980 [DEBUG] runtime.montage.ffmpeg_ops: Running: ffprobe -v quiet -print_format json -show_streams -show_format storage\stories\8ad45d6c-4e70-4b92-8884-7500f2973209\video\.compose_tmp\audio_aug_0020.mp4
2026-08-30 01:13:51,027 [DEBUG] runtime.montage.ffmpeg_ops: Running: ffprobe -v quiet -print_format json -show_streams -show_format storage\stories\8ad45d6c-4e70-4b92-8884-7500f2973209\video\.compose_tmp\audio_aug_0021.mp4
2026-08-30 01:13:51,074 [DEBUG] runtime.montage.ffmpeg_ops: Running: ffprobe -v quiet -print_format json -show_streams -show_format storage\stories\8ad45d6c-4e70-4b92-8884-7500f2973209\video\.compose_tmp\audio_aug_0022.mp4
2026-08-30 01:13:51,128 [DEBUG] runtime.montage.ffmpeg_ops: Running: ffprobe -v quiet -print_format json -show_streams -show_format storage\stories\8ad45d6c-4e70-4b92-8884-7500f2973209\video\.compose_tmp\audio_aug_0023.mp4
2026-08-30 01:13:51,179 [DEBUG] runtime.montage.ffmpeg_ops: Running: ffprobe -v quiet -print_format json -show_streams -show_format storage\stories\8ad45d6c-4e70-4b92-8884-7500f2973209\video\.compose_tmp\audio_aug_0024.mp4
2026-08-30 01:13:51,227 [DEBUG] runtime.montage.ffmpeg_ops: Running: ffprobe -v quiet -print_format json -show_streams -show_format storage\stories\8ad45d6c-4e70-4b92-8884-7500f2973209\video\.compose_tmp\audio_aug_0025.mp4
2026-08-30 01:13:51,278 [DEBUG] runtime.montage.ffmpeg_ops: Running: ffprobe -v quiet -print_format json -show_streams -show_format storage\stories\8ad45d6c-4e70-4b92-8884-7500f2973209\video\.compose_tmp\audio_aug_0026.mp4
2026-08-30 01:13:51,325 [DEBUG] runtime.montage.ffmpeg_ops: Running: ffprobe -v quiet -print_format json -show_streams -show_format storage\stories\8ad45d6c-4e70-4b92-8884-7500f2973209\video\.compose_tmp\audio_aug_0027.mp4
2026-08-30 01:13:51,372 [DEBUG] runtime.montage.ffmpeg_ops: Running: ffprobe -v quiet -print_format json -show_streams -show_format storage\stories\8ad45d6c-4e70-4b92-8884-7500f2973209\video\.compose_tmp\audio_aug_0028.mp4
2026-08-30 01:13:51,419 [DEBUG] runtime.montage.ffmpeg_ops: Running: ffprobe -v quiet -print_format json -show_streams -show_format storage\stories\8ad45d6c-4e70-4b92-8884-7500f2973209\video\.compose_tmp\audio_aug_0029.mp4
2026-08-30 01:13:51,471 [DEBUG] runtime.montage.ffmpeg_ops: Running: ffprobe -v quiet -print_format json -show_streams -show_format storage\stories\8ad45d6c-4e70-4b92-8884-7500f2973209\video\.compose_tmp\audio_aug_0030.mp4
2026-08-30 01:13:51,515 [DEBUG] runtime.montage.ffmpeg_ops: Running: ffprobe -v quiet -print_format json -show_streams -show_format storage\stories\8ad45d6c-4e70-4b92-8884-7500f2973209\video\.compose_tmp\audio_aug_0031.mp4
2026-08-30 01:13:51,569 [DEBUG] runtime.montage.ffmpeg_ops: Running: ffprobe -v quiet -print_format json -show_streams -show_format storage\stories\8ad45d6c-4e70-4b92-8884-7500f2973209\video\.compose_tmp\audio_aug_0032.mp4
2026-08-30 01:13:51,627 [DEBUG] runtime.montage.ffmpeg_ops: Running: ffprobe -v quiet -print_format json -show_streams -show_format storage\stories\8ad45d6c-4e70-4b92-8884-7500f2973209\video\.compose_tmp\audio_aug_0033.mp4
2026-08-30 01:13:51,677 [DEBUG] runtime.montage.ffmpeg_ops: Running: ffprobe -v quiet -print_format json -show_streams -show_format storage\stories\8ad45d6c-4e70-4b92-8884-7500f2973209\video\.compose_tmp\audio_aug_0034.mp4
2026-08-30 01:13:51,721 [DEBUG] runtime.montage.ffmpeg_ops: Running: ffprobe -v quiet -print_format json -show_streams -show_format storage\stories\8ad45d6c-4e70-4b92-8884-7500f2973209\video\.compose_tmp\audio_aug_0035.mp4
2026-08-30 01:13:51,767 [DEBUG] runtime.montage.ffmpeg_ops: Running: ffprobe -v quiet -print_format json -show_streams -show_format storage\stories\8ad45d6c-4e70-4b92-8884-7500f2973209\video\.compose_tmp\audio_aug_0036.mp4
2026-08-30 01:13:51,826 [DEBUG] runtime.montage.ffmpeg_ops: Running: ffprobe -v quiet -print_format json -show_streams -show_format storage\stories\8ad45d6c-4e70-4b92-8884-7500f2973209\video\.compose_tmp\audio_aug_0037.mp4
2026-08-30 01:13:51,879 [DEBUG] runtime.montage.ffmpeg_ops: Running: ffprobe -v quiet -print_format json -show_streams -show_format storage\stories\8ad45d6c-4e70-4b92-8884-7500f2973209\video\.compose_tmp\audio_aug_0038.mp4
2026-08-30 01:13:51,929 [DEBUG] runtime.montage.ffmpeg_ops: Running: ffprobe -v quiet -print_format json -show_streams -show_format storage\stories\8ad45d6c-4e70-4b92-8884-7500f2973209\video\.compose_tmp\audio_aug_0039.mp4
2026-08-30 01:13:51,977 [DEBUG] runtime.montage.ffmpeg_ops: Running: ffprobe -v quiet -print_format json -show_streams -show_format storage\stories\8ad45d6c-4e70-4b92-8884-7500f2973209\video\.compose_tmp\audio_aug_0040.mp4
2026-08-30 01:13:52,065 [DEBUG] runtime.montage.ffmpeg_ops: Running: ffprobe -v quiet -print_format json -show_streams -show_format storage\stories\8ad45d6c-4e70-4b92-8884-7500f2973209\video\.compose_tmp\audio_aug_0041.mp4
2026-08-30 01:13:52,119 [DEBUG] runtime.montage.ffmpeg_ops: Running: ffprobe -v quiet -print_format json -show_streams -show_format storage\stories\8ad45d6c-4e70-4b92-8884-7500f2973209\video\.compose_tmp\audio_aug_0042.mp4
2026-08-30 01:13:52,168 [DEBUG] runtime.montage.ffmpeg_ops: Running: ffprobe -v quiet -print_format json -show_streams -show_format storage\stories\8ad45d6c-4e70-4b92-8884-7500f2973209\video\.compose_tmp\audio_aug_0043.mp4
2026-08-30 01:13:52,212 [DEBUG] runtime.montage.ffmpeg_ops: Running: ffprobe -v quiet -print_format json -show_streams -show_format storage\stories\8ad45d6c-4e70-4b92-8884-7500f2973209\video\.compose_tmp\audio_aug_0044.mp4
2026-08-30 01:13:52,262 [DEBUG] runtime.montage.ffmpeg_ops: Running: ffprobe -v quiet -print_format json -show_streams -show_format storage\stories\8ad45d6c-4e70-4b92-8884-7500f2973209\video\.compose_tmp\audio_aug_0045.mp4
2026-08-30 01:13:52,307 [DEBUG] runtime.montage.ffmpeg_ops: Running: ffprobe -v quiet -print_format json -show_streams -show_format storage\stories\8ad45d6c-4e70-4b92-8884-7500f2973209\video\.compose_tmp\audio_aug_0046.mp4
2026-08-30 01:13:52,359 [DEBUG] runtime.montage.ffmpeg_ops: Running: ffprobe -v quiet -print_format json -show_streams -show_format storage\stories\8ad45d6c-4e70-4b92-8884-7500f2973209\video\.compose_tmp\audio_aug_0047.mp4
2026-08-30 01:13:52,408 [DEBUG] runtime.montage.ffmpeg_ops: Running: ffprobe -v quiet -print_format json -show_streams -show_format storage\stories\8ad45d6c-4e70-4b92-8884-7500f2973209\video\.compose_tmp\audio_aug_0048.mp4
2026-08-30 01:13:52,462 [DEBUG] runtime.montage.ffmpeg_ops: Running: ffprobe -v quiet -print_format json -show_streams -show_format storage\stories\8ad45d6c-4e70-4b92-8884-7500f2973209\video\.compose_tmp\audio_aug_0049.mp4
2026-08-30 01:13:52,509 [DEBUG] runtime.montage.ffmpeg_ops: Running: ffmpeg -y -i storage\stories\8ad45d6c-4e70-4b92-8884-7500f2973209\video\.compose_tmp\audio_aug_0000.mp4 -i storage\stories\8ad45d6c-4e70-4b92-8884-7500f2973209\video\.compose_tmp\audio_aug_0001.mp4 -i storage\stories\8ad45d6c-4e70-4b92-8884-7500f2973209\video\.compose_tmp\audio_aug_0002.mp4 -i storage\stories\8ad45d6c-4e70-4b92-8884-7500f2973209\video\.compose_tmp\audio_aug_0003.mp4...
2026-08-30 01:14:42,192 [WARNING] agents.video_agent: Montage compose failed, falling back to legacy: FFmpeg command failed (rc=1): ffmpeg version 2023-04-17-git-65e537b833-full_build-www.gyan.dev Copyright (c) 2000-2023 the FFmpeg developers
  built with gcc 12.2.0 (Rev10, Built by MSYS2 project)
  configuration: --enable-gpl --enable-version3 --enable-static --disable-w32threads --disable-autodetect --enable-fontconfig --enable-iconv --enable-gnutls --enable-libxml2 --enable-gmp --enable-bzlib --enable-lzma --enable-libsnappy --enable-zlib --enable-librist --enable-libsrt --enable-libssh --enable-libzmq --enable-avisynth -
2026-08-30 01:14:42,329 [DEBUG] aiosqlite: executing <function connect.<locals>.connector at 0x0000018C4DA9BEC0>
2026-08-30 01:14:42,336 [DEBUG] aiosqlite: operation <function connect.<locals>.connector at 0x0000018C4DA9BEC0> completed
2026-08-30 01:14:42,336 [DEBUG] aiosqlite: executing functools.partial(<built-in method create_function of sqlite3.Connection object at 0x0000018C756DE3E0>, 'regexp', 2, <function SQLiteDialect_pysqlite.on_connect.<locals>.regexp at 0x0000018C4AFFA660>, deterministic=True)
2026-08-30 01:14:42,336 [DEBUG] aiosqlite: operation functools.partial(<built-in method create_function of sqlite3.Connection object at 0x0000018C756DE3E0>, 'regexp', 2, <function SQLiteDialect_pysqlite.on_connect.<locals>.regexp at 0x0000018C4AFFA660>, deterministic=True) completed
2026-08-30 01:14:42,336 [DEBUG] aiosqlite: executing functools.partial(<built-in method create_function of sqlite3.Connection object at 0x0000018C756DE3E0>, 'floor', 1, <built-in function floor>, deterministic=True)
2026-08-30 01:14:42,336 [DEBUG] aiosqlite: operation functools.partial(<built-in method create_function of sqlite3.Connection object at 0x0000018C756DE3E0>, 'floor', 1, <built-in function floor>, deterministic=True) completed
2026-08-30 01:14:42,336 [INFO] sqlalchemy.engine.Engine: BEGIN (implicit)
2026-08-30 01:14:42,336 [INFO] sqlalchemy.engine.Engine: SELECT task.id, task.story_id, task.status, task.progress, task.current_step, task.retry_count, task.error_message, task.created_at, task.updated_at 
FROM task 
WHERE task.id = ?
2026-08-30 01:14:42,336 [INFO] sqlalchemy.engine.Engine: [cached since 719.1s ago] ('2773220ff25c46149fb7e0fbe8bfafca',)
2026-08-30 01:14:42,336 [DEBUG] aiosqlite: executing functools.partial(<built-in method cursor of sqlite3.Connection object at 0x0000018C756DE3E0>)
2026-08-30 01:14:42,336 [DEBUG] aiosqlite: operation functools.partial(<built-in method cursor of sqlite3.Connection object at 0x0000018C756DE3E0>) completed
2026-08-30 01:14:42,336 [DEBUG] aiosqlite: executing functools.partial(<built-in method execute of sqlite3.Cursor object at 0x0000018C4DA78BC0>, 'SELECT task.id, task.story_id, task.status, task.progress, task.current_step, task.retry_count, task.error_message, task.created_at, task.updated_at \nFROM task \nWHERE task.id = ?', ('2773220ff25c46149fb7e0fbe8bfafca',))
2026-08-30 01:14:42,336 [DEBUG] aiosqlite: operation functools.partial(<built-in method execute of sqlite3.Cursor object at 0x0000018C4DA78BC0>, 'SELECT task.id, task.story_id, task.status, task.progress, task.current_step, task.retry_count, task.error_message, task.created_at, task.updated_at \nFROM task \nWHERE task.id = ?', ('2773220ff25c46149fb7e0fbe8bfafca',)) completed
2026-08-30 01:14:42,336 [DEBUG] aiosqlite: executing functools.partial(<built-in method fetchall of sqlite3.Cursor object at 0x0000018C4DA78BC0>)
2026-08-30 01:14:42,336 [DEBUG] aiosqlite: operation functools.partial(<built-in method fetchall of sqlite3.Cursor object at 0x0000018C4DA78BC0>) completed
2026-08-30 01:14:42,336 [DEBUG] aiosqlite: executing functools.partial(<built-in method close of sqlite3.Cursor object at 0x0000018C4DA78BC0>)
2026-08-30 01:14:42,336 [DEBUG] aiosqlite: operation functools.partial(<built-in method close of sqlite3.Cursor object at 0x0000018C4DA78BC0>) completed
2026-08-30 01:14:42,367 [INFO] sqlalchemy.engine.Engine: COMMIT
2026-08-30 01:14:42,367 [DEBUG] aiosqlite: executing functools.partial(<built-in method commit of sqlite3.Connection object at 0x0000018C756DE3E0>)
2026-08-30 01:14:42,367 [DEBUG] aiosqlite: operation functools.partial(<built-in method commit of sqlite3.Connection object at 0x0000018C756DE3E0>) completed
2026-08-30 01:14:42,367 [DEBUG] aiosqlite: executing functools.partial(<built-in method rollback of sqlite3.Connection object at 0x0000018C756DE3E0>)
2026-08-30 01:14:42,367 [DEBUG] aiosqlite: operation functools.partial(<built-in method rollback of sqlite3.Connection object at 0x0000018C756DE3E0>) completed
2026-08-30 01:14:42,470 [DEBUG] aiosqlite: executing functools.partial(<built-in method close of sqlite3.Connection object at 0x0000018C756DE3E0>)
2026-08-30 01:14:42,470 [DEBUG] aiosqlite: operation functools.partial(<built-in method close of sqlite3.Connection object at 0x0000018C756DE3E0>) completed
2026-08-30 01:14:47,720 [DEBUG] aiosqlite: executing <function connect.<locals>.connector at 0x0000018C4D55ED40>
2026-08-30 01:14:47,720 [DEBUG] aiosqlite: operation <function connect.<locals>.connector at 0x0000018C4D55ED40> completed
2026-08-30 01:14:47,743 [DEBUG] aiosqlite: executing functools.partial(<built-in method create_function of sqlite3.Connection object at 0x0000018C4DB593F0>, 'regexp', 2, <function SQLiteDialect_pysqlite.on_connect.<locals>.regexp at 0x0000018C4AFFA660>, deterministic=True)
2026-08-30 01:14:47,743 [DEBUG] aiosqlite: operation functools.partial(<built-in method create_function of sqlite3.Connection object at 0x0000018C4DB593F0>, 'regexp', 2, <function SQLiteDialect_pysqlite.on_connect.<locals>.regexp at 0x0000018C4AFFA660>, deterministic=True) completed
2026-08-30 01:14:47,743 [DEBUG] aiosqlite: executing functools.partial(<built-in method create_function of sqlite3.Connection object at 0x0000018C4DB593F0>, 'floor', 1, <built-in function floor>, deterministic=True)
2026-08-30 01:14:47,743 [DEBUG] aiosqlite: operation functools.partial(<built-in method create_function of sqlite3.Connection object at 0x0000018C4DB593F0>, 'floor', 1, <built-in function floor>, deterministic=True) completed
2026-08-30 01:14:47,744 [INFO] sqlalchemy.engine.Engine: BEGIN (implicit)
2026-08-30 01:14:47,745 [INFO] sqlalchemy.engine.Engine: SELECT task.id, task.story_id, task.status, task.progress, task.current_step, task.retry_count, task.error_message, task.created_at, task.updated_at 
FROM task 
WHERE task.id = ?
2026-08-30 01:14:47,745 [INFO] sqlalchemy.engine.Engine: [cached since 724.5s ago] ('2773220ff25c46149fb7e0fbe8bfafca',)
2026-08-30 01:14:47,745 [DEBUG] aiosqlite: executing functools.partial(<built-in method cursor of sqlite3.Connection object at 0x0000018C4DB593F0>)
2026-08-30 01:14:47,745 [DEBUG] aiosqlite: operation functools.partial(<built-in method cursor of sqlite3.Connection object at 0x0000018C4DB593F0>) completed
2026-08-30 01:14:47,745 [DEBUG] aiosqlite: executing functools.partial(<built-in method execute of sqlite3.Cursor object at 0x0000018C4DA79840>, 'SELECT task.id, task.story_id, task.status, task.progress, task.current_step, task.retry_count, task.error_message, task.created_at, task.updated_at \nFROM task \nWHERE task.id = ?', ('2773220ff25c46149fb7e0fbe8bfafca',))
2026-08-30 01:14:47,745 [DEBUG] aiosqlite: operation functools.partial(<built-in method execute of sqlite3.Cursor object at 0x0000018C4DA79840>, 'SELECT task.id, task.story_id, task.status, task.progress, task.current_step, task.retry_count, task.error_message, task.created_at, task.updated_at \nFROM task \nWHERE task.id = ?', ('2773220ff25c46149fb7e0fbe8bfafca',)) completed
2026-08-30 01:14:47,745 [DEBUG] aiosqlite: executing functools.partial(<built-in method fetchall of sqlite3.Cursor object at 0x0000018C4DA79840>)
2026-08-30 01:14:47,745 [DEBUG] aiosqlite: operation functools.partial(<built-in method fetchall of sqlite3.Cursor object at 0x0000018C4DA79840>) completed
2026-08-30 01:14:47,745 [DEBUG] aiosqlite: executing functools.partial(<built-in method close of sqlite3.Cursor object at 0x0000018C4DA79840>)
2026-08-30 01:14:47,745 [DEBUG] aiosqlite: operation functools.partial(<built-in method close of sqlite3.Cursor object at 0x0000018C4DA79840>) completed
2026-08-30 01:14:47,745 [INFO] sqlalchemy.engine.Engine: COMMIT
2026-08-30 01:14:47,745 [DEBUG] aiosqlite: executing functools.partial(<built-in method commit of sqlite3.Connection object at 0x0000018C4DB593F0>)
2026-08-30 01:14:47,745 [DEBUG] aiosqlite: operation functools.partial(<built-in method commit of sqlite3.Connection object at 0x0000018C4DB593F0>) completed
2026-08-30 01:14:47,745 [DEBUG] aiosqlite: executing functools.partial(<built-in method rollback of sqlite3.Connection object at 0x0000018C4DB593F0>)
2026-08-30 01:14:47,745 [DEBUG] aiosqlite: operation functools.partial(<built-in method rollback of sqlite3.Connection object at 0x0000018C4DB593F0>) completed
2026-08-30 01:14:47,745 [DEBUG] aiosqlite: executing functools.partial(<built-in method close of sqlite3.Connection object at 0x0000018C4DB593F0>)
2026-08-30 01:14:47,745 [DEBUG] aiosqlite: operation functools.partial(<built-in method close of sqlite3.Connection object at 0x0000018C4DB593F0>) completed
2026-08-30 01:14:50,536 [ERROR] agents.video_agent: Direct concat failed: ffmpeg version 2023-04-17-git-65e537b833-full_build-www.gyan.dev Copyright (c) 2000-2023 the FFmpeg developers
  built with gcc 12.2.0 (Rev10, Built by MSYS2 project)
  configuration: --enable-gpl --enable-version3 --enable-static --disable-w32threads --disable-autodetect --enable-fontconfig --ena
2026-08-30 01:14:50,536 [INFO] agents.video_agent: video_agent (legacy) completed | success=False | storage\stories\8ad45d6c-4e70-4b92-8884-7500f2973209\video\story.mp4
2026-08-30 01:14:50,536 [INFO] runtime.event_bus: EventBus: Event(step.completed, session=, src=video) → 1 handlers
2026-08-30 01:14:50,536 [DEBUG] runtime.director: Artifact stored: video (4 keys)
2026-08-30 01:14:50,536 [INFO] runtime.director: Director verdict: video -> proceed (confidence=0.90)
2026-08-30 01:14:50,536 [DEBUG] runtime.event_bus: EventBus: Event(director.decision, session=, src=director) published (no handlers)
2026-08-30 01:14:50,536 [DEBUG] runtime.director: Artifact stored: video (4 keys)
2026-08-30 01:14:50,536 [DEBUG] runtime.workflow_engine: [StoryMemory] Stored video output to memory
2026-08-30 01:14:50,536 [INFO] runtime.workflow_engine: [WorkflowEngine] Pipeline completed | task=2773220f-f25c-4614-9fb7-e0fbe8bfafca | director_decisions=7 | rollbacks=0
2026-08-30 01:14:50,536 [INFO] workflows.runtime_workflow: Runtime pipeline completed: task=2773220f-f25c-4614-9fb7-e0fbe8bfafca, session=67dd4cbf
2026-08-30 01:14:50,536 [DEBUG] aiosqlite: executing <function connect.<locals>.connector at 0x0000018C4D5B99E0>
2026-08-30 01:14:50,536 [DEBUG] aiosqlite: operation <function connect.<locals>.connector at 0x0000018C4D5B99E0> completed
2026-08-30 01:14:50,536 [DEBUG] aiosqlite: executing functools.partial(<built-in method create_function of sqlite3.Connection object at 0x0000018C4DB595D0>, 'regexp', 2, <function SQLiteDialect_pysqlite.on_connect.<locals>.regexp at 0x0000018C4AFFA660>, deterministic=True)
2026-08-30 01:14:50,536 [DEBUG] aiosqlite: operation functools.partial(<built-in method create_function of sqlite3.Connection object at 0x0000018C4DB595D0>, 'regexp', 2, <function SQLiteDialect_pysqlite.on_connect.<locals>.regexp at 0x0000018C4AFFA660>, deterministic=True) completed
2026-08-30 01:14:50,544 [DEBUG] aiosqlite: executing functools.partial(<built-in method create_function of sqlite3.Connection object at 0x0000018C4DB595D0>, 'floor', 1, <built-in function floor>, deterministic=True)
2026-08-30 01:14:50,544 [DEBUG] aiosqlite: operation functools.partial(<built-in method create_function of sqlite3.Connection object at 0x0000018C4DB595D0>, 'floor', 1, <built-in function floor>, deterministic=True) completed
2026-08-30 01:14:50,544 [INFO] sqlalchemy.engine.Engine: BEGIN (implicit)
2026-08-30 01:14:50,544 [INFO] sqlalchemy.engine.Engine: DELETE FROM episode WHERE episode.story_id = ?
2026-08-30 01:14:50,544 [INFO] sqlalchemy.engine.Engine: [generated in 0.00030s] ('8ad45d6c4e704b9288847500f2973209',)
2026-08-30 01:14:50,544 [DEBUG] aiosqlite: executing functools.partial(<built-in method cursor of sqlite3.Connection object at 0x0000018C4DB595D0>)
2026-08-30 01:14:50,544 [DEBUG] aiosqlite: operation functools.partial(<built-in method cursor of sqlite3.Connection object at 0x0000018C4DB595D0>) completed
2026-08-30 01:14:50,544 [DEBUG] aiosqlite: executing functools.partial(<built-in method execute of sqlite3.Cursor object at 0x0000018C4DA793C0>, 'DELETE FROM episode WHERE episode.story_id = ?', ('8ad45d6c4e704b9288847500f2973209',))
2026-08-30 01:14:50,544 [DEBUG] aiosqlite: operation functools.partial(<built-in method execute of sqlite3.Cursor object at 0x0000018C4DA793C0>, 'DELETE FROM episode WHERE episode.story_id = ?', ('8ad45d6c4e704b9288847500f2973209',)) completed
2026-08-30 01:14:50,544 [DEBUG] aiosqlite: executing functools.partial(<built-in method close of sqlite3.Cursor object at 0x0000018C4DA793C0>)
2026-08-30 01:14:50,544 [DEBUG] aiosqlite: operation functools.partial(<built-in method close of sqlite3.Cursor object at 0x0000018C4DA793C0>) completed
2026-08-30 01:14:50,544 [INFO] sqlalchemy.engine.Engine: INSERT INTO episode (id, story_id, episode_no, title, summary, script) VALUES (?, ?, ?, ?, ?, ?), (?, ?, ?, ?, ?, ?), (?, ?, ?, ?, ?, ?), (?, ?, ?, ?, ?, ?), (?, ?, ?, ?, ?, ?) RETURNING created_at, updated_at, id
2026-08-30 01:14:50,544 [INFO] sqlalchemy.engine.Engine: [generated in 0.00014s (insertmanyvalues) 1/1 (ordered)] ('254355a6efc9447cb42c61cab2fed1e2', '8ad45d6c4e704b9288847500f2973209', 1, '雨夜相遇', '被裁员的程序员林默在雨夜捡到一只受伤的黑猫，猫竟开口说话并自称异世界守护者。暗影怪物追杀而至，林默被迫相信眼前的一切。', '【雨夜，城市街头】\n林默提着公文包低头走在雨中，雨水打湿他的格子衫。他打开手机，屏幕上是“解除劳动合同通知”，雨水混着泪水模糊了视线。\n林默（自嘲）： “连猫都比我强，至少还有地方躲雨。”\n墙角传来微弱的猫叫。林默走近，看到一只黑猫蜷缩在纸箱里，左耳有伤口，金瞳警惕地盯着他。\n林默： “别 ... (413 characters truncated) ...  “这是什么？！”\n夜影： “你是这个世界的‘锚点’，也是唯一能帮我的人。”\n林默沉默片刻： “我凭什么信你？”\n夜影静静看他： “因为你已经无路可走，而我，能给你一个方向。”\n窗外，一团黑影慢慢爬上玻璃，露出一张扭曲的脸。\n夜影猛地抬头： “来了。”\n【定格，片名浮现：《雨夜之猫》】', '8027f5f0e3b74e6db93c52c7044850fc', '8ad45d6c4e704b9288847500f2973209', 2, '星辰碎片', '夜影向林默解释碎片来历，两人在废弃公交站遇到被黑影追捕的白裙女孩小雨。她的手腕星印记显现，与碎片有关。三人结伴前往旧图书馆。', '【林默家，清晨】\n林默坐在床边，黑猫蹲在窗台上，晨光照着它金色的眼睛。\n夜影： “星辰碎片共有五块。我感应到其中一块在城东的旧图书馆。”\n林默： “我为什么要帮你？这对我来说太离谱了。”\n夜影： “因为你的左眼已经能看到灵流，暗影也会循迹而来。逃不掉的，只能战斗。”\n林默揉着头发： “我 ... (351 characters truncated) ... 片原本被我封印在体内，现在力量流失，才引来了暗影。”\n林默： “那你知道碎片在哪？”\n小雨点头： “跟我来。第一块碎片，就在旧图书馆的地下。”\n夜影： “你带路。”\n【远处，黑雾凝聚成一个人影，猩红的双眼在阴影中睁开】\n暗影之首： “找到星之守护者了……还有那只猫。这一次，你们跑不掉。”', '56b84e27bf3740dab6bbd0f1f6f07485', '8ad45d6c4e704b9288847500f2973209', 3, '图书馆觉醒', '三人潜入旧图书馆地下，找到第一块碎片。小雨接触碎片的瞬间恢复记忆，显露星之公主的身份。暗影之首化身来袭，小雨觉醒力量惊退敌人。', '【旧图书馆，地下密室】\n空气里布满灰尘，手电光晃过生锈的书架。小雨站在圆形石台前，中央悬浮着一块发光的水晶碎片。\n林默： “这就是星辰碎片？”\n夜影： “小心，周围有封印。”\n小雨伸手触碰碎片，瞬间白光暴涨。碎片融入她体内，手腕星印爆发出耀眼星辉。\n小雨睁眼，瞳孔如星辰流转： “我记起来 ... (290 characters truncated) ... ，我越喜欢。等你们集齐所有碎片，就是通道开启之时。”\n黑雾消散。\n林默扶起夜影： “你没事吧？”\n夜影咳了一声： “还死不了。他故意放走我们，想让我们收集碎片。”\n小雨握紧拳头： “所以我们现在不能坐以待毙。要赶在他前头，抢先封印所有碎片。”\n林默看着小雨坚定地点头： “好，我们一起。”', '48ae27b58e6042e2af63b3975e93700f', '8ad45d6c4e704b9288847500f2973209', 4, '代码后门', '暗影之首通过林默被裁的旧电脑入侵现实，揭示林默三年前写的算法是两界通道的钥匙。夜影提出牺牲自己封门，林默却以程序员的后门技巧找到翻盘机会。', '【林默出租屋，傍晚】\n三人正在讨论下一块碎片的位置，桌上的旧电脑忽然自动亮起，屏幕上代码如瀑布般滚落。\n音响里传出低沉的笑声： “林默，你写下的‘门’，让我找到了出口。”\n林默脸色大变： “这是我三年前写的那个加密算法……当时已经删除了！”\n暗影之首的声音： “删除？你只是丢进了回收站。暗 ... (271 characters truncated) ...  //if rain { cat.open(); }\n夜影看着那行字，忽然笑了一声： “凡人，你还真会玩。”\n林默： “明日午时，我让这扇门变形。你就有机会趁虚而入，把它封死。”\n夜影沉默片刻： “你确定能成功？”\n林默： “我是程序员，我从不写必死代码。”\n小雨看着林默，眼泪无声滑落。', '1f3eb1c75df84e64ba4415bcb85e2a67', '8ad45d6c4e704b9288847500f2973209', 5, '雨夜的告别', '林默用后门逆转暗影之首的路径，夜影燃烧生命化作金色流星封死通道。三个月后，林默将冒险做成游戏，雨夜中传来熟悉的猫叫。', '【林默出租屋，次日午时】\n窗外的天光诡异地变暗，电脑屏幕上，黑色代码与金色代码纠缠。\n林默深吸一口气，按下回车： “现在！”\n代码瞬间重组，屏幕上出现一个黑洞般的漩涡。\n暗影之首的怒吼从电脑里传出： “你怎么敢——！”\n林默： “你太熟悉我的套路，但真正的程序员，从不会把后门写进注释里— ... (361 characters truncated) ... 。\n【游戏画面：雨夜街头，一只黑猫从屋檐跃下，开口说：“凡人，这个BUG你永远改不完。”】\n观众笑声一片。\n林默也笑了。\n【深夜，办公室】\n林默独自加班，窗外下起雨，忽然传来一声猫叫。\n他猛地推开窗，雨幕中，一道金色光点一闪而逝。\n林默嘴角勾起： “等着我，我去找你。”\n【全剧终】')
2026-08-30 01:14:50,544 [DEBUG] aiosqlite: executing functools.partial(<built-in method cursor of sqlite3.Connection object at 0x0000018C4DB595D0>)
2026-08-30 01:14:50,544 [DEBUG] aiosqlite: operation functools.partial(<built-in method cursor of sqlite3.Connection object at 0x0000018C4DB595D0>) completed
2026-08-30 01:14:50,544 [DEBUG] aiosqlite: executing functools.partial(<built-in method execute of sqlite3.Cursor object at 0x0000018C4DB809C0>, 'INSERT INTO episode (id, story_id, episode_no, title, summary, script) VALUES (?, ?, ?, ?, ?, ?), (?, ?, ?, ?, ?, ?), (?, ?, ?, ?, ?, ?), (?, ?, ?, ?, ?, ?), (?, ?, ?, ?, ?, ?) RETURNING created_at, updated_at, id', ('254355a6efc9447cb42c61cab2fed1e2', '8ad45d6c4e704b9288847500f2973209', 1, '雨夜相遇', '被裁员的程序员林默在雨夜捡到一只受伤的黑猫，猫竟开口说话并自称异世界守护者。暗影怪物追杀而至，林默被迫相信眼前的一切。', '【雨夜，城市街头】\n林默提着公文包低头走在雨中，雨水打湿他的格子衫。他打开手机，屏幕上是“解除劳动合同通知”，雨水混着泪水模糊了视线。\n林默（自嘲）： “连猫都比我强，至少还有地方躲雨。”\n墙角传来微弱的猫叫。林默走近，看到一只黑猫蜷缩在纸箱里，左耳有伤口，金瞳警惕地盯着他。\n林默： “别怕，我带你回家。”\n他刚伸手，猫突然开口：\n夜影： “别废话，后面有追兵，快走！”\n林默惊得跌坐在地： “猫……猫说话了？！”\n夜影： “我是异世界守护者夜影。没时间解释，你已经被盯上了。”\n话音未落，街尾一团黑影涌来，路灯接连熄灭，黑影发出刺耳嘶鸣。\n夜影纵身跃起，尾巴化作金色光链击退黑影，却被一道黑气击中，落在林默怀里。\n夜影： “凡人……愣着干什么？跑！”\n林默本能地抱紧猫，冲进雨幕。\n【林默家中，深夜】\n林默把猫放在桌上，自己浑身湿透。夜影蜷成一团，伤口渗血。\n夜影： “多谢。但麻烦刚开始，你沾了我的气息，暗影不会放过你。”\n林默： “什么意思？你先讲清楚！”\n夜影： “五块星辰碎片散落人间，暗影之首想集齐它们打开两界通道。我必须阻止它，而你……”\n夜影眯起金瞳： “你的左眼，现在能看到常人不该看到的东西了吧？”\n林默走到镜子前，摘下眼镜，左眼瞳孔中有浅浅的金色纹路。\n林默： “这是什么？！”\n夜影： “你是这个世界的‘锚点’，也是唯一能帮我的人。”\n林默沉默片刻： “我凭什么信你？”\n夜影静静看他： “因为你已经无路可走，而我，能给你一个方向。”\n窗外，一团黑影慢慢爬上玻璃，露出一张扭曲的脸。\n夜影猛地抬头： “来了。”\n【定格，片名浮现：《雨夜之猫》】', '8027f5f0e3b74e6db93c52c7044850fc', '8ad45d6c4e704b9288847500f2973209', 2, '星辰碎片', '夜影向林默解释碎片来历，两人在废弃公交站遇到被黑影追捕的白裙女孩小雨。她的手腕星印记显现，与碎片有关。三人结伴前往旧图书馆。', '【林默家，清晨】\n林默坐在床边，黑猫蹲在窗台上，晨光照着它金色的眼睛。\n夜影： “星辰碎片共有五块。我感应到其中一块在城东的旧图书馆。”\n林默： “我为什么要帮你？这对我来说太离谱了。”\n夜影： “因为你的左眼已经能看到灵流，暗影也会循迹而来。逃不掉的，只能战斗。”\n林默揉着头发： “我只是个程序员。”\n夜影： “程序员正好——碎片的封印是古代符文写成的，和代码逻辑相通。”\n林默愣了一下： “把符文当代码？你太看得起我了。”\n夜影： “凡人，别看不起自己。走。”\n【城东废弃公交站，午后】\n林默和夜影循着能量波动来到站台，突然听见一声惊呼。几个黑影正围住一个白裙女孩，女孩手腕上的星形印记发出微光抵挡着黑影。\n林默冲上去大喊： “住手！”\n黑影回头，扑向林默。夜影从肩头跃出，金色光链横扫，黑影化作黑雾消散。但地面仍在涌出新的黑影。\n小雨： “快跑！它们是被星之力引来的！”\n三人跑进小巷，甩开黑影。\n小雨扶着墙喘气： “谢谢你们……你们也是来找碎片的？”\n夜影警惕地竖起尾巴： “你到底是谁？”\n小雨抬起手腕，星印闪烁： “我叫小雨，是星之守护者的最后一人。碎片原本被我封印在体内，现在力量流失，才引来了暗影。”\n林默： “那你知道碎片在哪？”\n小雨点头： “跟我来。第一块碎片，就在旧图书馆的地下。”\n夜影： “你带路。”\n【远处，黑雾凝聚成一个人影，猩红的双眼在阴影中睁开】\n暗影之首： “找到星之守护者了……还有那只猫。这一次，你们跑不掉。”', '56b84e27bf3740dab6bbd0f1f6f07485', '8ad45d6c4e704b9288847500f2973209', 3, '图书馆觉醒', '三人潜入旧图书馆地下，找到第一块碎片。小雨接触碎片的瞬间恢复记忆，显露星之公主的身份。暗影之首化身来袭，小雨觉醒力量惊退敌人。', '【旧图书馆，地下密室】\n空气里布满灰尘，手电光晃过生锈的书架。小雨站在圆形石台前，中央悬浮着一块发光的水晶碎片。\n林默： “这就是星辰碎片？”\n夜影： “小心，周围有封印。”\n小雨伸手触碰碎片，瞬间白光暴涨。碎片融入她体内，手腕星印爆发出耀眼星辉。\n小雨睁眼，瞳孔如星辰流转： “我记起来了……我是星之公主，被暗影之首偷袭后，不得不把力量分成五块碎片，迷失在此界。”\n夜影低头： “公主殿下，属下守护不力。”\n小雨笑了： “夜影，你做得够好了。该来的总会来。”\n地面剧烈震动，黑雾从墙壁缝隙渗入，凝聚成一个高大的人形，双眼猩红。\n暗影之首： “公主殿下，觉醒的滋味如何？您的力量，我就收下了。”\n林默挡在小雨面前： “你休想！”\n暗影之首冷笑，挥手一道黑气冲向林默。\n夜影扑上去，光链挡下黑气却被打飞。\n小雨怒喝： “住手！”\n她手中凝聚星光，一掌击出，白光撞上黑影，将暗影之首的化身炸成碎片。\n但黑雾重新凝聚，声音阴冷： “有趣……公主的力量越强，我越喜欢。等你们集齐所有碎片，就是通道开启之时。”\n黑雾消散。\n林默扶起夜影： “你没事吧？”\n夜影咳了一声： “还死不了。他故意放走我们，想让我们收集碎片。”\n小雨握紧拳头： “所以我们现在不能坐以待毙。要赶在他前头，抢先封印所有碎片。”\n林默看着小雨坚定地点头： “好，我们一起。”', '48ae27b58e6042e2af63b3975e93700f', '8ad45d6c4e704b9288847500f2973209', 4, '代码后门', '暗影之首通过林默被裁的旧电脑入侵现实，揭示林默三年前写的算法是两界通道的钥匙。夜影提出牺牲自己封门，林默却以程序员的后门技巧找到翻盘机会。', '【林默出租屋，傍晚】\n三人正在讨论下一块碎片的位置，桌上的旧电脑忽然自动亮起，屏幕上代码如瀑布般滚落。\n音响里传出低沉的笑声： “林默，你写下的‘门’，让我找到了出口。”\n林默脸色大变： “这是我三年前写的那个加密算法……当时已经删除了！”\n暗影之首的声音： “删除？你只是丢进了回收站。暗影的力量，可以找回一切。”\n屏幕上涌出黑雾，在半空凝聚成形。\n暗影之首： “夜晚降临，我将借这座‘桥’降临此界。除非你亲手毁掉通道——但那样，你的世界也会崩溃。”\n小雨： “不行！”\n夜影沉声道： “还有一个办法。用我的守护之心作燃料，将通道永远封印。”\n小雨震惊： “你会死的！”\n夜影看着小雨： “公主，我答应过陪你千年。可这一次，请让我任性一回。”\n林默：“不——一定有别的办法！”\n他坐下来，快速敲击键盘。\n林默： “你不是很熟我的代码吗？但你别忘了，我是作者。我给自己留了一扇后门。”\n他在代码末尾输入一行注释： //if rain { cat.open(); }\n夜影看着那行字，忽然笑了一声： “凡人，你还真会玩。”\n林默： “明日午时，我让这扇门变形。你就有机会趁虚而入，把它封死。”\n夜影沉默片刻： “你确定能成功？”\n林默： “我是程序员，我从不写必死代码。”\n小雨看着林默，眼泪无声滑落。', '1f3eb1c75df84e64ba4415bcb85e2a67', '8ad45d6c4e704b9288847500f2973209', 5, '雨夜的告别', '林默用后门逆转暗影之首的路径，夜影燃烧生命化作金色流星封死通道。三个月后，林默将冒险做成游戏，雨夜中传来熟悉的猫叫。', '【林默出租屋，次日午时】\n窗外的天光诡异地变暗，电脑屏幕上，黑色代码与金色代码纠缠。\n林默深吸一口气，按下回车： “现在！”\n代码瞬间重组，屏幕上出现一个黑洞般的漩涡。\n暗影之首的怒吼从电脑里传出： “你怎么敢——！”\n林默： “你太熟悉我的套路，但真正的程序员，从不会把后门写进注释里——注释是会骗人的。”\n原来那行注释只是个幌子，真正的后门藏在无数恶搞代码之间。\n夜影站起来，金瞳明亮： “该我了。”\n小雨拉住他： “夜影……”\n夜影回头，用头蹭了蹭她的手掌： “公主，能再见到你，我已经没有遗憾。”\n说罢，他纵身跃向屏幕，身体燃烧起金色火焰，化作一道流星冲入漩涡。\n“轰——”\n白光照亮整个房间，电脑屏幕粉碎，暗影之首的嘶吼渐渐消失。\n光芒散去，一切归于平静。桌上，只剩一根黑色的猫毛。\n小雨跪坐在地，泣不成声。\n林默握紧那根猫毛，也红了眼眶： “谢谢你，夜影。”\n【三个月后，游戏发布会】\n大屏幕播放新游戏《雨夜之猫》的PV。\n林默穿着干净的衬衫站在台上： “这个游戏，献给一只会说话的猫，和一个教会我勇敢的公主。”\n台下，小雨微笑着鼓掌，她手腕上的星印已暗淡，却仍微微发光。\n【游戏画面：雨夜街头，一只黑猫从屋檐跃下，开口说：“凡人，这个BUG你永远改不完。”】\n观众笑声一片。\n林默也笑了。\n【深夜，办公室】\n林默独自加班，窗外下起雨，忽然传来一声猫叫。\n他猛地推开窗，雨幕中，一道金色光点一闪而逝。\n林默嘴角勾起： “等着我，我去找你。”\n【全剧终】'))
2026-08-30 01:14:50,544 [DEBUG] aiosqlite: operation functools.partial(<built-in method execute of sqlite3.Cursor object at 0x0000018C4DB809C0>, 'INSERT INTO episode (id, story_id, episode_no, title, summary, script) VALUES (?, ?, ?, ?, ?, ?), (?, ?, ?, ?, ?, ?), (?, ?, ?, ?, ?, ?), (?, ?, ?, ?, ?, ?), (?, ?, ?, ?, ?, ?) RETURNING created_at, updated_at, id', ('254355a6efc9447cb42c61cab2fed1e2', '8ad45d6c4e704b9288847500f2973209', 1, '雨夜相遇', '被裁员的程序员林默在雨夜捡到一只受伤的黑猫，猫竟开口说话并自称异世界守护者。暗影怪物追杀而至，林默被迫相信眼前的一切。', '【雨夜，城市街头】\n林默提着公文包低头走在雨中，雨水打湿他的格子衫。他打开手机，屏幕上是“解除劳动合同通知”，雨水混着泪水模糊了视线。\n林默（自嘲）： “连猫都比我强，至少还有地方躲雨。”\n墙角传来微弱的猫叫。林默走近，看到一只黑猫蜷缩在纸箱里，左耳有伤口，金瞳警惕地盯着他。\n林默： “别怕，我带你回家。”\n他刚伸手，猫突然开口：\n夜影： “别废话，后面有追兵，快走！”\n林默惊得跌坐在地： “猫……猫说话了？！”\n夜影： “我是异世界守护者夜影。没时间解释，你已经被盯上了。”\n话音未落，街尾一团黑影涌来，路灯接连熄灭，黑影发出刺耳嘶鸣。\n夜影纵身跃起，尾巴化作金色光链击退黑影，却被一道黑气击中，落在林默怀里。\n夜影： “凡人……愣着干什么？跑！”\n林默本能地抱紧猫，冲进雨幕。\n【林默家中，深夜】\n林默把猫放在桌上，自己浑身湿透。夜影蜷成一团，伤口渗血。\n夜影： “多谢。但麻烦刚开始，你沾了我的气息，暗影不会放过你。”\n林默： “什么意思？你先讲清楚！”\n夜影： “五块星辰碎片散落人间，暗影之首想集齐它们打开两界通道。我必须阻止它，而你……”\n夜影眯起金瞳： “你的左眼，现在能看到常人不该看到的东西了吧？”\n林默走到镜子前，摘下眼镜，左眼瞳孔中有浅浅的金色纹路。\n林默： “这是什么？！”\n夜影： “你是这个世界的‘锚点’，也是唯一能帮我的人。”\n林默沉默片刻： “我凭什么信你？”\n夜影静静看他： “因为你已经无路可走，而我，能给你一个方向。”\n窗外，一团黑影慢慢爬上玻璃，露出一张扭曲的脸。\n夜影猛地抬头： “来了。”\n【定格，片名浮现：《雨夜之猫》】', '8027f5f0e3b74e6db93c52c7044850fc', '8ad45d6c4e704b9288847500f2973209', 2, '星辰碎片', '夜影向林默解释碎片来历，两人在废弃公交站遇到被黑影追捕的白裙女孩小雨。她的手腕星印记显现，与碎片有关。三人结伴前往旧图书馆。', '【林默家，清晨】\n林默坐在床边，黑猫蹲在窗台上，晨光照着它金色的眼睛。\n夜影： “星辰碎片共有五块。我感应到其中一块在城东的旧图书馆。”\n林默： “我为什么要帮你？这对我来说太离谱了。”\n夜影： “因为你的左眼已经能看到灵流，暗影也会循迹而来。逃不掉的，只能战斗。”\n林默揉着头发： “我只是个程序员。”\n夜影： “程序员正好——碎片的封印是古代符文写成的，和代码逻辑相通。”\n林默愣了一下： “把符文当代码？你太看得起我了。”\n夜影： “凡人，别看不起自己。走。”\n【城东废弃公交站，午后】\n林默和夜影循着能量波动来到站台，突然听见一声惊呼。几个黑影正围住一个白裙女孩，女孩手腕上的星形印记发出微光抵挡着黑影。\n林默冲上去大喊： “住手！”\n黑影回头，扑向林默。夜影从肩头跃出，金色光链横扫，黑影化作黑雾消散。但地面仍在涌出新的黑影。\n小雨： “快跑！它们是被星之力引来的！”\n三人跑进小巷，甩开黑影。\n小雨扶着墙喘气： “谢谢你们……你们也是来找碎片的？”\n夜影警惕地竖起尾巴： “你到底是谁？”\n小雨抬起手腕，星印闪烁： “我叫小雨，是星之守护者的最后一人。碎片原本被我封印在体内，现在力量流失，才引来了暗影。”\n林默： “那你知道碎片在哪？”\n小雨点头： “跟我来。第一块碎片，就在旧图书馆的地下。”\n夜影： “你带路。”\n【远处，黑雾凝聚成一个人影，猩红的双眼在阴影中睁开】\n暗影之首： “找到星之守护者了……还有那只猫。这一次，你们跑不掉。”', '56b84e27bf3740dab6bbd0f1f6f07485', '8ad45d6c4e704b9288847500f2973209', 3, '图书馆觉醒', '三人潜入旧图书馆地下，找到第一块碎片。小雨接触碎片的瞬间恢复记忆，显露星之公主的身份。暗影之首化身来袭，小雨觉醒力量惊退敌人。', '【旧图书馆，地下密室】\n空气里布满灰尘，手电光晃过生锈的书架。小雨站在圆形石台前，中央悬浮着一块发光的水晶碎片。\n林默： “这就是星辰碎片？”\n夜影： “小心，周围有封印。”\n小雨伸手触碰碎片，瞬间白光暴涨。碎片融入她体内，手腕星印爆发出耀眼星辉。\n小雨睁眼，瞳孔如星辰流转： “我记起来了……我是星之公主，被暗影之首偷袭后，不得不把力量分成五块碎片，迷失在此界。”\n夜影低头： “公主殿下，属下守护不力。”\n小雨笑了： “夜影，你做得够好了。该来的总会来。”\n地面剧烈震动，黑雾从墙壁缝隙渗入，凝聚成一个高大的人形，双眼猩红。\n暗影之首： “公主殿下，觉醒的滋味如何？您的力量，我就收下了。”\n林默挡在小雨面前： “你休想！”\n暗影之首冷笑，挥手一道黑气冲向林默。\n夜影扑上去，光链挡下黑气却被打飞。\n小雨怒喝： “住手！”\n她手中凝聚星光，一掌击出，白光撞上黑影，将暗影之首的化身炸成碎片。\n但黑雾重新凝聚，声音阴冷： “有趣……公主的力量越强，我越喜欢。等你们集齐所有碎片，就是通道开启之时。”\n黑雾消散。\n林默扶起夜影： “你没事吧？”\n夜影咳了一声： “还死不了。他故意放走我们，想让我们收集碎片。”\n小雨握紧拳头： “所以我们现在不能坐以待毙。要赶在他前头，抢先封印所有碎片。”\n林默看着小雨坚定地点头： “好，我们一起。”', '48ae27b58e6042e2af63b3975e93700f', '8ad45d6c4e704b9288847500f2973209', 4, '代码后门', '暗影之首通过林默被裁的旧电脑入侵现实，揭示林默三年前写的算法是两界通道的钥匙。夜影提出牺牲自己封门，林默却以程序员的后门技巧找到翻盘机会。', '【林默出租屋，傍晚】\n三人正在讨论下一块碎片的位置，桌上的旧电脑忽然自动亮起，屏幕上代码如瀑布般滚落。\n音响里传出低沉的笑声： “林默，你写下的‘门’，让我找到了出口。”\n林默脸色大变： “这是我三年前写的那个加密算法……当时已经删除了！”\n暗影之首的声音： “删除？你只是丢进了回收站。暗影的力量，可以找回一切。”\n屏幕上涌出黑雾，在半空凝聚成形。\n暗影之首： “夜晚降临，我将借这座‘桥’降临此界。除非你亲手毁掉通道——但那样，你的世界也会崩溃。”\n小雨： “不行！”\n夜影沉声道： “还有一个办法。用我的守护之心作燃料，将通道永远封印。”\n小雨震惊： “你会死的！”\n夜影看着小雨： “公主，我答应过陪你千年。可这一次，请让我任性一回。”\n林默：“不——一定有别的办法！”\n他坐下来，快速敲击键盘。\n林默： “你不是很熟我的代码吗？但你别忘了，我是作者。我给自己留了一扇后门。”\n他在代码末尾输入一行注释： //if rain { cat.open(); }\n夜影看着那行字，忽然笑了一声： “凡人，你还真会玩。”\n林默： “明日午时，我让这扇门变形。你就有机会趁虚而入，把它封死。”\n夜影沉默片刻： “你确定能成功？”\n林默： “我是程序员，我从不写必死代码。”\n小雨看着林默，眼泪无声滑落。', '1f3eb1c75df84e64ba4415bcb85e2a67', '8ad45d6c4e704b9288847500f2973209', 5, '雨夜的告别', '林默用后门逆转暗影之首的路径，夜影燃烧生命化作金色流星封死通道。三个月后，林默将冒险做成游戏，雨夜中传来熟悉的猫叫。', '【林默出租屋，次日午时】\n窗外的天光诡异地变暗，电脑屏幕上，黑色代码与金色代码纠缠。\n林默深吸一口气，按下回车： “现在！”\n代码瞬间重组，屏幕上出现一个黑洞般的漩涡。\n暗影之首的怒吼从电脑里传出： “你怎么敢——！”\n林默： “你太熟悉我的套路，但真正的程序员，从不会把后门写进注释里——注释是会骗人的。”\n原来那行注释只是个幌子，真正的后门藏在无数恶搞代码之间。\n夜影站起来，金瞳明亮： “该我了。”\n小雨拉住他： “夜影……”\n夜影回头，用头蹭了蹭她的手掌： “公主，能再见到你，我已经没有遗憾。”\n说罢，他纵身跃向屏幕，身体燃烧起金色火焰，化作一道流星冲入漩涡。\n“轰——”\n白光照亮整个房间，电脑屏幕粉碎，暗影之首的嘶吼渐渐消失。\n光芒散去，一切归于平静。桌上，只剩一根黑色的猫毛。\n小雨跪坐在地，泣不成声。\n林默握紧那根猫毛，也红了眼眶： “谢谢你，夜影。”\n【三个月后，游戏发布会】\n大屏幕播放新游戏《雨夜之猫》的PV。\n林默穿着干净的衬衫站在台上： “这个游戏，献给一只会说话的猫，和一个教会我勇敢的公主。”\n台下，小雨微笑着鼓掌，她手腕上的星印已暗淡，却仍微微发光。\n【游戏画面：雨夜街头，一只黑猫从屋檐跃下，开口说：“凡人，这个BUG你永远改不完。”】\n观众笑声一片。\n林默也笑了。\n【深夜，办公室】\n林默独自加班，窗外下起雨，忽然传来一声猫叫。\n他猛地推开窗，雨幕中，一道金色光点一闪而逝。\n林默嘴角勾起： “等着我，我去找你。”\n【全剧终】')) completed
2026-08-30 01:14:50,544 [DEBUG] aiosqlite: executing functools.partial(<built-in method fetchall of sqlite3.Cursor object at 0x0000018C4DB809C0>)
2026-08-30 01:14:50,544 [DEBUG] aiosqlite: operation functools.partial(<built-in method fetchall of sqlite3.Cursor object at 0x0000018C4DB809C0>) completed
2026-08-30 01:14:50,544 [DEBUG] aiosqlite: executing functools.partial(<built-in method close of sqlite3.Cursor object at 0x0000018C4DB809C0>)
2026-08-30 01:14:50,544 [DEBUG] aiosqlite: operation functools.partial(<built-in method close of sqlite3.Cursor object at 0x0000018C4DB809C0>) completed
2026-08-30 01:14:50,544 [INFO] sqlalchemy.engine.Engine: COMMIT
2026-08-30 01:14:50,544 [DEBUG] aiosqlite: executing functools.partial(<built-in method commit of sqlite3.Connection object at 0x0000018C4DB595D0>)
2026-08-30 01:14:50,544 [DEBUG] aiosqlite: operation functools.partial(<built-in method commit of sqlite3.Connection object at 0x0000018C4DB595D0>) completed
2026-08-30 01:14:50,544 [DEBUG] aiosqlite: executing functools.partial(<built-in method rollback of sqlite3.Connection object at 0x0000018C4DB595D0>)
2026-08-30 01:14:50,544 [DEBUG] aiosqlite: operation functools.partial(<built-in method rollback of sqlite3.Connection object at 0x0000018C4DB595D0>) completed
2026-08-30 01:14:50,544 [DEBUG] aiosqlite: executing functools.partial(<built-in method close of sqlite3.Connection object at 0x0000018C4DB595D0>)
2026-08-30 01:14:50,544 [DEBUG] aiosqlite: operation functools.partial(<built-in method close of sqlite3.Connection object at 0x0000018C4DB595D0>) completed
2026-08-30 01:14:50,544 [INFO] tasks.runner: Persisted 5 episodes for story 8ad45d6c-4e70-4b92-8884-7500f2973209
2026-08-30 01:14:50,544 [DEBUG] aiosqlite: executing <function connect.<locals>.connector at 0x0000018C4B6F8360>
2026-08-30 01:14:50,559 [DEBUG] aiosqlite: operation <function connect.<locals>.connector at 0x0000018C4B6F8360> completed
2026-08-30 01:14:50,559 [DEBUG] aiosqlite: executing functools.partial(<built-in method create_function of sqlite3.Connection object at 0x0000018C4DB594E0>, 'regexp', 2, <function SQLiteDialect_pysqlite.on_connect.<locals>.regexp at 0x0000018C4AFFA660>, deterministic=True)
2026-08-30 01:14:50,559 [DEBUG] aiosqlite: operation functools.partial(<built-in method create_function of sqlite3.Connection object at 0x0000018C4DB594E0>, 'regexp', 2, <function SQLiteDialect_pysqlite.on_connect.<locals>.regexp at 0x0000018C4AFFA660>, deterministic=True) completed
2026-08-30 01:14:50,559 [DEBUG] aiosqlite: executing functools.partial(<built-in method create_function of sqlite3.Connection object at 0x0000018C4DB594E0>, 'floor', 1, <built-in function floor>, deterministic=True)
2026-08-30 01:14:50,559 [DEBUG] aiosqlite: operation functools.partial(<built-in method create_function of sqlite3.Connection object at 0x0000018C4DB594E0>, 'floor', 1, <built-in function floor>, deterministic=True) completed
2026-08-30 01:14:50,559 [INFO] sqlalchemy.engine.Engine: BEGIN (implicit)
2026-08-30 01:14:50,559 [INFO] sqlalchemy.engine.Engine: DELETE FROM character WHERE character.story_id = ?
2026-08-30 01:14:50,559 [INFO] sqlalchemy.engine.Engine: [generated in 0.00024s] ('8ad45d6c4e704b9288847500f2973209',)
2026-08-30 01:14:50,559 [DEBUG] aiosqlite: executing functools.partial(<built-in method cursor of sqlite3.Connection object at 0x0000018C4DB594E0>)
2026-08-30 01:14:50,559 [DEBUG] aiosqlite: operation functools.partial(<built-in method cursor of sqlite3.Connection object at 0x0000018C4DB594E0>) completed
2026-08-30 01:14:50,559 [DEBUG] aiosqlite: executing functools.partial(<built-in method execute of sqlite3.Cursor object at 0x0000018C4D56AF40>, 'DELETE FROM character WHERE character.story_id = ?', ('8ad45d6c4e704b9288847500f2973209',))
2026-08-30 01:14:50,559 [DEBUG] aiosqlite: operation functools.partial(<built-in method execute of sqlite3.Cursor object at 0x0000018C4D56AF40>, 'DELETE FROM character WHERE character.story_id = ?', ('8ad45d6c4e704b9288847500f2973209',)) completed
2026-08-30 01:14:50,559 [DEBUG] aiosqlite: executing functools.partial(<built-in method close of sqlite3.Cursor object at 0x0000018C4D56AF40>)
2026-08-30 01:14:50,559 [DEBUG] aiosqlite: operation functools.partial(<built-in method close of sqlite3.Cursor object at 0x0000018C4D56AF40>) completed
2026-08-30 01:14:50,559 [INFO] sqlalchemy.engine.Engine: INSERT INTO character (id, story_id, name, gender, age, appearance, personality, avatar_url) VALUES (?, ?, ?, ?, ?, ?, ?, ?), (?, ?, ?, ?, ?, ?, ?, ?), (?, ?, ?, ?, ?, ?, ?, ?), (?, ?, ?, ?, ?, ?, ?, ?) RETURNING created_at, updated_at, id
2026-08-30 01:14:50,559 [INFO] sqlalchemy.engine.Engine: [generated in 0.00014s (insertmanyvalues) 1/1 (ordered)] ('b7c90ea7ad054fa0a6d8aca73fe66ec5', '8ad45d6c4e704b9288847500f2973209', '林默', '男', 25, '{"hair": "Messy short black hair, unkempt and slightly overgrown, with strands sticking out in different directions.", "body": "Thin and lanky, aroun ... (125 characters truncated) ... ue jeans, and scuffed white sneakers; black-rimmed glasses.", "face": "Pale sallow face, heavy dark circles under the eyes, tired but intense gaze."}', '{"\\u6027\\u683c": "\\u5185\\u5411\\u3001\\u5014\\u5f3a\\u3001\\u5584\\u826f", "\\u72b6\\u6001": "\\u5931\\u4e1a\\u5931\\u610f\\u5374\\u5bf9\\u4ee3\\u7801\\u6709\\u6267\\u5ff5"}', None, '9e80ec99894d4ad287b1e4856db41167', '8ad45d6c4e704b9288847500f2973209', '夜影', '公', None, '{"hair": "Short, sleek black fur covering the entire body, glossy in the light.", "body": "Lean and agile cat body, medium-sized, with a tail that ca ... (118 characters truncated) ... g; natural black fur only.", "face": "Golden vertical slit pupils, sharp and contemptuous expression, left ear has a visible notch; sleek whiskers."}', '{"\\u6027\\u683c": "\\u6bd2\\u820c\\u3001\\u50b2\\u5a07\\u3001\\u5fe0\\u8bda", "\\u53e3\\u5934\\u7985": "\\u51e1\\u4eba\\uff0c\\u522b\\u62d6\\u540e\\u817f\\u3002", "\\u7269\\u79cd": "\\u9ed1\\u732b"}', None, '6fee4fb3e1974ff9b89cfa1a23e6b11a', '8ad45d6c4e704b9288847500f2973209', '小雨', '女', 18, '{"hair": "Long dark hair tied into a neat high ponytail, with a few loose strands framing her face.", "body": "Slender and graceful, about 160cm tall ... (147 characters truncated) ... ry on the hem; no heavy accessories.", "face": "Soft, gentle face with warm eyes; after awakening, her pupils turn into shimmering starlight color."}', '{"\\u6027\\u683c": "\\u6e29\\u67d4\\u575a\\u5f3a\\uff0c\\u5076\\u5c14\\u5192\\u5931", "\\u8eab\\u4efd": "\\u5f02\\u4e16\\u754c\\u661f\\u4e4b\\u5b88\\u62a4\\u8005/\\u516c\\u4e3b"}', None, '63a36974d0ab4674b1d4a9eb3ffbd36d', '8ad45d6c4e704b9288847500f2973209', '暗影之首', '未知', None, '{"hair": "No hair; the entire form is a swirling, conscious black mist.", "body": "Amorphous; can condense into a tall humanoid silhouette with no so ... (179 characters truncated) ... g cloak around the figure.", "face": "No visible mouth or nose; two narrow, elongated scarlet eyes glow from within the darkness, radiating malice."}', '{"\\u6027\\u683c": "\\u9634\\u9669\\u3001\\u50b2\\u6162\\u3001\\u504f\\u6267", "\\u76ee\\u6807": "\\u541e\\u566c\\u4e16\\u754c\\uff0c\\u6253\\u901a\\u4e24\\u754c\\u901a\\u9053"}', None)
2026-08-30 01:14:50,559 [DEBUG] aiosqlite: executing functools.partial(<built-in method cursor of sqlite3.Connection object at 0x0000018C4DB594E0>)
2026-08-30 01:14:50,559 [DEBUG] aiosqlite: operation functools.partial(<built-in method cursor of sqlite3.Connection object at 0x0000018C4DB594E0>) completed
2026-08-30 01:14:50,559 [DEBUG] aiosqlite: executing functools.partial(<built-in method execute of sqlite3.Cursor object at 0x0000018C4D56AF40>, 'INSERT INTO character (id, story_id, name, gender, age, appearance, personality, avatar_url) VALUES (?, ?, ?, ?, ?, ?, ?, ?), (?, ?, ?, ?, ?, ?, ?, ?), (?, ?, ?, ?, ?, ?, ?, ?), (?, ?, ?, ?, ?, ?, ?, ?) RETURNING created_at, updated_at, id', ('b7c90ea7ad054fa0a6d8aca73fe66ec5', '8ad45d6c4e704b9288847500f2973209', '林默', '男', 25, '{"hair": "Messy short black hair, unkempt and slightly overgrown, with strands sticking out in different directions.", "body": "Thin and lanky, around 175cm, slightly hunched posture; appears tired and underweight.", "cloth": "Worn plaid shirt over a plain T-shirt, loose blue jeans, and scuffed white sneakers; black-rimmed glasses.", "face": "Pale sallow face, heavy dark circles under the eyes, tired but intense gaze."}', '{"\\u6027\\u683c": "\\u5185\\u5411\\u3001\\u5014\\u5f3a\\u3001\\u5584\\u826f", "\\u72b6\\u6001": "\\u5931\\u4e1a\\u5931\\u610f\\u5374\\u5bf9\\u4ee3\\u7801\\u6709\\u6267\\u5ff5"}', None, '9e80ec99894d4ad287b1e4856db41167', '8ad45d6c4e704b9288847500f2973209', '夜影', '公', None, '{"hair": "Short, sleek black fur covering the entire body, glossy in the light.", "body": "Lean and agile cat body, medium-sized, with a tail that can transform into a golden light chain; when burning life, golden flames envelop the whole form.", "cloth": "No clothing; natural black fur only.", "face": "Golden vertical slit pupils, sharp and contemptuous expression, left ear has a visible notch; sleek whiskers."}', '{"\\u6027\\u683c": "\\u6bd2\\u820c\\u3001\\u50b2\\u5a07\\u3001\\u5fe0\\u8bda", "\\u53e3\\u5934\\u7985": "\\u51e1\\u4eba\\uff0c\\u522b\\u62d6\\u540e\\u817f\\u3002", "\\u7269\\u79cd": "\\u9ed1\\u732b"}', None, '6fee4fb3e1974ff9b89cfa1a23e6b11a', '8ad45d6c4e704b9288847500f2973209', '小雨', '女', 18, '{"hair": "Long dark hair tied into a neat high ponytail, with a few loose strands framing her face.", "body": "Slender and graceful, about 160cm tall; a small glowing star-shaped mark appears on her wrist.", "cloth": "A simple white dress that falls to her knees, with faint star-pattern embroidery on the hem; no heavy accessories.", "face": "Soft, gentle face with warm eyes; after awakening, her pupils turn into shimmering starlight color."}', '{"\\u6027\\u683c": "\\u6e29\\u67d4\\u575a\\u5f3a\\uff0c\\u5076\\u5c14\\u5192\\u5931", "\\u8eab\\u4efd": "\\u5f02\\u4e16\\u754c\\u661f\\u4e4b\\u5b88\\u62a4\\u8005/\\u516c\\u4e3b"}', None, '63a36974d0ab4674b1d4a9eb3ffbd36d', '8ad45d6c4e704b9288847500f2973209', '暗影之首', '未知', None, '{"hair": "No hair; the entire form is a swirling, conscious black mist.", "body": "Amorphous; can condense into a tall humanoid silhouette with no solid mass, or attach to electronic devices; height and build are unstable, shifting like smoke.", "cloth": "No clothes; instead, dark mist and shadow fragments form an ever-shifting cloak around the figure.", "face": "No visible mouth or nose; two narrow, elongated scarlet eyes glow from within the darkness, radiating malice."}', '{"\\u6027\\u683c": "\\u9634\\u9669\\u3001\\u50b2\\u6162\\u3001\\u504f\\u6267", "\\u76ee\\u6807": "\\u541e\\u566c\\u4e16\\u754c\\uff0c\\u6253\\u901a\\u4e24\\u754c\\u901a\\u9053"}', None))
2026-08-30 01:14:50,559 [DEBUG] aiosqlite: operation functools.partial(<built-in method execute of sqlite3.Cursor object at 0x0000018C4D56AF40>, 'INSERT INTO character (id, story_id, name, gender, age, appearance, personality, avatar_url) VALUES (?, ?, ?, ?, ?, ?, ?, ?), (?, ?, ?, ?, ?, ?, ?, ?), (?, ?, ?, ?, ?, ?, ?, ?), (?, ?, ?, ?, ?, ?, ?, ?) RETURNING created_at, updated_at, id', ('b7c90ea7ad054fa0a6d8aca73fe66ec5', '8ad45d6c4e704b9288847500f2973209', '林默', '男', 25, '{"hair": "Messy short black hair, unkempt and slightly overgrown, with strands sticking out in different directions.", "body": "Thin and lanky, around 175cm, slightly hunched posture; appears tired and underweight.", "cloth": "Worn plaid shirt over a plain T-shirt, loose blue jeans, and scuffed white sneakers; black-rimmed glasses.", "face": "Pale sallow face, heavy dark circles under the eyes, tired but intense gaze."}', '{"\\u6027\\u683c": "\\u5185\\u5411\\u3001\\u5014\\u5f3a\\u3001\\u5584\\u826f", "\\u72b6\\u6001": "\\u5931\\u4e1a\\u5931\\u610f\\u5374\\u5bf9\\u4ee3\\u7801\\u6709\\u6267\\u5ff5"}', None, '9e80ec99894d4ad287b1e4856db41167', '8ad45d6c4e704b9288847500f2973209', '夜影', '公', None, '{"hair": "Short, sleek black fur covering the entire body, glossy in the light.", "body": "Lean and agile cat body, medium-sized, with a tail that can transform into a golden light chain; when burning life, golden flames envelop the whole form.", "cloth": "No clothing; natural black fur only.", "face": "Golden vertical slit pupils, sharp and contemptuous expression, left ear has a visible notch; sleek whiskers."}', '{"\\u6027\\u683c": "\\u6bd2\\u820c\\u3001\\u50b2\\u5a07\\u3001\\u5fe0\\u8bda", "\\u53e3\\u5934\\u7985": "\\u51e1\\u4eba\\uff0c\\u522b\\u62d6\\u540e\\u817f\\u3002", "\\u7269\\u79cd": "\\u9ed1\\u732b"}', None, '6fee4fb3e1974ff9b89cfa1a23e6b11a', '8ad45d6c4e704b9288847500f2973209', '小雨', '女', 18, '{"hair": "Long dark hair tied into a neat high ponytail, with a few loose strands framing her face.", "body": "Slender and graceful, about 160cm tall; a small glowing star-shaped mark appears on her wrist.", "cloth": "A simple white dress that falls to her knees, with faint star-pattern embroidery on the hem; no heavy accessories.", "face": "Soft, gentle face with warm eyes; after awakening, her pupils turn into shimmering starlight color."}', '{"\\u6027\\u683c": "\\u6e29\\u67d4\\u575a\\u5f3a\\uff0c\\u5076\\u5c14\\u5192\\u5931", "\\u8eab\\u4efd": "\\u5f02\\u4e16\\u754c\\u661f\\u4e4b\\u5b88\\u62a4\\u8005/\\u516c\\u4e3b"}', None, '63a36974d0ab4674b1d4a9eb3ffbd36d', '8ad45d6c4e704b9288847500f2973209', '暗影之首', '未知', None, '{"hair": "No hair; the entire form is a swirling, conscious black mist.", "body": "Amorphous; can condense into a tall humanoid silhouette with no solid mass, or attach to electronic devices; height and build are unstable, shifting like smoke.", "cloth": "No clothes; instead, dark mist and shadow fragments form an ever-shifting cloak around the figure.", "face": "No visible mouth or nose; two narrow, elongated scarlet eyes glow from within the darkness, radiating malice."}', '{"\\u6027\\u683c": "\\u9634\\u9669\\u3001\\u50b2\\u6162\\u3001\\u504f\\u6267", "\\u76ee\\u6807": "\\u541e\\u566c\\u4e16\\u754c\\uff0c\\u6253\\u901a\\u4e24\\u754c\\u901a\\u9053"}', None)) completed
2026-08-30 01:14:50,559 [DEBUG] aiosqlite: executing functools.partial(<built-in method fetchall of sqlite3.Cursor object at 0x0000018C4D56AF40>)
2026-08-30 01:14:50,559 [DEBUG] aiosqlite: operation functools.partial(<built-in method fetchall of sqlite3.Cursor object at 0x0000018C4D56AF40>) completed
2026-08-30 01:14:50,559 [DEBUG] aiosqlite: executing functools.partial(<built-in method close of sqlite3.Cursor object at 0x0000018C4D56AF40>)
2026-08-30 01:14:50,559 [DEBUG] aiosqlite: operation functools.partial(<built-in method close of sqlite3.Cursor object at 0x0000018C4D56AF40>) completed
2026-08-30 01:14:50,559 [INFO] sqlalchemy.engine.Engine: COMMIT
2026-08-30 01:14:50,559 [DEBUG] aiosqlite: executing functools.partial(<built-in method commit of sqlite3.Connection object at 0x0000018C4DB594E0>)
2026-08-30 01:14:50,559 [DEBUG] aiosqlite: operation functools.partial(<built-in method commit of sqlite3.Connection object at 0x0000018C4DB594E0>) completed
2026-08-30 01:14:50,559 [DEBUG] aiosqlite: executing functools.partial(<built-in method rollback of sqlite3.Connection object at 0x0000018C4DB594E0>)
2026-08-30 01:14:50,559 [DEBUG] aiosqlite: operation functools.partial(<built-in method rollback of sqlite3.Connection object at 0x0000018C4DB594E0>) completed
2026-08-30 01:14:50,559 [DEBUG] aiosqlite: executing functools.partial(<built-in method close of sqlite3.Connection object at 0x0000018C4DB594E0>)
2026-08-30 01:14:50,559 [DEBUG] aiosqlite: operation functools.partial(<built-in method close of sqlite3.Connection object at 0x0000018C4DB594E0>) completed
2026-08-30 01:14:50,559 [INFO] tasks.runner: Persisted 4 characters for story 8ad45d6c-4e70-4b92-8884-7500f2973209
2026-08-30 01:14:50,559 [DEBUG] aiosqlite: executing <function connect.<locals>.connector at 0x0000018C4D5B99E0>
2026-08-30 01:14:50,559 [DEBUG] aiosqlite: operation <function connect.<locals>.connector at 0x0000018C4D5B99E0> completed
2026-08-30 01:14:50,559 [DEBUG] aiosqlite: executing functools.partial(<built-in method create_function of sqlite3.Connection object at 0x0000018C4DB59300>, 'regexp', 2, <function SQLiteDialect_pysqlite.on_connect.<locals>.regexp at 0x0000018C4AFFA660>, deterministic=True)
2026-08-30 01:14:50,559 [DEBUG] aiosqlite: operation functools.partial(<built-in method create_function of sqlite3.Connection object at 0x0000018C4DB59300>, 'regexp', 2, <function SQLiteDialect_pysqlite.on_connect.<locals>.regexp at 0x0000018C4AFFA660>, deterministic=True) completed
2026-08-30 01:14:50,559 [DEBUG] aiosqlite: executing functools.partial(<built-in method create_function of sqlite3.Connection object at 0x0000018C4DB59300>, 'floor', 1, <built-in function floor>, deterministic=True)
2026-08-30 01:14:50,559 [DEBUG] aiosqlite: operation functools.partial(<built-in method create_function of sqlite3.Connection object at 0x0000018C4DB59300>, 'floor', 1, <built-in function floor>, deterministic=True) completed
2026-08-30 01:14:50,559 [INFO] sqlalchemy.engine.Engine: BEGIN (implicit)
2026-08-30 01:14:50,559 [INFO] sqlalchemy.engine.Engine: DELETE FROM scene WHERE scene.story_id = ?
2026-08-30 01:14:50,559 [INFO] sqlalchemy.engine.Engine: [generated in 0.00025s] ('8ad45d6c4e704b9288847500f2973209',)
2026-08-30 01:14:50,559 [DEBUG] aiosqlite: executing functools.partial(<built-in method cursor of sqlite3.Connection object at 0x0000018C4DB59300>)
2026-08-30 01:14:50,559 [DEBUG] aiosqlite: operation functools.partial(<built-in method cursor of sqlite3.Connection object at 0x0000018C4DB59300>) completed
2026-08-30 01:14:50,559 [DEBUG] aiosqlite: executing functools.partial(<built-in method execute of sqlite3.Cursor object at 0x0000018C4DA79CC0>, 'DELETE FROM scene WHERE scene.story_id = ?', ('8ad45d6c4e704b9288847500f2973209',))
2026-08-30 01:14:50,559 [DEBUG] aiosqlite: operation functools.partial(<built-in method execute of sqlite3.Cursor object at 0x0000018C4DA79CC0>, 'DELETE FROM scene WHERE scene.story_id = ?', ('8ad45d6c4e704b9288847500f2973209',)) completed
2026-08-30 01:14:50,559 [DEBUG] aiosqlite: executing functools.partial(<built-in method close of sqlite3.Cursor object at 0x0000018C4DA79CC0>)
2026-08-30 01:14:50,559 [DEBUG] aiosqlite: operation functools.partial(<built-in method close of sqlite3.Cursor object at 0x0000018C4DA79CC0>) completed
2026-08-30 01:14:50,577 [INFO] sqlalchemy.engine.Engine: INSERT INTO scene (id, story_id, episode_id, scene_no, prompt, camera, duration, dialogue, image_url, audio_url) VALUES (?, ?, ?, ?, ?, ?, ?, ?, ?, ?), (?, ?, ?, ?, ?, ?, ?, ?, ?, ?), (?, ?, ?, ?, ?, ?, ?, ?, ?, ?), (?, ?, ?, ?, ?, ?, ?, ?, ?, ?), (? ... 1405 characters truncated ...  (?, ?, ?, ?, ?, ?, ?, ?, ?, ?), (?, ?, ?, ?, ?, ?, ?, ?, ?, ?) RETURNING created_at, updated_at, id
2026-08-30 01:14:50,577 [INFO] sqlalchemy.engine.Engine: [generated in 0.00025s (insertmanyvalues) 1/1 (ordered)] ('13137509ab974078bcaa6f0010da6100', '8ad45d6c4e704b9288847500f2973209', None, 1, 'anime style, wide shot, rainy night city street, wet asphalt reflecting dim streetlights, a lone thin man walking in the rain, Lin Mo (messy short bl ... (346 characters truncated) ... lothes, rain droplets on his glasses, lonely desaturated blue-gray color palette, cinematic rain atmosphere, melancholic mood, high quality, detailed', '远景', 5, '林默：连猫都比我强，至少还有地方躲雨。', None, None, 'ee20cdff5f574c3789619b2cb1fc974a', '8ad45d6c4e704b9288847500f2973209', None, 2, "anime style, medium close-up shot, rainy night alley corner, a wet cardboard box tucked against brick wall, a black cat inside (short sleek glossy bl ... (321 characters truncated) ... ut gently, distant streetlamp casting warm glow on the cat's golden eyes, cold blue rain surroundings, shallow depth of field, high quality, detailed", '近景', 4, '林默：别怕，我带你回家。', None, None, '662d91ebdde84fd2b34cd1e1edfe464d', '8ad45d6c4e704b9288847500f2973209', None, 3, 'anime style, close-up shot, rainy night alley, black cat (short sleek glossy black fur, golden vertical slit pupils, sharp contemptuous expression, v ... (313 characters truncated) ... rms bracing behind him, rain streaks visible in the air between them, dramatic rain-soaked lighting, tense surreal atmosphere, high quality, detailed', '近景', 5, '夜影：别废话，后面有追兵，快走！ / 林默：猫……猫说话了？！', None, None, '262c00d7585a447389382b990d30dc2d', '8ad45d6c4e704b9288847500f2973209', None, 4, 'anime style, medium shot, night city street, street lamps flickering and going dark one by one, a swirling mass of conscious black mist surging from  ... (402 characters truncated) ... s) frozen in fear behind the cat, dramatic contrast between fading streetlights and rising gold glow, high-tension atmosphere, high quality, detailed', '中景', 5, '夜影：我是异世界守护者夜影。没时间解释，你已经被盯上了。', None, None, '98febe3ee5e54729826337d6c053da1d', '8ad45d6c4e704b9288847500f2973209', None, 5, "anime style, medium dynamic action shot, rainy night street, black cat (sleek glossy black fur, golden vertical slit pupils, left ear notch) leaping  ... (362 characters truncated) ... eyes looming in the background, dramatic high-contrast lighting, rain streaks frozen in motion, action-packed cinematic frame, high quality, detailed", '中景', 4, '夜影：凡人……愣着干什么？跑！', None, None ... 400 parameters truncated ... '30c298ea7ee24704a0d6a247d474dfc8', '8ad45d6c4e704b9288847500f2973209', None, 46, 'anime style, wide shot, a chaotic bedroom, a black cat with golden flames engulfing its body leaps off a desk toward a computer monitor, transforming ... (147 characters truncated) ... n a white dress shielding their eyes in the background, papers and debris flying, contrast of black shadows and dazzling gold, high quality, detailed', '全景', 5, '', None, None, 'b22630e1dfff44e1ba0e77aeec2a9232', '8ad45d6c4e704b9288847500f2973209', None, 47, 'anime style, medium shot, aftermath in a dim rental room, shattered computer screen on the desk with smoke rising, a young woman in a white dress wit ... (142 characters truncated) ... at hair in his fingers, his eyes red and wet, a single black hair on the wooden table, gray melancholic light from the window, high quality, detailed', '中景', 6, '谢谢你，夜影。', None, None, '44d6409f7d1f4238a9be8d568ad078c9', '8ad45d6c4e704b9288847500f2973209', None, 48, 'anime style, wide shot, a bright game launch event venue, large stage screen displaying the key art of Rainy Night Cat with a black cat silhouette un ... (264 characters truncated) ... ttern embroidery applauds, her wrist star mark glowing faintly, audience silhouettes and stage lights, celebratory atmosphere, high quality, detailed', '全景', 6, '这个游戏，献给一只会说话的猫，和一个教会我勇敢的公主。', None, None, '7e5d3e37e607477391ca70c39d589910', '8ad45d6c4e704b9288847500f2973209', None, 49, 'anime style, medium shot, a large projection screen at a game launch event showing an animated rainy street at night, a sleek black cat with golden v ... (128 characters truncated) ... ecting on wet pavement, raindrops flying, in the foreground blurred silhouettes of an audience laughing, vibrant night colors, high quality, detailed', '中景', 5, '凡人，这个BUG你永远改不完。', None, None, 'f756dd0f863d47ae94385f805da4e8b5', '8ad45d6c4e704b9288847500f2973209', None, 50, 'anime style, medium shot, late night office, a single warm desk lamp glowing, rain streaking down the window, Lin Mo, with messy short black hair and ... (113 characters truncated) ... eak flashing across the dark rainy sky, his eyes determined and hopeful, cool blue night tones contrasted with warm lamplight, high quality, detailed', '中景', 5, '等着我，我去找你。', None, None)
2026-08-30 01:14:50,578 [DEBUG] aiosqlite: executing functools.partial(<built-in method cursor of sqlite3.Connection object at 0x0000018C4DB59300>)
2026-08-30 01:14:50,578 [DEBUG] aiosqlite: operation functools.partial(<built-in method cursor of sqlite3.Connection object at 0x0000018C4DB59300>) completed
2026-08-30 01:14:50,578 [DEBUG] aiosqlite: executing functools.partial(<built-in method execute of sqlite3.Cursor object at 0x0000018C4DA6D8C0>, 'INSERT INTO scene (id, story_id, episode_id, scene_no, prompt, camera, duration, dialogue, image_url, audio_url) VALUES (?, ?, ?, ?, ?, ?, ?, ?, ?, ?), (?, ?, ?, ?, ?, ?, ?, ?, ?, ?), (?, ?, ?, ?, ?, ?, ?, ?, ?, ?), (?, ?, ?, ?, ?, ?, ?, ?, ?, ?), (?, ?, ?, ?, ?, ?, ?, ?, ?, ?), (?, ?, ?, ?, ?, ?, ?, ?, ?, ?), (?, ?, ?, ?, ?, ?, ?, ?, ?, ?), (?, ?, ?, ?, ?, ?, ?, ?, ?, ?), (?, ?, ?, ?, ?, ?, ?, ?, ?, ?), (?, ?, ?, ?, ?, ?, ?, ?, ?, ?), (?, ?, ?, ?, ?, ?, ?, ?, ?, ?), (?, ?, ?, ?, ?, ?, ?, ?, ?, ?), (?, ?, ?, ?, ?, ?, ?, ?, ?, ?), (?, ?, ?, ?, ?, ?, ?, ?, ?, ?), (?, ?, ?, ?, ?, ?, ?, ?, ?, ?), (?, ?, ?, ?, ?, ?, ?, ?, ?, ?), (?, ?, ?, ?, ?, ?, ?, ?, ?, ?), (?, ?, ?, ?, ?, ?, ?, ?, ?, ?), (?, ?, ?, ?, ?, ?, ?, ?, ?, ?), (?, ?, ?, ?, ?, ?, ?, ?, ?, ?), (?, ?, ?, ?, ?, ?, ?, ?, ?, ?), (?, ?, ?, ?, ?, ?, ?, ?, ?, ?), (?, ?, ?, ?, ?, ?, ?, ?, ?, ?), (?, ?, ?, ?, ?, ?, ?, ?, ?, ?), (?, ?, ?, ?, ?, ?, ?, ?, ?, ?), (?, ?, ?, ?, ?, ?, ?, ?, ?, ?), (?, ?, ?, ?, ?, ?, ?, ?, ?, ?), (?, ?, ?, ?, ?, ?, ?, ?, ?, ?), (?, ?, ?, ?, ?, ?, ?, ?, ?, ?), (?, ?, ?, ?, ?, ?, ?, ?, ?, ?), (?, ?, ?, ?, ?, ?, ?, ?, ?, ?), (?, ?, ?, ?, ?, ?, ?, ?, ?, ?), (?, ?, ?, ?, ?, ?, ?, ?, ?, ?), (?, ?, ?, ?, ?, ?, ?, ?, ?, ?), (?, ?, ?, ?, ?, ?, ?, ?, ?, ?), (?, ?, ?, ?, ?, ?, ?, ?, ?, ?), (?, ?, ?, ?, ?, ?, ?, ?, ?, ?), (?, ?, ?, ?, ?, ?, ?, ?, ?, ?), (?, ?, ?, ?, ?, ?, ?, ?, ?, ?), (?, ?, ?, ?, ?, ?, ?, ?, ?, ?), (?, ?, ?, ?, ?, ?, ?, ?, ?, ?), (?, ?, ?, ?, ?, ?, ?, ?, ?, ?), (?, ?, ?, ?, ?, ?, ?, ?, ?, ?), (?, ?, ?, ?, ?, ?, ?, ?, ?, ?), (?, ?, ?, ?, ?, ?, ?, ?, ?, ?), (?, ?, ?, ?, ?, ?, ?, ?, ?, ?), (?, ?, ?, ?, ?, ?, ?, ?, ?, ?), (?, ?, ?, ?, ?, ?, ?, ?, ?, ?), (?, ?, ?, ?, ?, ?, ?, ?, ?, ?), (?, ?, ?, ?, ?, ?, ?, ?, ?, ?) RETURNING created_at, updated_at, id', ('13137509ab974078bcaa6f0010da6100', '8ad45d6c4e704b9288847500f2973209', None, 1, 'anime style, wide shot, rainy night city street, wet asphalt reflecting dim streetlights, a lone thin man walking in the rain, Lin Mo (messy short black hair unkempt, pale sallow face, heavy dark circles under eyes, tired but intense gaze, thin lanky 175cm slightly hunched, wearing worn plaid shirt over plain T-shirt, loose blue jeans and scuffed white sneakers, black-rimmed glasses) holding a briefcase, staring at smartphone showing a contract termination notice, rain soaking through his clothes, rain droplets on his glasses, lonely desaturated blue-gray color palette, cinematic rain atmosphere, melancholic mood, high quality, detailed', '远景', 5, '林默：连猫都比我强，至少还有地方躲雨。', None, None, 'ee20cdff5f574c3789619b2cb1fc974a', '8ad45d6c4e704b9288847500f2973209', None, 2, "anime style, medium close-up shot, rainy night alley corner, a wet cardboard box tucked against brick wall, a black cat inside (short sleek glossy black fur, golden vertical slit pupils, sharp wary expression, visible notch on left ear, sleek whiskers, lean agile medium-sized body) curling up with a bleeding ear wound, Lin Mo (messy short black hair, pale sallow face, heavy dark circles, worn plaid shirt, black-rimmed glasses wet with rain) crouching down reaching out gently, distant streetlamp casting warm glow on the cat's golden eyes, cold blue rain surroundings, shallow depth of field, high quality, detailed", '近景', 4, '林默：别怕，我带你回家。', None, None, '662d91ebdde84fd2b34cd1e1edfe464d', '8ad45d6c4e704b9288847500f2973209', None, 3, 'anime style, close-up shot, rainy night alley, black cat (short sleek glossy black fur, golden vertical slit pupils, sharp contemptuous expression, visible notch on left ear, sleek whiskers wet with rain) opening its mouth speaking with human-like intelligence, Lin Mo (messy short black hair, pale sallow face, heavy dark circles under wide shocked eyes, black-rimmed glasses, worn wet plaid shirt) recoiling in disbelief falling backward onto the wet ground, arms bracing behind him, rain streaks visible in the air between them, dramatic rain-soaked lighting, tense surreal atmosphere, high quality, detailed', '近景', 5, '夜影：别废话，后面有追兵，快走！ / 林默：猫……猫说话了？！', None, None, '262c00d7585a447389382b990d30dc2d', '8ad45d6c4e704b9288847500f2973209', None, 4, 'anime style, medium shot, night city street, street lamps flickering and going dark one by one, a swirling mass of conscious black mist surging from down the street, two narrow elongated scarlet eyes glowing within the darkness radiating malice, black cat (short sleek glossy black fur, golden vertical slit pupils, sharp expression, visible notch on left ear) standing alert in front of Lin Mo, tail beginning to glow with faint golden light, Lin Mo (messy short black hair, pale sallow face, heavy dark circles, worn plaid shirt, black-rimmed glasses) frozen in fear behind the cat, dramatic contrast between fading streetlights and rising gold glow, high-tension atmosphere, high quality, detailed', '中景', 5, '夜影：我是异世界守护者夜影。没时间解释，你已经被盯上了。', None, None, '98febe3ee5e54729826337d6c053da1d', '8ad45d6c4e704b9288847500f2973209', None, 5, "anime style, medium dynamic action shot, rainy night street, black cat (sleek glossy black fur, golden vertical slit pupils, left ear notch) leaping through the air, tail transformed into a brilliant golden light chain striking the swirling black mist, dark mist recoiling with golden sparks scattering through the rain, but a bolt of black energy striking the cat mid-air, cat falling limp into Lin Mo's arms, golden light fading, Lin Mo's face showing shock and panic, dark swirling mist with glowing scarlet eyes looming in the background, dramatic high-contrast lighting, rain streaks frozen in motion, action-packed cinematic frame, high quality, detailed", '中景', 4, '夜影：凡人……愣着干什么？跑！', None, None, '0496b552e5a944e7982c5c86fc1f9a0c', '8ad45d6c4e704b9288847500f2973209', None, 6, "anime style, dynamic wide shot, torrential rain on empty night street, Lin Mo (messy black hair soaked flat, pale sallow face, heavy dark circles, worn wet plaid shirt clinging to body, black-rimmed glasses covered with rain) running desperately through the storm clutching a black cat (sleek black fur, golden slit pupils, left ear notch) tightly against his chest, dark swirling black mist with scarlet eyes chasing behind them in the distance, streetlight reflections on flooded pavement, motion blur and rain streaks conveying urgency, blue-black color palette with hints of golden glow from the cat's eyes, high tension chase atmosphere, high quality, detailed", '远景', 3, '', None, None, '0e01cd5fddcd439691cdaae2909202f7', '8ad45d6c4e704b9288847500f2973209', None, 7, 'anime style, medium shot, dimly lit small apartment at night, simple worn furniture and scattered belongings, Lin Mo standing soaking wet beside an old wooden table, black cat (short sleek glossy black fur, golden vertical slit pupils, sharp tired expression, visible notch on left ear) curled on the table with blood seeping from its wound, warm yellow desk lamp casting cozy light against the cold rain visible through the window, wet footprints on the floor, intimate but tense atmosphere, high quality, detailed', '中景', 5, '夜影：多谢。但麻烦刚开始，你沾了我的气息，暗影不会放过你。 / 林默：什么意思？你先讲清楚！ / 夜影：五块星辰碎片散落人间，暗影之首想集齐它们打开两界通道。我必须阻止它，而你……', None, None, '05f098673c1a43f6b4635b87a53c1174', '8ad45d6c4e704b9288847500f2973209', None, 8, 'anime style, extreme close-up shot, Lin Mo standing before a small mirror in a dim apartment, removing his black-rimmed glasses, revealing his left eye pupil glowing with subtle golden patterns swirling within, pale tired face reflected in the mirror, messy wet black hair dripping water, single desk lamp casting dramatic side lighting, dark shadows enclosing the frame, mystical golden light emanating from the eye, eerie and awe-inducing atmosphere, high quality, detailed', '特写', 4, '夜影：你的左眼，现在能看到常人不该看到的东西了吧？ / 林默：这是什么？！', None, None, '3564cccfbd1a4bd69920bc13531eee6f', '8ad45d6c4e704b9288847500f2973209', None, 9, 'anime style, medium close-up shot, dim apartment interior, black cat (short sleek glossy black fur, golden vertical slit pupils, sharp and contemptuous expression, visible notch on left ear, sleek whiskers) sitting upright on wooden table, gazing at Lin Mo with piercing calm golden eyes, Lin Mo (messy short black hair, pale sallow face, heavy dark circles, worn plaid shirt, black-rimmed glasses) standing with conflicted vulnerable expression, warm lamp light casting long shadows on the wall, rain pattering against the window in the background, quiet serious contemplative atmosphere, high quality, detailed', '近景', 5, '夜影：你是这个世界的“锚点”，也是唯一能帮我的人。 / 林默：我凭什么信你？ / 夜影：因为你已经无路可走，而我，能给你一个方向。', None, None, '11e9ce7c9c0e4f72a010ef1936b8f926', '8ad45d6c4e704b9288847500f2973209', None, 10, 'anime style, high angle shot from inside the apartment looking at a rain-streaked window, a swirling mass of black mist creeping up the outside of the glass, slowly forming a twisted distorted face, two narrow elongated scarlet eyes glowing menacingly through the window, rain streaming down the pane, Lin Mo seen from behind turning toward the window in alarm, black cat on the table with golden eyes wide and alert, tail beginning to glow, cold blue exterior light contrasting with warm interior lamp, horror suspense final beat, high quality, detailed', '特写', 3, '夜影：来了。', None, None, '8f67ff1040b5412ca654481332ae9f0a', '8ad45d6c4e704b9288847500f2973209', None, 11, "anime style, medium shot, in Lin Mo's bedroom at dawn, Lin Mo sits on the edge of the bed, a black cat perches on the windowsill, morning light shines on the cat's golden eyes, Lin Mo looking confused, messy short black hair, unkempt and slightly overgrown, strands sticking out, pale sallow face with heavy dark circles, tired but intense gaze, thin and lanky, wearing worn plaid shirt over plain T-shirt, loose blue jeans, scuffed white sneakers, black-rimmed glasses, the black cat Ye Ying with short sleek black fur, glossy in light, golden vertical slit pupils, left ear with visible notch, sleek whiskers, warm sunlight casting long shadows, high quality, detailed", '中景', 5, '星辰碎片共有五块。我感应到其中一块在城东的旧图书馆。', None, None, '36ecc914111242c1ad1d4defaa2376e7', '8ad45d6c4e704b9288847500f2973209', None, 12, "anime style, close-up of Lin Mo's frustrated face as he rubs his hair, messy short black hair sticking out in different directions, pale sallow face, heavy dark circles under the eyes, tired but intense gaze, black-rimmed glasses, worn plaid shirt visible, bedroom background softly blurred, morning side light, high quality, detailed", '近景', 4, '我为什么要帮你？这对我来说太离谱了。', None, None, '1a52c6899b9b4aa2b23ed3bde26c33c5', '8ad45d6c4e704b9288847500f2973209', None, 13, "anime style, extreme close-up of the black cat Ye Ying's eyes and face, short sleek black fur covering entire body, glossy in light, golden vertical slit pupils, sharp and contemptuous expression, left ear with visible notch, sleek whiskers, dark background with soft morning glow reflecting in the eyes, high quality, detailed", '特写', 5, '因为你的左眼已经能看到灵流，暗影也会循迹而来。逃不掉的，只能战斗。', None, None, 'bdc747b12d7b4366ac1cf4aa6dfe7cec', '8ad45d6c4e704b9288847500f2973209', None, 14, 'anime style, medium shot of Lin Mo sitting on the bed looking helpless, black cat Ye Ying stands on the windowsill, Lin Mo has messy short black hair, pale sallow face, heavy dark circles, wearing worn plaid shirt over plain T-shirt, loose blue jeans, black-rimmed glasses, Ye Ying has short sleek black fur, golden vertical slit pupils, left ear notch, morning light fills the room, high quality, detailed', '中景', 6, '程序员正好——碎片的封印是古代符文写成的，和代码逻辑相通。……凡人，别看不起自己。走。', None, None, '6e23e5dab7684379a5a7cfdc6527acf9', '8ad45d6c4e704b9288847500f2973209', None, 15, 'anime style, wide shot of an abandoned bus station in the east of the city at noon, Lin Mo and the black cat Ye Ying stand on the platform, Lin Mo with messy short black hair, pale sallow face, dark circles, wearing worn plaid shirt over plain T-shirt, loose blue jeans, scuffed white sneakers, black-rimged glasses, Ye Ying a lean black cat with short sleek black fur, golden eyes, debris and overgrown weeds around, harsh sunlight, long shadows, high quality, detailed', '远景', 4, '', None, None, '5838ceeba6cd483498fbe6594c350c37', '8ad45d6c4e704b9288847500f2973209', None, 16, 'anime style, medium shot at the abandoned bus station, several dark shadow figures surround a girl in a white dress, Lin Mo rushes forward shouting, the girl Xiao Yu has long dark hair in a neat high ponytail with loose strands, soft gentle face, wearing a simple white dress with faint star-pattern embroidery, a small glowing star-shaped mark on her wrist, Lin Mo has messy short black hair, pale sallow face, black-rimmed glasses, worn plaid shirt, dark mist swirling around the shadows, afternoon sunlight, high quality, detailed', '中景', 5, '住手！', None, None, '77f49de755964a869a83556b5264ff4e', '8ad45d6c4e704b9288847500f2973209', None, 17, "anime style, close-up of Xiao Yu's frightened face as she warns them, long dark hair in a neat high ponytail with a few loose strands framing her face, soft gentle face with warm eyes, pupils shimmering starlight, simple white dress with faint star embroidery, small glowing star-shaped mark on wrist, dark shadows behind her, dynamic lighting, high quality, detailed", '近景', 4, '快跑！它们是被星之力引来的！', None, None, 'f3d872ca5d664638a615e1913ea990ac', '8ad45d6c4e704b9288847500f2973209', None, 18, 'anime style, medium shot in a narrow alley, Lin Mo, the black cat Ye Ying, and Xiao Yu catch their breath, Xiao Yu leaning against the wall, Lin Mo standing, Ye Ying a sleek black cat with golden vertical slit pupils and a notched left ear, Lin Mo has messy short black hair, pale sallow face, black-rimmed glasses, worn plaid shirt, Xiao Yu in a simple white dress with star-pattern embroidery, star-shaped mark glowing on her wrist, dim alley with soft light from above, high quality, detailed', '中景', 5, '谢谢你们……你们也是来找碎片的？', None, None, 'fc8b85eab545417eb3c486760eb1989e', '8ad45d6c4e704b9288847500f2973209', None, 19, 'anime style, close-up of Xiao Yu raising her wrist to show the glowing star-shaped mark, long dark hair in a neat high ponytail with loose strands, soft gentle face, warm eyes with shimmering starlight pupils, simple white dress with faint star embroidery, the star mark radiating light, background shows Lin Mo and Ye Ying listening, shallow depth of field, high quality, detailed', '近景', 6, '我叫小雨，是星之守护者的最后一人。碎片原本被我封印在体内，现在力量流失，才引来了暗影。', None, None, '201a434758f448fea99ee327b3ecd6cd', '8ad45d6c4e704b9288847500f2973209', None, 20, 'anime style, low angle shot of a tall humanoid silhouette formed by swirling conscious black mist, no hair, no visible mouth or nose, two narrow elongated scarlet eyes glowing from within the darkness radiating malice, amorphous, dark mist and shadow fragments forming an ever-shifting cloak around the figure, looming over a dark street, menacing atmosphere, deep shadows, high quality, detailed', '仰拍', 5, '找到星之守护者了……还有那只猫。这一次，你们跑不掉。', None, None, '614c8e3f994e4e35895345233183d62c', '8ad45d6c4e704b9288847500f2973209', None, 21, 'anime style, wide shot, old library underground secret room filled with dust, rusty bookshelves standing in rows, a circular stone platform at the center with a glowing crystalline star shard floating above it, Xiao Yu, a slender graceful girl with long dark hair tied in a neat high ponytail, wearing a simple white knee-length dress with faint star-pattern embroidery on the hem, stands calmly beside the platform, Ying Ying, a sleek medium-sized black cat creature with glossy short fur, golden vertical slit pupils and a notched left ear, crouches alertly on the stone floor, Lin Mo, a thin underweight young man with messy short black hair, pale sallow face, heavy dark circles under his eyes, wearing a worn plaid shirt over a plain T-shirt, loose blue jeans, scuffed white sneakers and black-rimmed glasses, looks at the shard with a tired but intense gaze, flashlight beams cutting through dusty air, cold blue lighting, mysterious atmosphere, high quality, detailed', '远景', 5, '林默：这就是星辰碎片？', None, None, '507436b9cb9c43808e2601c3740999a7', '8ad45d6c4e704b9288847500f2973209', None, 22, 'anime style, medium shot, old dim library underground room, dusty air with floating particles, circular stone platform with a glowing crystalline star shard hovering above it, Xiao Yu, a slender graceful girl with long dark hair in a neat high ponytail, wearing a simple white knee-length dress with faint star-pattern embroidery, slowly reaches her hand out toward the shard, Ying Ying, a sleek black cat creature with glossy short fur, golden vertical slit pupils and a notched left ear, raises a paw and opens his mouth in warning, Lin Mo, a thin tired young man with messy black hair, black-rimmed glasses, worn plaid shirt and loose blue jeans, watches warily from behind, flashlight lighting from the side creating deep shadows, cool blue and grey palette, tense atmosphere, high quality, detailed', '中景', 4, '夜影：小心，周围有封印。', None, None, '3892353c843246afb21cc264948131e5', '8ad45d6c4e704b9288847500f2973209', None, 23, 'anime style, close-up, Xiao Yu, a slender graceful girl with long dark hair in a neat high ponytail, wearing a simple white knee-length dress with faint star-pattern embroidery, her fingertip touching a glowing crystalline star shard, dazzling white light bursting from the point of contact, the shard dissolving into streams of stardust that merge into her palm, her wrist star-shaped mark igniting with brilliant starlight, her hair and dress hem floating in the magical surge, bright white and blue flare dominating the frame, magical awakening effect, high contrast, high quality, detailed', '近景', 4, '', None, None, '9c89f4214d99411b9317aee993202605', '8ad45d6c4e704b9288847500f2973209', None, 24, 'anime style, extreme close-up, Xiao Yu, a slender graceful girl with long dark hair in a neat high ponytail, wearing a simple white knee-length dress with faint star-pattern embroidery, her pupils transformed into shimmering starlight filled with tiny constellations, her expression calm and regal as she speaks, star-shaped wrist mark glowing radiantly, soft starlight particles floating around her face, dark blurred library background, warm ethereal glow on her face, majestic and mysterious atmosphere, high quality, detailed', '特写', 6, '小雨：我记起来了……我是星之公主，被暗影之首偷袭后，不得不把力量分成五块碎片，迷失在此界。', None, None, 'ead4743f836d4ba285432549be1e95d3', '8ad45d6c4e704b9288847500f2973209', None, 25, 'anime style, medium shot, old library underground room, Ying Ying, a sleek black cat creature with glossy short fur, golden vertical slit pupils and a notched left ear, bows his head with a remorseful expression, Xiao Yu, a slender graceful girl with long dark hair in a neat high ponytail, wearing a simple white knee-length dress with faint star-pattern embroidery, gently places her hand on his head and smiles warmly, her wrist mark glowing softly, Lin Mo, a thin young man with messy black hair and black-rimmed glasses in a worn plaid shirt, watches quietly in the background, dim blue ambient light contrasting with the warm golden glow around the two, tender and emotional atmosphere, high quality, detailed', '中景', 5, '夜影：公主殿下，属下守护不力。小雨：夜影，你做得够好了。该来的总会来。', None, None, '15081cfa51a742a4bf4db53f5255e3b6', '8ad45d6c4e704b9288847500f2973209', None, 26, 'anime style, low angle shot, old library underground room, the ground shaking and cracking, thick black mist pouring through wall cracks and converging into a towering humanoid silhouette, Shadow King, a form of pure swirling black mist with no visible face, two narrow elongated scarlet eyes glowing with malice from within the darkness, black smoke coiling like a living cloak around his unstable towering body, Xiao Yu, a slender graceful girl with a high ponytail and white star-embroidered dress, stands in a guarded stance with her wrist mark flickering, Lin Mo, a thin exhausted young man with messy black hair, black-rimmed glasses, worn plaid shirt and loose blue jeans, steps forward protectively, dramatic lighting with dark red shadows, oppressive and menacing atmosphere, high quality, detailed', '仰拍', 5, '暗影之首：公主殿下，觉醒的滋味如何？您的力量，我就收下了。', None, None, '55f3ef60ff1744138631dff28311fe43', '8ad45d6c4e704b9288847500f2973209', None, 27, 'anime style, dynamic action shot, old library underground room, Lin Mo, a thin underweight young man with messy short black hair, pale sallow face, heavy dark circles under his eyes, wearing a worn plaid shirt and black-rimmed glasses, stands protectively in front of Xiao Yu, shouting defiantly, Shadow King, a towering silhouette of swirling black mist with narrow scarlet eyes, launches a jet-black energy blast forward, Ying Ying, a sleek black cat creature with glossy short fur, golden vertical slit pupils and a notched left ear, leaps from mid-air with his tail transforming into a radiant golden light chain, intercepting the dark blast, golden and black energies exploding in mid-air, dust and debris scattered, high-speed motion lines, dramatic high-contrast lighting, intense combat atmosphere, high quality, detailed', '动作镜头', 5, '林默：你休想！', None, None, '5e4ff06b0f3c47ebbde208b42d606720', '8ad45d6c4e704b9288847500f2973209', None, 28, 'anime style, medium wide shot, old library underground room, Xiao Yu, a slender graceful girl with long dark hair in a neat high ponytail, wearing a simple white knee-length dress with faint star-pattern embroidery, her right arm thrust forward, a blazing white sphere of condensed starlight in her palm releasing a massive beam of light, the beam striking Shadow King, a towering black mist figure with blazing scarlet eyes, blasting apart his form into scattered fragments of black fog, shockwave rippling through the dusty floor, glowing star particles filling the air, the entire room illuminated in blinding white light, dynamic action climax, volumetric lighting, magic particle effects, high quality, detailed', '中景', 5, '小雨：住手！', None, None, 'c73b8729d6054dce880d71cbf164e984', '8ad45d6c4e704b9288847500f2973209', None, 29, 'anime style, close-up, Shadow King, an amorphous entity of pure swirling black mist re-forming into a tall humanoid shape, two narrow elongated scarlet eyes narrowing with cold amusement, dark mist fragments floating around his shifting form, no mouth or visible features, black smoky cloak undulating around him, old library shelves faintly visible in the dark background, deep black tones with scarlet accent lighting, ominous and chilling atmosphere, high quality, detailed', '近景', 5, '暗影之首：有趣……公主的力量越强，我越喜欢。等你们集齐所有碎片，就是通道开启之时。', None, None, 'b514205ced1848539a7a151a1058a5bc', '8ad45d6c4e704b9288847500f2973209', None, 30, 'anime style, wide shot, aftermath in a dusty old library underground room, soft light piercing through the darkness, Lin Mo, a thin exhausted young man with messy short black hair, pale face, black-rimmed glasses, wearing a worn plaid shirt and loose blue jeans, kneels down and reaches out a hand to Ying Ying, a sleek black cat creature with glossy short fur, golden vertical slit pupils and a notched left ear, helping him stand up, Xiao Yu, a slender graceful girl with long dark hair in a neat high ponytail, wearing a simple white knee-length dress with faint star-pattern embroidery, stands tall with a determined expression, her fist clenched and wrist mark glowing softly, the three forming a small circle of resolve, blue-grey environment with warm highlight on the characters, hopeful and determined atmosphere, cinematic composition, high quality, detailed', '远景', 6, '夜影：还死不了。他故意放走我们，想让我们收集碎片。小雨：所以我们现在不能坐以待毙。要赶在他前头，抢先封印所有碎片。林默：好，我们一起。', None, None, '7aa2aee1dd4442f3b5c52fe29713075c', '8ad45d6c4e704b9288847500f2973209', None, 31, 'anime style, medium shot, small dimly lit rented apartment in the evening, an old computer on a wooden desk suddenly powers on by itself, the monitor displaying endless cascading lines of green code falling like a waterfall, Lin Mo a pale thin young man with messy short black hair unkempt and sticking out in different directions, wearing a worn plaid shirt over a plain T-shirt and black-rimmed glasses, sitting startled at the desk, Xiao Yu a slender graceful young woman with long dark hair in a neat high ponytail and a simple white knee-length dress with faint star-pattern embroidery, standing nearby with wide eyes, Night Shadow a medium-sized sleek black cat with glossy short black fur and golden vertical slit pupils crouching alertly on the desk, all three staring at the screen in growing confusion, the green monitor light casting eerie shadows across their faces in the darkening room, dust particles floating in the glow, mysterious tense atmosphere, high quality, detailed', '中景', 5, '', None, None, 'f94b93506bf2431e880f0b1b2898095e', '8ad45d6c4e704b9288847500f2973209', None, 32, "anime style, close-up shot, Lin Mo's pale sallow face with heavy dark circles under his tired but intense eyes, messy short black hair unkempt and overgrown, black-rimmed glasses reflecting the rushing green code on the screen, his expression shifting from confusion to sheer horror as a deep menacing voice echoes from the computer speakers, faint black smoke beginning to curl from the old desktop computer's tower, the harsh green monitor light carving deep shadows onto his sweat-beaded forehead, the dark room pressing in from all sides, low-key lighting, suspenseful horror atmosphere, high quality, detailed", '近景', 6, '暗影之首："林默，你写下的‘门’，让我找到了出口。"\n林默："这是我三年前写的那个加密算法……当时已经删除了！"', None, None, '81b4267166ec48b0a78a1d23060dd074', '8ad45d6c4e704b9288847500f2973209', None, 33, 'anime style, wide shot, black mist surging out of the computer monitor like living shadows, swirling and coiling upward into the center of the room, beginning to condense into a vague humanoid silhouette, the environment dark with only the bright green computer screen illuminating the scene, Lin Mo recoiling in his chair with black-rimmed glasses and messy hair, Xiao Yu stepping back fearfully in her white dress with star-pattern embroidery and high ponytail, Night Shadow the sleek medium-sized black cat with glossy black fur arching his back and baring his claws, emerald and black color palette dominating, cinematic composition, ominous supernatural atmosphere, high quality, detailed', '远景', 5, '暗影之首："删除？你只是丢进了回收站。暗影的力量，可以找回一切。"', None, None, '9e875487b126462e8d84b12a47e126fb', '8ad45d6c4e704b9288847500f2973209', None, 34, 'anime style, low angle shot, the fully formed shadow creature looming in the air above them, its entire body a swirling conscious black mist, no hair no visible mouth or nose, two narrow elongated scarlet eyes glowing within the darkness radiating deep malice, dark mist and shadow fragments forming an ever-shifting cloak around its amorphous form, towering over the small apartment, Lin Mo with messy black hair and black-rimmed glasses gripping the desk in despair in his worn plaid shirt, Xiao Yu in her white knee-length dress with starlight-colored pupils looking up in fear, Night Shadow the sleek black cat with golden vertical slit pupils and a notch on his left ear standing protectively in front of them, dramatic backlighting through the window, red and black color tones, overwhelming oppressive atmosphere, high quality, detailed', '仰拍', 6, '暗影之首："夜晚降临，我将借这座‘桥’降临此界。除非你亲手毁掉通道——但那样，你的世界也会崩溃。"', None, None, '30c86cbf89cc476282affda3ffdda350', '8ad45d6c4e704b9288847500f2973209', None, 35, "anime style, medium shot, Night Shadow the medium-sized sleek black cat with short glossy black fur and golden vertical slit pupils stepping forward bravely, his sharp and contemptuous expression now resolute, left ear with a visible notch catching the light, faint golden energy beginning to gather around his body, Xiao Yu a slender graceful young woman in a white knee-length dress with star-pattern embroidery and a neat high ponytail shouting in protest, her soft gentle face set in fierce determination, Lin Mo behind them looking conflicted and helpless in his worn plaid shirt and black-rimmed glasses, the shadow creature's dark mist looming in the blurred background, warm golden energy contrasting with cold dark mist, emotional dynamic atmosphere, high quality, detailed", '中景', 5, '小雨："不行！"\n夜影："还有一个办法。用我的守护之心作燃料，将通道永远封印。"', None, None, '47096a75d3f541f2a6e24ae9c427214b', '8ad45d6c4e704b9288847500f2973209', None, 36, "anime style, close-up shot, Xiao Yu a slender graceful young woman with long dark hair in a neat high ponytail with loose strands framing her face, tears welling up in her shimmering starlight-colored pupils, soft gentle face filled with anguish, Night Shadow the sleek black cat with short glossy black fur lifting his head to look up at her with gentle golden eyes, left ear with visible notch twitching, golden flames beginning to flicker faintly around the cat's entire body as he speaks softly, Lin Mo blurred in the background with a desperate expression, warm golden side lighting illuminating the cat while cooler blue tones fall on Xiao Yu, heartbreaking emotional atmosphere, cinematic bokeh, high quality, detailed", '近景', 7, '小雨："你会死的！"\n夜影："公主，我答应过陪你千年。可这一次，请让我任性一回。"', None, None, 'e31d1191fa3048ed894ec46eaffa6b16', '8ad45d6c4e704b9288847500f2973209', None, 37, "anime style, medium shot, Lin Mo a thin lanky programmer with messy short black hair unkempt and slightly overgrown, black-rimmed glasses and heavy dark circles under his tired but intense eyes, wearing a worn plaid shirt over a plain T-shirt, slamming his hands onto the keyboard with sudden fierce determination, sitting down firmly and typing rapidly at lightning speed, the computer screen casting bright green code light across his pale sallow face, Xiao Yu and Night Shadow watching him from behind with cautious hope, the shadow creature's dark mist pulling back slightly, mixed lighting of green monitor glow and warm room lamp, urgent action atmosphere, high quality, detailed", '中景', 5, '林默："不——一定有别的办法！"', None, None, 'aa6c566b7e944c51b7575263be75320a', '8ad45d6c4e704b9288847500f2973209', None, 38, "anime style, extreme close-up, the glowing computer monitor filled with lines of green code, a cursor blinking at the end of the final line, a close-up view of the keyboard with fingers pausing after typing the backdoor comment //if rain { cat.open(); }, the green text on the dark screen dominating the frame, Lin Mo's determined face faintly reflected in the glossy screen, his black-rimmed glasses and messy black hair visible at the bottom edge of the frame, electric green and black color palette, tense technological atmosphere, sharp crisp details, high quality, detailed", '特写', 5, '林默："你不是很熟我的代码吗？但你别忘了，我是作者。我给自己留了一扇后门。"', None, None, '481e77ad1f884c2391eaec5ed2bcf82d', '8ad45d6c4e704b9288847500f2973209', None, 39, 'anime style, medium shot, Night Shadow the sleek medium-sized black cat with short glossy black fur and golden vertical slit pupils staring at the screen with sharp amusement, a wry knowing look in his feline eyes, left ear with visible notch catching the light, Lin Mo at the desk with a tired but confident smirk on his pale sallow face, messy black hair and black-rimmed glasses reflecting the screen glow, his fingers still resting on the keyboard, Xiao Yu standing behind them with tear-streaked face and shimmering starlight-colored pupils showing faint hope, the monitor still glowing with code behind them, warm golden energy mixing with cool green light, hopeful yet tense atmosphere, high quality, detailed', '中景', 8, '夜影："凡人，你还真会玩。"\n林默："明日午时，我让这扇门变形。你就有机会趁虚而入，把它封死。"\n夜影："你确定能成功？"', None, None, '6ce3781b83e94a60a74b8a26a1904ef2', '8ad45d6c4e704b9288847500f2973209', None, 40, 'anime style, close-up shot, Lin Mo raising his head with a small determined smile despite the dark circles under his eyes, messy short black hair and black-rimmed glasses slightly askew, quiet confidence in his tired intense gaze as he speaks, Xiao Yu behind him with tears silently streaming down her gentle face, her starlight shimmering pupils glowing softly, one hand covering her lips as she watches him, Night Shadow the sleek black cat sitting beside them with calm golden flames beginning to surround his body, the first rays of morning sunlight breaking through the window and mixing with the fading darkness, cinematic emotional climax, golden hour lighting, high quality, detailed', '近景', 6, '林默："我是程序员，我从不写必死代码。"', None, None, '7de74ec4288c43019e454ea62c210b75', '8ad45d6c4e704b9288847500f2973209', None, 41, 'anime style, medium shot, a dimly lit rental room at noon with strangely darkened sky outside the window, Lin Mo, a thin pale young man with messy short black hair, heavy dark circles under his eyes, black-rimmed glasses, wearing a worn plaid shirt over a plain T-shirt, sits at a computer desk, one hand pressing the enter key, intense gaze at the screen, the screen filled with tangled black and golden code lines, cold blue screen light illuminating his face, high quality, detailed', '中景', 4, '现在！', None, None, '35f8c801254a4dfaaa2e59e32325b55d', '8ad45d6c4e704b9288847500f2973209', None, 42, 'anime style, close-up, a computer monitor displaying a black-hole-like swirling vortex, golden code fragments being sucked into the center, a conscious black mist with two narrow elongated scarlet eyes emerging from the screen, the form of the Shadow Sovereign condensing into a towering silhouette, digital glitch and electric sparks, cold dark room reflected in the glass, high quality, detailed', '近景', 5, '你怎么敢——！', None, None, '4629fca6eb3c4f5391b2c1edff4c754d', '8ad45d6c4e704b9288847500f2973209', None, 43, "anime style, close-up, Lin Mo's face with messy short black hair, pale sallow skin, heavy dark circles, black-rimmed glasses, a slight knowing smirk, eyes looking forward with confidence, in the background a glowing computer screen with black and gold code, dim room with cold screen light on his face, high quality, detailed", '近景', 6, '你太熟悉我的套路，但真正的程序员，从不会把后门写进注释里——注释是会骗人的。', None, None, '57fb811323ed40219abea8efdf044e50', '8ad45d6c4e704b9288847500f2973209', None, 44, 'anime style, medium shot, in a dim rental room, a sleek black cat with short glossy fur, golden vertical slit pupils and a notched left ear stands tensely on the desk, body beginning to glow faint gold, a slender young woman with long dark hair in a high ponytail and a white dress with faint star-pattern embroidery reaches out a hand to him, her eyes shimmering with starlight and worry, Lin Mo in the blurred background, dramatic low-key lighting, high quality, detailed', '中景', 5, '该我了。\n夜影……', None, None, '20746da2561347fb98b5c2717f1d8b0f', '8ad45d6c4e704b9288847500f2973209', None, 45, "anime style, close-up, a black cat with sleek short fur, golden vertical slit pupils, notched left ear gently presses his head against the palm of a young woman with long dark high ponytail and a star-shaped mark glowing on her wrist, her white dress hem with faint star embroidery visible, her eyes glistening with tears and soft starlight, the cat's expression gentle and final, warm dim lighting contrasting with cool shadows, high quality, detailed", '近景', 5, '公主，能再见到你，我已经没有遗憾。', None, None, '30c298ea7ee24704a0d6a247d474dfc8', '8ad45d6c4e704b9288847500f2973209', None, 46, 'anime style, wide shot, a chaotic bedroom, a black cat with golden flames engulfing its body leaps off a desk toward a computer monitor, transforming into a blazing golden comet, the monitor screen exploding into a swirling vortex, intense white light bursting outward, Lin Mo and a young woman in a white dress shielding their eyes in the background, papers and debris flying, contrast of black shadows and dazzling gold, high quality, detailed', '全景', 5, '', None, None, 'b22630e1dfff44e1ba0e77aeec2a9232', '8ad45d6c4e704b9288847500f2973209', None, 47, 'anime style, medium shot, aftermath in a dim rental room, shattered computer screen on the desk with smoke rising, a young woman in a white dress with a high ponytail kneels on the floor weeping, a thin young man with messy black hair and black-rimmed glasses stands holding a single black cat hair in his fingers, his eyes red and wet, a single black hair on the wooden table, gray melancholic light from the window, high quality, detailed', '中景', 6, '谢谢你，夜影。', None, None, '44d6409f7d1f4238a9be8d568ad078c9', '8ad45d6c4e704b9288847500f2973209', None, 48, 'anime style, wide shot, a bright game launch event venue, large stage screen displaying the key art of Rainy Night Cat with a black cat silhouette under rain, Lin Mo, with messy black hair and black-rimmed glasses, wearing a clean neat shirt, stands at a podium with a microphone, speaking emotionally with a gentle smile, in the front row a young woman with long dark high ponytail and a white dress with star-pattern embroidery applauds, her wrist star mark glowing faintly, audience silhouettes and stage lights, celebratory atmosphere, high quality, detailed', '全景', 6, '这个游戏，献给一只会说话的猫，和一个教会我勇敢的公主。', None, None, '7e5d3e37e607477391ca70c39d589910', '8ad45d6c4e704b9288847500f2973209', None, 49, 'anime style, medium shot, a large projection screen at a game launch event showing an animated rainy street at night, a sleek black cat with golden vertical slit pupils and a notched left ear leaps from a rooftop and lands on a fence, mouth open as if speaking, neon signs reflecting on wet pavement, raindrops flying, in the foreground blurred silhouettes of an audience laughing, vibrant night colors, high quality, detailed', '中景', 5, '凡人，这个BUG你永远改不完。', None, None, 'f756dd0f863d47ae94385f805da4e8b5', '8ad45d6c4e704b9288847500f2973209', None, 50, 'anime style, medium shot, late night office, a single warm desk lamp glowing, rain streaking down the window, Lin Mo, with messy short black hair and black-rimmed glasses, wearing a worn plaid shirt, stands at an open window leaning out, a faint golden light streak flashing across the dark rainy sky, his eyes determined and hopeful, cool blue night tones contrasted with warm lamplight, high quality, detailed', '中景', 5, '等着我，我去找你。', None, None))
2026-08-30 01:14:50,580 [DEBUG] aiosqlite: operation functools.partial(<built-in method execute of sqlite3.Cursor object at 0x0000018C4DA6D8C0>, 'INSERT INTO scene (id, story_id, episode_id, scene_no, prompt, camera, duration, dialogue, image_url, audio_url) VALUES (?, ?, ?, ?, ?, ?, ?, ?, ?, ?), (?, ?, ?, ?, ?, ?, ?, ?, ?, ?), (?, ?, ?, ?, ?, ?, ?, ?, ?, ?), (?, ?, ?, ?, ?, ?, ?, ?, ?, ?), (?, ?, ?, ?, ?, ?, ?, ?, ?, ?), (?, ?, ?, ?, ?, ?, ?, ?, ?, ?), (?, ?, ?, ?, ?, ?, ?, ?, ?, ?), (?, ?, ?, ?, ?, ?, ?, ?, ?, ?), (?, ?, ?, ?, ?, ?, ?, ?, ?, ?), (?, ?, ?, ?, ?, ?, ?, ?, ?, ?), (?, ?, ?, ?, ?, ?, ?, ?, ?, ?), (?, ?, ?, ?, ?, ?, ?, ?, ?, ?), (?, ?, ?, ?, ?, ?, ?, ?, ?, ?), (?, ?, ?, ?, ?, ?, ?, ?, ?, ?), (?, ?, ?, ?, ?, ?, ?, ?, ?, ?), (?, ?, ?, ?, ?, ?, ?, ?, ?, ?), (?, ?, ?, ?, ?, ?, ?, ?, ?, ?), (?, ?, ?, ?, ?, ?, ?, ?, ?, ?), (?, ?, ?, ?, ?, ?, ?, ?, ?, ?), (?, ?, ?, ?, ?, ?, ?, ?, ?, ?), (?, ?, ?, ?, ?, ?, ?, ?, ?, ?), (?, ?, ?, ?, ?, ?, ?, ?, ?, ?), (?, ?, ?, ?, ?, ?, ?, ?, ?, ?), (?, ?, ?, ?, ?, ?, ?, ?, ?, ?), (?, ?, ?, ?, ?, ?, ?, ?, ?, ?), (?, ?, ?, ?, ?, ?, ?, ?, ?, ?), (?, ?, ?, ?, ?, ?, ?, ?, ?, ?), (?, ?, ?, ?, ?, ?, ?, ?, ?, ?), (?, ?, ?, ?, ?, ?, ?, ?, ?, ?), (?, ?, ?, ?, ?, ?, ?, ?, ?, ?), (?, ?, ?, ?, ?, ?, ?, ?, ?, ?), (?, ?, ?, ?, ?, ?, ?, ?, ?, ?), (?, ?, ?, ?, ?, ?, ?, ?, ?, ?), (?, ?, ?, ?, ?, ?, ?, ?, ?, ?), (?, ?, ?, ?, ?, ?, ?, ?, ?, ?), (?, ?, ?, ?, ?, ?, ?, ?, ?, ?), (?, ?, ?, ?, ?, ?, ?, ?, ?, ?), (?, ?, ?, ?, ?, ?, ?, ?, ?, ?), (?, ?, ?, ?, ?, ?, ?, ?, ?, ?), (?, ?, ?, ?, ?, ?, ?, ?, ?, ?), (?, ?, ?, ?, ?, ?, ?, ?, ?, ?), (?, ?, ?, ?, ?, ?, ?, ?, ?, ?), (?, ?, ?, ?, ?, ?, ?, ?, ?, ?), (?, ?, ?, ?, ?, ?, ?, ?, ?, ?), (?, ?, ?, ?, ?, ?, ?, ?, ?, ?), (?, ?, ?, ?, ?, ?, ?, ?, ?, ?), (?, ?, ?, ?, ?, ?, ?, ?, ?, ?), (?, ?, ?, ?, ?, ?, ?, ?, ?, ?), (?, ?, ?, ?, ?, ?, ?, ?, ?, ?), (?, ?, ?, ?, ?, ?, ?, ?, ?, ?) RETURNING created_at, updated_at, id', ('13137509ab974078bcaa6f0010da6100', '8ad45d6c4e704b9288847500f2973209', None, 1, 'anime style, wide shot, rainy night city street, wet asphalt reflecting dim streetlights, a lone thin man walking in the rain, Lin Mo (messy short black hair unkempt, pale sallow face, heavy dark circles under eyes, tired but intense gaze, thin lanky 175cm slightly hunched, wearing worn plaid shirt over plain T-shirt, loose blue jeans and scuffed white sneakers, black-rimmed glasses) holding a briefcase, staring at smartphone showing a contract termination notice, rain soaking through his clothes, rain droplets on his glasses, lonely desaturated blue-gray color palette, cinematic rain atmosphere, melancholic mood, high quality, detailed', '远景', 5, '林默：连猫都比我强，至少还有地方躲雨。', None, None, 'ee20cdff5f574c3789619b2cb1fc974a', '8ad45d6c4e704b9288847500f2973209', None, 2, "anime style, medium close-up shot, rainy night alley corner, a wet cardboard box tucked against brick wall, a black cat inside (short sleek glossy black fur, golden vertical slit pupils, sharp wary expression, visible notch on left ear, sleek whiskers, lean agile medium-sized body) curling up with a bleeding ear wound, Lin Mo (messy short black hair, pale sallow face, heavy dark circles, worn plaid shirt, black-rimmed glasses wet with rain) crouching down reaching out gently, distant streetlamp casting warm glow on the cat's golden eyes, cold blue rain surroundings, shallow depth of field, high quality, detailed", '近景', 4, '林默：别怕，我带你回家。', None, None, '662d91ebdde84fd2b34cd1e1edfe464d', '8ad45d6c4e704b9288847500f2973209', None, 3, 'anime style, close-up shot, rainy night alley, black cat (short sleek glossy black fur, golden vertical slit pupils, sharp contemptuous expression, visible notch on left ear, sleek whiskers wet with rain) opening its mouth speaking with human-like intelligence, Lin Mo (messy short black hair, pale sallow face, heavy dark circles under wide shocked eyes, black-rimmed glasses, worn wet plaid shirt) recoiling in disbelief falling backward onto the wet ground, arms bracing behind him, rain streaks visible in the air between them, dramatic rain-soaked lighting, tense surreal atmosphere, high quality, detailed', '近景', 5, '夜影：别废话，后面有追兵，快走！ / 林默：猫……猫说话了？！', None, None, '262c00d7585a447389382b990d30dc2d', '8ad45d6c4e704b9288847500f2973209', None, 4, 'anime style, medium shot, night city street, street lamps flickering and going dark one by one, a swirling mass of conscious black mist surging from down the street, two narrow elongated scarlet eyes glowing within the darkness radiating malice, black cat (short sleek glossy black fur, golden vertical slit pupils, sharp expression, visible notch on left ear) standing alert in front of Lin Mo, tail beginning to glow with faint golden light, Lin Mo (messy short black hair, pale sallow face, heavy dark circles, worn plaid shirt, black-rimmed glasses) frozen in fear behind the cat, dramatic contrast between fading streetlights and rising gold glow, high-tension atmosphere, high quality, detailed', '中景', 5, '夜影：我是异世界守护者夜影。没时间解释，你已经被盯上了。', None, None, '98febe3ee5e54729826337d6c053da1d', '8ad45d6c4e704b9288847500f2973209', None, 5, "anime style, medium dynamic action shot, rainy night street, black cat (sleek glossy black fur, golden vertical slit pupils, left ear notch) leaping through the air, tail transformed into a brilliant golden light chain striking the swirling black mist, dark mist recoiling with golden sparks scattering through the rain, but a bolt of black energy striking the cat mid-air, cat falling limp into Lin Mo's arms, golden light fading, Lin Mo's face showing shock and panic, dark swirling mist with glowing scarlet eyes looming in the background, dramatic high-contrast lighting, rain streaks frozen in motion, action-packed cinematic frame, high quality, detailed", '中景', 4, '夜影：凡人……愣着干什么？跑！', None, None, '0496b552e5a944e7982c5c86fc1f9a0c', '8ad45d6c4e704b9288847500f2973209', None, 6, "anime style, dynamic wide shot, torrential rain on empty night street, Lin Mo (messy black hair soaked flat, pale sallow face, heavy dark circles, worn wet plaid shirt clinging to body, black-rimmed glasses covered with rain) running desperately through the storm clutching a black cat (sleek black fur, golden slit pupils, left ear notch) tightly against his chest, dark swirling black mist with scarlet eyes chasing behind them in the distance, streetlight reflections on flooded pavement, motion blur and rain streaks conveying urgency, blue-black color palette with hints of golden glow from the cat's eyes, high tension chase atmosphere, high quality, detailed", '远景', 3, '', None, None, '0e01cd5fddcd439691cdaae2909202f7', '8ad45d6c4e704b9288847500f2973209', None, 7, 'anime style, medium shot, dimly lit small apartment at night, simple worn furniture and scattered belongings, Lin Mo standing soaking wet beside an old wooden table, black cat (short sleek glossy black fur, golden vertical slit pupils, sharp tired expression, visible notch on left ear) curled on the table with blood seeping from its wound, warm yellow desk lamp casting cozy light against the cold rain visible through the window, wet footprints on the floor, intimate but tense atmosphere, high quality, detailed', '中景', 5, '夜影：多谢。但麻烦刚开始，你沾了我的气息，暗影不会放过你。 / 林默：什么意思？你先讲清楚！ / 夜影：五块星辰碎片散落人间，暗影之首想集齐它们打开两界通道。我必须阻止它，而你……', None, None, '05f098673c1a43f6b4635b87a53c1174', '8ad45d6c4e704b9288847500f2973209', None, 8, 'anime style, extreme close-up shot, Lin Mo standing before a small mirror in a dim apartment, removing his black-rimmed glasses, revealing his left eye pupil glowing with subtle golden patterns swirling within, pale tired face reflected in the mirror, messy wet black hair dripping water, single desk lamp casting dramatic side lighting, dark shadows enclosing the frame, mystical golden light emanating from the eye, eerie and awe-inducing atmosphere, high quality, detailed', '特写', 4, '夜影：你的左眼，现在能看到常人不该看到的东西了吧？ / 林默：这是什么？！', None, None, '3564cccfbd1a4bd69920bc13531eee6f', '8ad45d6c4e704b9288847500f2973209', None, 9, 'anime style, medium close-up shot, dim apartment interior, black cat (short sleek glossy black fur, golden vertical slit pupils, sharp and contemptuous expression, visible notch on left ear, sleek whiskers) sitting upright on wooden table, gazing at Lin Mo with piercing calm golden eyes, Lin Mo (messy short black hair, pale sallow face, heavy dark circles, worn plaid shirt, black-rimmed glasses) standing with conflicted vulnerable expression, warm lamp light casting long shadows on the wall, rain pattering against the window in the background, quiet serious contemplative atmosphere, high quality, detailed', '近景', 5, '夜影：你是这个世界的“锚点”，也是唯一能帮我的人。 / 林默：我凭什么信你？ / 夜影：因为你已经无路可走，而我，能给你一个方向。', None, None, '11e9ce7c9c0e4f72a010ef1936b8f926', '8ad45d6c4e704b9288847500f2973209', None, 10, 'anime style, high angle shot from inside the apartment looking at a rain-streaked window, a swirling mass of black mist creeping up the outside of the glass, slowly forming a twisted distorted face, two narrow elongated scarlet eyes glowing menacingly through the window, rain streaming down the pane, Lin Mo seen from behind turning toward the window in alarm, black cat on the table with golden eyes wide and alert, tail beginning to glow, cold blue exterior light contrasting with warm interior lamp, horror suspense final beat, high quality, detailed', '特写', 3, '夜影：来了。', None, None, '8f67ff1040b5412ca654481332ae9f0a', '8ad45d6c4e704b9288847500f2973209', None, 11, "anime style, medium shot, in Lin Mo's bedroom at dawn, Lin Mo sits on the edge of the bed, a black cat perches on the windowsill, morning light shines on the cat's golden eyes, Lin Mo looking confused, messy short black hair, unkempt and slightly overgrown, strands sticking out, pale sallow face with heavy dark circles, tired but intense gaze, thin and lanky, wearing worn plaid shirt over plain T-shirt, loose blue jeans, scuffed white sneakers, black-rimmed glasses, the black cat Ye Ying with short sleek black fur, glossy in light, golden vertical slit pupils, left ear with visible notch, sleek whiskers, warm sunlight casting long shadows, high quality, detailed", '中景', 5, '星辰碎片共有五块。我感应到其中一块在城东的旧图书馆。', None, None, '36ecc914111242c1ad1d4defaa2376e7', '8ad45d6c4e704b9288847500f2973209', None, 12, "anime style, close-up of Lin Mo's frustrated face as he rubs his hair, messy short black hair sticking out in different directions, pale sallow face, heavy dark circles under the eyes, tired but intense gaze, black-rimmed glasses, worn plaid shirt visible, bedroom background softly blurred, morning side light, high quality, detailed", '近景', 4, '我为什么要帮你？这对我来说太离谱了。', None, None, '1a52c6899b9b4aa2b23ed3bde26c33c5', '8ad45d6c4e704b9288847500f2973209', None, 13, "anime style, extreme close-up of the black cat Ye Ying's eyes and face, short sleek black fur covering entire body, glossy in light, golden vertical slit pupils, sharp and contemptuous expression, left ear with visible notch, sleek whiskers, dark background with soft morning glow reflecting in the eyes, high quality, detailed", '特写', 5, '因为你的左眼已经能看到灵流，暗影也会循迹而来。逃不掉的，只能战斗。', None, None, 'bdc747b12d7b4366ac1cf4aa6dfe7cec', '8ad45d6c4e704b9288847500f2973209', None, 14, 'anime style, medium shot of Lin Mo sitting on the bed looking helpless, black cat Ye Ying stands on the windowsill, Lin Mo has messy short black hair, pale sallow face, heavy dark circles, wearing worn plaid shirt over plain T-shirt, loose blue jeans, black-rimmed glasses, Ye Ying has short sleek black fur, golden vertical slit pupils, left ear notch, morning light fills the room, high quality, detailed', '中景', 6, '程序员正好——碎片的封印是古代符文写成的，和代码逻辑相通。……凡人，别看不起自己。走。', None, None, '6e23e5dab7684379a5a7cfdc6527acf9', '8ad45d6c4e704b9288847500f2973209', None, 15, 'anime style, wide shot of an abandoned bus station in the east of the city at noon, Lin Mo and the black cat Ye Ying stand on the platform, Lin Mo with messy short black hair, pale sallow face, dark circles, wearing worn plaid shirt over plain T-shirt, loose blue jeans, scuffed white sneakers, black-rimged glasses, Ye Ying a lean black cat with short sleek black fur, golden eyes, debris and overgrown weeds around, harsh sunlight, long shadows, high quality, detailed', '远景', 4, '', None, None, '5838ceeba6cd483498fbe6594c350c37', '8ad45d6c4e704b9288847500f2973209', None, 16, 'anime style, medium shot at the abandoned bus station, several dark shadow figures surround a girl in a white dress, Lin Mo rushes forward shouting, the girl Xiao Yu has long dark hair in a neat high ponytail with loose strands, soft gentle face, wearing a simple white dress with faint star-pattern embroidery, a small glowing star-shaped mark on her wrist, Lin Mo has messy short black hair, pale sallow face, black-rimmed glasses, worn plaid shirt, dark mist swirling around the shadows, afternoon sunlight, high quality, detailed', '中景', 5, '住手！', None, None, '77f49de755964a869a83556b5264ff4e', '8ad45d6c4e704b9288847500f2973209', None, 17, "anime style, close-up of Xiao Yu's frightened face as she warns them, long dark hair in a neat high ponytail with a few loose strands framing her face, soft gentle face with warm eyes, pupils shimmering starlight, simple white dress with faint star embroidery, small glowing star-shaped mark on wrist, dark shadows behind her, dynamic lighting, high quality, detailed", '近景', 4, '快跑！它们是被星之力引来的！', None, None, 'f3d872ca5d664638a615e1913ea990ac', '8ad45d6c4e704b9288847500f2973209', None, 18, 'anime style, medium shot in a narrow alley, Lin Mo, the black cat Ye Ying, and Xiao Yu catch their breath, Xiao Yu leaning against the wall, Lin Mo standing, Ye Ying a sleek black cat with golden vertical slit pupils and a notched left ear, Lin Mo has messy short black hair, pale sallow face, black-rimmed glasses, worn plaid shirt, Xiao Yu in a simple white dress with star-pattern embroidery, star-shaped mark glowing on her wrist, dim alley with soft light from above, high quality, detailed', '中景', 5, '谢谢你们……你们也是来找碎片的？', None, None, 'fc8b85eab545417eb3c486760eb1989e', '8ad45d6c4e704b9288847500f2973209', None, 19, 'anime style, close-up of Xiao Yu raising her wrist to show the glowing star-shaped mark, long dark hair in a neat high ponytail with loose strands, soft gentle face, warm eyes with shimmering starlight pupils, simple white dress with faint star embroidery, the star mark radiating light, background shows Lin Mo and Ye Ying listening, shallow depth of field, high quality, detailed', '近景', 6, '我叫小雨，是星之守护者的最后一人。碎片原本被我封印在体内，现在力量流失，才引来了暗影。', None, None, '201a434758f448fea99ee327b3ecd6cd', '8ad45d6c4e704b9288847500f2973209', None, 20, 'anime style, low angle shot of a tall humanoid silhouette formed by swirling conscious black mist, no hair, no visible mouth or nose, two narrow elongated scarlet eyes glowing from within the darkness radiating malice, amorphous, dark mist and shadow fragments forming an ever-shifting cloak around the figure, looming over a dark street, menacing atmosphere, deep shadows, high quality, detailed', '仰拍', 5, '找到星之守护者了……还有那只猫。这一次，你们跑不掉。', None, None, '614c8e3f994e4e35895345233183d62c', '8ad45d6c4e704b9288847500f2973209', None, 21, 'anime style, wide shot, old library underground secret room filled with dust, rusty bookshelves standing in rows, a circular stone platform at the center with a glowing crystalline star shard floating above it, Xiao Yu, a slender graceful girl with long dark hair tied in a neat high ponytail, wearing a simple white knee-length dress with faint star-pattern embroidery on the hem, stands calmly beside the platform, Ying Ying, a sleek medium-sized black cat creature with glossy short fur, golden vertical slit pupils and a notched left ear, crouches alertly on the stone floor, Lin Mo, a thin underweight young man with messy short black hair, pale sallow face, heavy dark circles under his eyes, wearing a worn plaid shirt over a plain T-shirt, loose blue jeans, scuffed white sneakers and black-rimmed glasses, looks at the shard with a tired but intense gaze, flashlight beams cutting through dusty air, cold blue lighting, mysterious atmosphere, high quality, detailed', '远景', 5, '林默：这就是星辰碎片？', None, None, '507436b9cb9c43808e2601c3740999a7', '8ad45d6c4e704b9288847500f2973209', None, 22, 'anime style, medium shot, old dim library underground room, dusty air with floating particles, circular stone platform with a glowing crystalline star shard hovering above it, Xiao Yu, a slender graceful girl with long dark hair in a neat high ponytail, wearing a simple white knee-length dress with faint star-pattern embroidery, slowly reaches her hand out toward the shard, Ying Ying, a sleek black cat creature with glossy short fur, golden vertical slit pupils and a notched left ear, raises a paw and opens his mouth in warning, Lin Mo, a thin tired young man with messy black hair, black-rimmed glasses, worn plaid shirt and loose blue jeans, watches warily from behind, flashlight lighting from the side creating deep shadows, cool blue and grey palette, tense atmosphere, high quality, detailed', '中景', 4, '夜影：小心，周围有封印。', None, None, '3892353c843246afb21cc264948131e5', '8ad45d6c4e704b9288847500f2973209', None, 23, 'anime style, close-up, Xiao Yu, a slender graceful girl with long dark hair in a neat high ponytail, wearing a simple white knee-length dress with faint star-pattern embroidery, her fingertip touching a glowing crystalline star shard, dazzling white light bursting from the point of contact, the shard dissolving into streams of stardust that merge into her palm, her wrist star-shaped mark igniting with brilliant starlight, her hair and dress hem floating in the magical surge, bright white and blue flare dominating the frame, magical awakening effect, high contrast, high quality, detailed', '近景', 4, '', None, None, '9c89f4214d99411b9317aee993202605', '8ad45d6c4e704b9288847500f2973209', None, 24, 'anime style, extreme close-up, Xiao Yu, a slender graceful girl with long dark hair in a neat high ponytail, wearing a simple white knee-length dress with faint star-pattern embroidery, her pupils transformed into shimmering starlight filled with tiny constellations, her expression calm and regal as she speaks, star-shaped wrist mark glowing radiantly, soft starlight particles floating around her face, dark blurred library background, warm ethereal glow on her face, majestic and mysterious atmosphere, high quality, detailed', '特写', 6, '小雨：我记起来了……我是星之公主，被暗影之首偷袭后，不得不把力量分成五块碎片，迷失在此界。', None, None, 'ead4743f836d4ba285432549be1e95d3', '8ad45d6c4e704b9288847500f2973209', None, 25, 'anime style, medium shot, old library underground room, Ying Ying, a sleek black cat creature with glossy short fur, golden vertical slit pupils and a notched left ear, bows his head with a remorseful expression, Xiao Yu, a slender graceful girl with long dark hair in a neat high ponytail, wearing a simple white knee-length dress with faint star-pattern embroidery, gently places her hand on his head and smiles warmly, her wrist mark glowing softly, Lin Mo, a thin young man with messy black hair and black-rimmed glasses in a worn plaid shirt, watches quietly in the background, dim blue ambient light contrasting with the warm golden glow around the two, tender and emotional atmosphere, high quality, detailed', '中景', 5, '夜影：公主殿下，属下守护不力。小雨：夜影，你做得够好了。该来的总会来。', None, None, '15081cfa51a742a4bf4db53f5255e3b6', '8ad45d6c4e704b9288847500f2973209', None, 26, 'anime style, low angle shot, old library underground room, the ground shaking and cracking, thick black mist pouring through wall cracks and converging into a towering humanoid silhouette, Shadow King, a form of pure swirling black mist with no visible face, two narrow elongated scarlet eyes glowing with malice from within the darkness, black smoke coiling like a living cloak around his unstable towering body, Xiao Yu, a slender graceful girl with a high ponytail and white star-embroidered dress, stands in a guarded stance with her wrist mark flickering, Lin Mo, a thin exhausted young man with messy black hair, black-rimmed glasses, worn plaid shirt and loose blue jeans, steps forward protectively, dramatic lighting with dark red shadows, oppressive and menacing atmosphere, high quality, detailed', '仰拍', 5, '暗影之首：公主殿下，觉醒的滋味如何？您的力量，我就收下了。', None, None, '55f3ef60ff1744138631dff28311fe43', '8ad45d6c4e704b9288847500f2973209', None, 27, 'anime style, dynamic action shot, old library underground room, Lin Mo, a thin underweight young man with messy short black hair, pale sallow face, heavy dark circles under his eyes, wearing a worn plaid shirt and black-rimmed glasses, stands protectively in front of Xiao Yu, shouting defiantly, Shadow King, a towering silhouette of swirling black mist with narrow scarlet eyes, launches a jet-black energy blast forward, Ying Ying, a sleek black cat creature with glossy short fur, golden vertical slit pupils and a notched left ear, leaps from mid-air with his tail transforming into a radiant golden light chain, intercepting the dark blast, golden and black energies exploding in mid-air, dust and debris scattered, high-speed motion lines, dramatic high-contrast lighting, intense combat atmosphere, high quality, detailed', '动作镜头', 5, '林默：你休想！', None, None, '5e4ff06b0f3c47ebbde208b42d606720', '8ad45d6c4e704b9288847500f2973209', None, 28, 'anime style, medium wide shot, old library underground room, Xiao Yu, a slender graceful girl with long dark hair in a neat high ponytail, wearing a simple white knee-length dress with faint star-pattern embroidery, her right arm thrust forward, a blazing white sphere of condensed starlight in her palm releasing a massive beam of light, the beam striking Shadow King, a towering black mist figure with blazing scarlet eyes, blasting apart his form into scattered fragments of black fog, shockwave rippling through the dusty floor, glowing star particles filling the air, the entire room illuminated in blinding white light, dynamic action climax, volumetric lighting, magic particle effects, high quality, detailed', '中景', 5, '小雨：住手！', None, None, 'c73b8729d6054dce880d71cbf164e984', '8ad45d6c4e704b9288847500f2973209', None, 29, 'anime style, close-up, Shadow King, an amorphous entity of pure swirling black mist re-forming into a tall humanoid shape, two narrow elongated scarlet eyes narrowing with cold amusement, dark mist fragments floating around his shifting form, no mouth or visible features, black smoky cloak undulating around him, old library shelves faintly visible in the dark background, deep black tones with scarlet accent lighting, ominous and chilling atmosphere, high quality, detailed', '近景', 5, '暗影之首：有趣……公主的力量越强，我越喜欢。等你们集齐所有碎片，就是通道开启之时。', None, None, 'b514205ced1848539a7a151a1058a5bc', '8ad45d6c4e704b9288847500f2973209', None, 30, 'anime style, wide shot, aftermath in a dusty old library underground room, soft light piercing through the darkness, Lin Mo, a thin exhausted young man with messy short black hair, pale face, black-rimmed glasses, wearing a worn plaid shirt and loose blue jeans, kneels down and reaches out a hand to Ying Ying, a sleek black cat creature with glossy short fur, golden vertical slit pupils and a notched left ear, helping him stand up, Xiao Yu, a slender graceful girl with long dark hair in a neat high ponytail, wearing a simple white knee-length dress with faint star-pattern embroidery, stands tall with a determined expression, her fist clenched and wrist mark glowing softly, the three forming a small circle of resolve, blue-grey environment with warm highlight on the characters, hopeful and determined atmosphere, cinematic composition, high quality, detailed', '远景', 6, '夜影：还死不了。他故意放走我们，想让我们收集碎片。小雨：所以我们现在不能坐以待毙。要赶在他前头，抢先封印所有碎片。林默：好，我们一起。', None, None, '7aa2aee1dd4442f3b5c52fe29713075c', '8ad45d6c4e704b9288847500f2973209', None, 31, 'anime style, medium shot, small dimly lit rented apartment in the evening, an old computer on a wooden desk suddenly powers on by itself, the monitor displaying endless cascading lines of green code falling like a waterfall, Lin Mo a pale thin young man with messy short black hair unkempt and sticking out in different directions, wearing a worn plaid shirt over a plain T-shirt and black-rimmed glasses, sitting startled at the desk, Xiao Yu a slender graceful young woman with long dark hair in a neat high ponytail and a simple white knee-length dress with faint star-pattern embroidery, standing nearby with wide eyes, Night Shadow a medium-sized sleek black cat with glossy short black fur and golden vertical slit pupils crouching alertly on the desk, all three staring at the screen in growing confusion, the green monitor light casting eerie shadows across their faces in the darkening room, dust particles floating in the glow, mysterious tense atmosphere, high quality, detailed', '中景', 5, '', None, None, 'f94b93506bf2431e880f0b1b2898095e', '8ad45d6c4e704b9288847500f2973209', None, 32, "anime style, close-up shot, Lin Mo's pale sallow face with heavy dark circles under his tired but intense eyes, messy short black hair unkempt and overgrown, black-rimmed glasses reflecting the rushing green code on the screen, his expression shifting from confusion to sheer horror as a deep menacing voice echoes from the computer speakers, faint black smoke beginning to curl from the old desktop computer's tower, the harsh green monitor light carving deep shadows onto his sweat-beaded forehead, the dark room pressing in from all sides, low-key lighting, suspenseful horror atmosphere, high quality, detailed", '近景', 6, '暗影之首："林默，你写下的‘门’，让我找到了出口。"\n林默："这是我三年前写的那个加密算法……当时已经删除了！"', None, None, '81b4267166ec48b0a78a1d23060dd074', '8ad45d6c4e704b9288847500f2973209', None, 33, 'anime style, wide shot, black mist surging out of the computer monitor like living shadows, swirling and coiling upward into the center of the room, beginning to condense into a vague humanoid silhouette, the environment dark with only the bright green computer screen illuminating the scene, Lin Mo recoiling in his chair with black-rimmed glasses and messy hair, Xiao Yu stepping back fearfully in her white dress with star-pattern embroidery and high ponytail, Night Shadow the sleek medium-sized black cat with glossy black fur arching his back and baring his claws, emerald and black color palette dominating, cinematic composition, ominous supernatural atmosphere, high quality, detailed', '远景', 5, '暗影之首："删除？你只是丢进了回收站。暗影的力量，可以找回一切。"', None, None, '9e875487b126462e8d84b12a47e126fb', '8ad45d6c4e704b9288847500f2973209', None, 34, 'anime style, low angle shot, the fully formed shadow creature looming in the air above them, its entire body a swirling conscious black mist, no hair no visible mouth or nose, two narrow elongated scarlet eyes glowing within the darkness radiating deep malice, dark mist and shadow fragments forming an ever-shifting cloak around its amorphous form, towering over the small apartment, Lin Mo with messy black hair and black-rimmed glasses gripping the desk in despair in his worn plaid shirt, Xiao Yu in her white knee-length dress with starlight-colored pupils looking up in fear, Night Shadow the sleek black cat with golden vertical slit pupils and a notch on his left ear standing protectively in front of them, dramatic backlighting through the window, red and black color tones, overwhelming oppressive atmosphere, high quality, detailed', '仰拍', 6, '暗影之首："夜晚降临，我将借这座‘桥’降临此界。除非你亲手毁掉通道——但那样，你的世界也会崩溃。"', None, None, '30c86cbf89cc476282affda3ffdda350', '8ad45d6c4e704b9288847500f2973209', None, 35, "anime style, medium shot, Night Shadow the medium-sized sleek black cat with short glossy black fur and golden vertical slit pupils stepping forward bravely, his sharp and contemptuous expression now resolute, left ear with a visible notch catching the light, faint golden energy beginning to gather around his body, Xiao Yu a slender graceful young woman in a white knee-length dress with star-pattern embroidery and a neat high ponytail shouting in protest, her soft gentle face set in fierce determination, Lin Mo behind them looking conflicted and helpless in his worn plaid shirt and black-rimmed glasses, the shadow creature's dark mist looming in the blurred background, warm golden energy contrasting with cold dark mist, emotional dynamic atmosphere, high quality, detailed", '中景', 5, '小雨："不行！"\n夜影："还有一个办法。用我的守护之心作燃料，将通道永远封印。"', None, None, '47096a75d3f541f2a6e24ae9c427214b', '8ad45d6c4e704b9288847500f2973209', None, 36, "anime style, close-up shot, Xiao Yu a slender graceful young woman with long dark hair in a neat high ponytail with loose strands framing her face, tears welling up in her shimmering starlight-colored pupils, soft gentle face filled with anguish, Night Shadow the sleek black cat with short glossy black fur lifting his head to look up at her with gentle golden eyes, left ear with visible notch twitching, golden flames beginning to flicker faintly around the cat's entire body as he speaks softly, Lin Mo blurred in the background with a desperate expression, warm golden side lighting illuminating the cat while cooler blue tones fall on Xiao Yu, heartbreaking emotional atmosphere, cinematic bokeh, high quality, detailed", '近景', 7, '小雨："你会死的！"\n夜影："公主，我答应过陪你千年。可这一次，请让我任性一回。"', None, None, 'e31d1191fa3048ed894ec46eaffa6b16', '8ad45d6c4e704b9288847500f2973209', None, 37, "anime style, medium shot, Lin Mo a thin lanky programmer with messy short black hair unkempt and slightly overgrown, black-rimmed glasses and heavy dark circles under his tired but intense eyes, wearing a worn plaid shirt over a plain T-shirt, slamming his hands onto the keyboard with sudden fierce determination, sitting down firmly and typing rapidly at lightning speed, the computer screen casting bright green code light across his pale sallow face, Xiao Yu and Night Shadow watching him from behind with cautious hope, the shadow creature's dark mist pulling back slightly, mixed lighting of green monitor glow and warm room lamp, urgent action atmosphere, high quality, detailed", '中景', 5, '林默："不——一定有别的办法！"', None, None, 'aa6c566b7e944c51b7575263be75320a', '8ad45d6c4e704b9288847500f2973209', None, 38, "anime style, extreme close-up, the glowing computer monitor filled with lines of green code, a cursor blinking at the end of the final line, a close-up view of the keyboard with fingers pausing after typing the backdoor comment //if rain { cat.open(); }, the green text on the dark screen dominating the frame, Lin Mo's determined face faintly reflected in the glossy screen, his black-rimmed glasses and messy black hair visible at the bottom edge of the frame, electric green and black color palette, tense technological atmosphere, sharp crisp details, high quality, detailed", '特写', 5, '林默："你不是很熟我的代码吗？但你别忘了，我是作者。我给自己留了一扇后门。"', None, None, '481e77ad1f884c2391eaec5ed2bcf82d', '8ad45d6c4e704b9288847500f2973209', None, 39, 'anime style, medium shot, Night Shadow the sleek medium-sized black cat with short glossy black fur and golden vertical slit pupils staring at the screen with sharp amusement, a wry knowing look in his feline eyes, left ear with visible notch catching the light, Lin Mo at the desk with a tired but confident smirk on his pale sallow face, messy black hair and black-rimmed glasses reflecting the screen glow, his fingers still resting on the keyboard, Xiao Yu standing behind them with tear-streaked face and shimmering starlight-colored pupils showing faint hope, the monitor still glowing with code behind them, warm golden energy mixing with cool green light, hopeful yet tense atmosphere, high quality, detailed', '中景', 8, '夜影："凡人，你还真会玩。"\n林默："明日午时，我让这扇门变形。你就有机会趁虚而入，把它封死。"\n夜影："你确定能成功？"', None, None, '6ce3781b83e94a60a74b8a26a1904ef2', '8ad45d6c4e704b9288847500f2973209', None, 40, 'anime style, close-up shot, Lin Mo raising his head with a small determined smile despite the dark circles under his eyes, messy short black hair and black-rimmed glasses slightly askew, quiet confidence in his tired intense gaze as he speaks, Xiao Yu behind him with tears silently streaming down her gentle face, her starlight shimmering pupils glowing softly, one hand covering her lips as she watches him, Night Shadow the sleek black cat sitting beside them with calm golden flames beginning to surround his body, the first rays of morning sunlight breaking through the window and mixing with the fading darkness, cinematic emotional climax, golden hour lighting, high quality, detailed', '近景', 6, '林默："我是程序员，我从不写必死代码。"', None, None, '7de74ec4288c43019e454ea62c210b75', '8ad45d6c4e704b9288847500f2973209', None, 41, 'anime style, medium shot, a dimly lit rental room at noon with strangely darkened sky outside the window, Lin Mo, a thin pale young man with messy short black hair, heavy dark circles under his eyes, black-rimmed glasses, wearing a worn plaid shirt over a plain T-shirt, sits at a computer desk, one hand pressing the enter key, intense gaze at the screen, the screen filled with tangled black and golden code lines, cold blue screen light illuminating his face, high quality, detailed', '中景', 4, '现在！', None, None, '35f8c801254a4dfaaa2e59e32325b55d', '8ad45d6c4e704b9288847500f2973209', None, 42, 'anime style, close-up, a computer monitor displaying a black-hole-like swirling vortex, golden code fragments being sucked into the center, a conscious black mist with two narrow elongated scarlet eyes emerging from the screen, the form of the Shadow Sovereign condensing into a towering silhouette, digital glitch and electric sparks, cold dark room reflected in the glass, high quality, detailed', '近景', 5, '你怎么敢——！', None, None, '4629fca6eb3c4f5391b2c1edff4c754d', '8ad45d6c4e704b9288847500f2973209', None, 43, "anime style, close-up, Lin Mo's face with messy short black hair, pale sallow skin, heavy dark circles, black-rimmed glasses, a slight knowing smirk, eyes looking forward with confidence, in the background a glowing computer screen with black and gold code, dim room with cold screen light on his face, high quality, detailed", '近景', 6, '你太熟悉我的套路，但真正的程序员，从不会把后门写进注释里——注释是会骗人的。', None, None, '57fb811323ed40219abea8efdf044e50', '8ad45d6c4e704b9288847500f2973209', None, 44, 'anime style, medium shot, in a dim rental room, a sleek black cat with short glossy fur, golden vertical slit pupils and a notched left ear stands tensely on the desk, body beginning to glow faint gold, a slender young woman with long dark hair in a high ponytail and a white dress with faint star-pattern embroidery reaches out a hand to him, her eyes shimmering with starlight and worry, Lin Mo in the blurred background, dramatic low-key lighting, high quality, detailed', '中景', 5, '该我了。\n夜影……', None, None, '20746da2561347fb98b5c2717f1d8b0f', '8ad45d6c4e704b9288847500f2973209', None, 45, "anime style, close-up, a black cat with sleek short fur, golden vertical slit pupils, notched left ear gently presses his head against the palm of a young woman with long dark high ponytail and a star-shaped mark glowing on her wrist, her white dress hem with faint star embroidery visible, her eyes glistening with tears and soft starlight, the cat's expression gentle and final, warm dim lighting contrasting with cool shadows, high quality, detailed", '近景', 5, '公主，能再见到你，我已经没有遗憾。', None, None, '30c298ea7ee24704a0d6a247d474dfc8', '8ad45d6c4e704b9288847500f2973209', None, 46, 'anime style, wide shot, a chaotic bedroom, a black cat with golden flames engulfing its body leaps off a desk toward a computer monitor, transforming into a blazing golden comet, the monitor screen exploding into a swirling vortex, intense white light bursting outward, Lin Mo and a young woman in a white dress shielding their eyes in the background, papers and debris flying, contrast of black shadows and dazzling gold, high quality, detailed', '全景', 5, '', None, None, 'b22630e1dfff44e1ba0e77aeec2a9232', '8ad45d6c4e704b9288847500f2973209', None, 47, 'anime style, medium shot, aftermath in a dim rental room, shattered computer screen on the desk with smoke rising, a young woman in a white dress with a high ponytail kneels on the floor weeping, a thin young man with messy black hair and black-rimmed glasses stands holding a single black cat hair in his fingers, his eyes red and wet, a single black hair on the wooden table, gray melancholic light from the window, high quality, detailed', '中景', 6, '谢谢你，夜影。', None, None, '44d6409f7d1f4238a9be8d568ad078c9', '8ad45d6c4e704b9288847500f2973209', None, 48, 'anime style, wide shot, a bright game launch event venue, large stage screen displaying the key art of Rainy Night Cat with a black cat silhouette under rain, Lin Mo, with messy black hair and black-rimmed glasses, wearing a clean neat shirt, stands at a podium with a microphone, speaking emotionally with a gentle smile, in the front row a young woman with long dark high ponytail and a white dress with star-pattern embroidery applauds, her wrist star mark glowing faintly, audience silhouettes and stage lights, celebratory atmosphere, high quality, detailed', '全景', 6, '这个游戏，献给一只会说话的猫，和一个教会我勇敢的公主。', None, None, '7e5d3e37e607477391ca70c39d589910', '8ad45d6c4e704b9288847500f2973209', None, 49, 'anime style, medium shot, a large projection screen at a game launch event showing an animated rainy street at night, a sleek black cat with golden vertical slit pupils and a notched left ear leaps from a rooftop and lands on a fence, mouth open as if speaking, neon signs reflecting on wet pavement, raindrops flying, in the foreground blurred silhouettes of an audience laughing, vibrant night colors, high quality, detailed', '中景', 5, '凡人，这个BUG你永远改不完。', None, None, 'f756dd0f863d47ae94385f805da4e8b5', '8ad45d6c4e704b9288847500f2973209', None, 50, 'anime style, medium shot, late night office, a single warm desk lamp glowing, rain streaking down the window, Lin Mo, with messy short black hair and black-rimmed glasses, wearing a worn plaid shirt, stands at an open window leaning out, a faint golden light streak flashing across the dark rainy sky, his eyes determined and hopeful, cool blue night tones contrasted with warm lamplight, high quality, detailed', '中景', 5, '等着我，我去找你。', None, None)) completed
2026-08-30 01:14:50,580 [DEBUG] aiosqlite: executing functools.partial(<built-in method fetchall of sqlite3.Cursor object at 0x0000018C4DA6D8C0>)
2026-08-30 01:14:50,580 [DEBUG] aiosqlite: operation functools.partial(<built-in method fetchall of sqlite3.Cursor object at 0x0000018C4DA6D8C0>) completed
2026-08-30 01:14:50,581 [DEBUG] aiosqlite: executing functools.partial(<built-in method close of sqlite3.Cursor object at 0x0000018C4DA6D8C0>)
2026-08-30 01:14:50,581 [DEBUG] aiosqlite: operation functools.partial(<built-in method close of sqlite3.Cursor object at 0x0000018C4DA6D8C0>) completed
2026-08-30 01:14:50,582 [INFO] sqlalchemy.engine.Engine: COMMIT
2026-08-30 01:14:50,582 [DEBUG] aiosqlite: executing functools.partial(<built-in method commit of sqlite3.Connection object at 0x0000018C4DB59300>)
2026-08-30 01:14:50,584 [DEBUG] aiosqlite: operation functools.partial(<built-in method commit of sqlite3.Connection object at 0x0000018C4DB59300>) completed
2026-08-30 01:14:50,584 [DEBUG] aiosqlite: executing functools.partial(<built-in method rollback of sqlite3.Connection object at 0x0000018C4DB59300>)
2026-08-30 01:14:50,584 [DEBUG] aiosqlite: operation functools.partial(<built-in method rollback of sqlite3.Connection object at 0x0000018C4DB59300>) completed
2026-08-30 01:14:50,584 [DEBUG] aiosqlite: executing functools.partial(<built-in method close of sqlite3.Connection object at 0x0000018C4DB59300>)
2026-08-30 01:14:50,585 [DEBUG] aiosqlite: operation functools.partial(<built-in method close of sqlite3.Connection object at 0x0000018C4DB59300>) completed
2026-08-30 01:14:50,585 [INFO] tasks.runner: Persisted 50 scenes for story 8ad45d6c-4e70-4b92-8884-7500f2973209
2026-08-30 01:14:50,586 [DEBUG] aiosqlite: executing <function connect.<locals>.connector at 0x0000018C4D5B99E0>
2026-08-30 01:14:50,587 [DEBUG] aiosqlite: operation <function connect.<locals>.connector at 0x0000018C4D5B99E0> completed
2026-08-30 01:14:50,587 [DEBUG] aiosqlite: executing functools.partial(<built-in method create_function of sqlite3.Connection object at 0x0000018C4DB594E0>, 'regexp', 2, <function SQLiteDialect_pysqlite.on_connect.<locals>.regexp at 0x0000018C4AFFA660>, deterministic=True)
2026-08-30 01:14:50,587 [DEBUG] aiosqlite: operation functools.partial(<built-in method create_function of sqlite3.Connection object at 0x0000018C4DB594E0>, 'regexp', 2, <function SQLiteDialect_pysqlite.on_connect.<locals>.regexp at 0x0000018C4AFFA660>, deterministic=True) completed
2026-08-30 01:14:50,588 [DEBUG] aiosqlite: executing functools.partial(<built-in method create_function of sqlite3.Connection object at 0x0000018C4DB594E0>, 'floor', 1, <built-in function floor>, deterministic=True)
2026-08-30 01:14:50,588 [DEBUG] aiosqlite: operation functools.partial(<built-in method create_function of sqlite3.Connection object at 0x0000018C4DB594E0>, 'floor', 1, <built-in function floor>, deterministic=True) completed
2026-08-30 01:14:50,588 [INFO] sqlalchemy.engine.Engine: BEGIN (implicit)
2026-08-30 01:14:50,589 [INFO] sqlalchemy.engine.Engine: SELECT scene.id, scene.story_id, scene.episode_id, scene.scene_no, scene.prompt, scene.camera, scene.duration, scene.dialogue, scene.image_url, scene.audio_url, scene.created_at, scene.updated_at 
FROM scene 
WHERE scene.story_id = ?
2026-08-30 01:14:50,589 [INFO] sqlalchemy.engine.Engine: [generated in 0.00028s] ('8ad45d6c4e704b9288847500f2973209',)
2026-08-30 01:14:50,589 [DEBUG] aiosqlite: executing functools.partial(<built-in method cursor of sqlite3.Connection object at 0x0000018C4DB594E0>)
2026-08-30 01:14:50,589 [DEBUG] aiosqlite: operation functools.partial(<built-in method cursor of sqlite3.Connection object at 0x0000018C4DB594E0>) completed
2026-08-30 01:14:50,589 [DEBUG] aiosqlite: executing functools.partial(<built-in method execute of sqlite3.Cursor object at 0x0000018C4D56AF40>, 'SELECT scene.id, scene.story_id, scene.episode_id, scene.scene_no, scene.prompt, scene.camera, scene.duration, scene.dialogue, scene.image_url, scene.audio_url, scene.created_at, scene.updated_at \nFROM scene \nWHERE scene.story_id = ?', ('8ad45d6c4e704b9288847500f2973209',))
2026-08-30 01:14:50,590 [DEBUG] aiosqlite: operation functools.partial(<built-in method execute of sqlite3.Cursor object at 0x0000018C4D56AF40>, 'SELECT scene.id, scene.story_id, scene.episode_id, scene.scene_no, scene.prompt, scene.camera, scene.duration, scene.dialogue, scene.image_url, scene.audio_url, scene.created_at, scene.updated_at \nFROM scene \nWHERE scene.story_id = ?', ('8ad45d6c4e704b9288847500f2973209',)) completed
2026-08-30 01:14:50,590 [DEBUG] aiosqlite: executing functools.partial(<built-in method fetchall of sqlite3.Cursor object at 0x0000018C4D56AF40>)
2026-08-30 01:14:50,591 [DEBUG] aiosqlite: operation functools.partial(<built-in method fetchall of sqlite3.Cursor object at 0x0000018C4D56AF40>) completed
2026-08-30 01:14:50,591 [DEBUG] aiosqlite: executing functools.partial(<built-in method close of sqlite3.Cursor object at 0x0000018C4D56AF40>)
2026-08-30 01:14:50,591 [DEBUG] aiosqlite: operation functools.partial(<built-in method close of sqlite3.Cursor object at 0x0000018C4D56AF40>) completed
2026-08-30 01:14:50,591 [INFO] sqlalchemy.engine.Engine: UPDATE scene SET image_url=?, updated_at=CURRENT_TIMESTAMP WHERE scene.id = ?
2026-08-30 01:14:50,591 [INFO] sqlalchemy.engine.Engine: [generated in 0.00035s] [('/storage/stories/8ad45d6c-4e70-4b92-8884-7500f2973209/images/scene_6.png', '0496b552e5a944e7982c5c86fc1f9a0c'), ('/storage/stories/8ad45d6c-4e70-4b92-8884-7500f2973209/images/scene_8.png', '05f098673c1a43f6b4635b87a53c1174'), ('/storage/stories/8ad45d6c-4e70-4b92-8884-7500f2973209/images/scene_7.png', '0e01cd5fddcd439691cdaae2909202f7'), ('/storage/stories/8ad45d6c-4e70-4b92-8884-7500f2973209/images/scene_10.png', '11e9ce7c9c0e4f72a010ef1936b8f926'), ('/storage/stories/8ad45d6c-4e70-4b92-8884-7500f2973209/images/scene_1.png', '13137509ab974078bcaa6f0010da6100'), ('/storage/stories/8ad45d6c-4e70-4b92-8884-7500f2973209/images/scene_26.png', '15081cfa51a742a4bf4db53f5255e3b6'), ('/storage/stories/8ad45d6c-4e70-4b92-8884-7500f2973209/images/scene_13.png', '1a52c6899b9b4aa2b23ed3bde26c33c5'), ('/storage/stories/8ad45d6c-4e70-4b92-8884-7500f2973209/images/scene_20.png', '201a434758f448fea99ee327b3ecd6cd')  ... displaying 10 of 50 total bound parameter sets ...  ('/storage/stories/8ad45d6c-4e70-4b92-8884-7500f2973209/images/scene_32.png', 'f94b93506bf2431e880f0b1b2898095e'), ('/storage/stories/8ad45d6c-4e70-4b92-8884-7500f2973209/images/scene_19.png', 'fc8b85eab545417eb3c486760eb1989e')]
2026-08-30 01:14:50,591 [DEBUG] aiosqlite: executing functools.partial(<built-in method cursor of sqlite3.Connection object at 0x0000018C4DB594E0>)
2026-08-30 01:14:50,591 [DEBUG] aiosqlite: operation functools.partial(<built-in method cursor of sqlite3.Connection object at 0x0000018C4DB594E0>) completed
2026-08-30 01:14:50,591 [DEBUG] aiosqlite: executing functools.partial(<built-in method executemany of sqlite3.Cursor object at 0x0000018C4D56AF40>, 'UPDATE scene SET image_url=?, updated_at=CURRENT_TIMESTAMP WHERE scene.id = ?', [('/storage/stories/8ad45d6c-4e70-4b92-8884-7500f2973209/images/scene_6.png', '0496b552e5a944e7982c5c86fc1f9a0c'), ('/storage/stories/8ad45d6c-4e70-4b92-8884-7500f2973209/images/scene_8.png', '05f098673c1a43f6b4635b87a53c1174'), ('/storage/stories/8ad45d6c-4e70-4b92-8884-7500f2973209/images/scene_7.png', '0e01cd5fddcd439691cdaae2909202f7'), ('/storage/stories/8ad45d6c-4e70-4b92-8884-7500f2973209/images/scene_10.png', '11e9ce7c9c0e4f72a010ef1936b8f926'), ('/storage/stories/8ad45d6c-4e70-4b92-8884-7500f2973209/images/scene_1.png', '13137509ab974078bcaa6f0010da6100'), ('/storage/stories/8ad45d6c-4e70-4b92-8884-7500f2973209/images/scene_26.png', '15081cfa51a742a4bf4db53f5255e3b6'), ('/storage/stories/8ad45d6c-4e70-4b92-8884-7500f2973209/images/scene_13.png', '1a52c6899b9b4aa2b23ed3bde26c33c5'), ('/storage/stories/8ad45d6c-4e70-4b92-8884-7500f2973209/images/scene_20.png', '201a434758f448fea99ee327b3ecd6cd'), ('/storage/stories/8ad45d6c-4e70-4b92-8884-7500f2973209/images/scene_45.png', '20746da2561347fb98b5c2717f1d8b0f'), ('/storage/stories/8ad45d6c-4e70-4b92-8884-7500f2973209/images/scene_4.png', '262c00d7585a447389382b990d30dc2d'), ('/storage/stories/8ad45d6c-4e70-4b92-8884-7500f2973209/images/scene_46.png', '30c298ea7ee24704a0d6a247d474dfc8'), ('/storage/stories/8ad45d6c-4e70-4b92-8884-7500f2973209/images/scene_35.png', '30c86cbf89cc476282affda3ffdda350'), ('/storage/stories/8ad45d6c-4e70-4b92-8884-7500f2973209/images/scene_9.png', '3564cccfbd1a4bd69920bc13531eee6f'), ('/storage/stories/8ad45d6c-4e70-4b92-8884-7500f2973209/images/scene_42.png', '35f8c801254a4dfaaa2e59e32325b55d'), ('/storage/stories/8ad45d6c-4e70-4b92-8884-7500f2973209/images/scene_12.png', '36ecc914111242c1ad1d4defaa2376e7'), ('/storage/stories/8ad45d6c-4e70-4b92-8884-7500f2973209/images/scene_23.png', '3892353c843246afb21cc264948131e5'), ('/storage/stories/8ad45d6c-4e70-4b92-8884-7500f2973209/images/scene_48.png', '44d6409f7d1f4238a9be8d568ad078c9'), ('/storage/stories/8ad45d6c-4e70-4b92-8884-7500f2973209/images/scene_43.png', '4629fca6eb3c4f5391b2c1edff4c754d'), ('/storage/stories/8ad45d6c-4e70-4b92-8884-7500f2973209/images/scene_36.png', '47096a75d3f541f2a6e24ae9c427214b'), ('/storage/stories/8ad45d6c-4e70-4b92-8884-7500f2973209/images/scene_39.png', '481e77ad1f884c2391eaec5ed2bcf82d'), ('/storage/stories/8ad45d6c-4e70-4b92-8884-7500f2973209/images/scene_22.png', '507436b9cb9c43808e2601c3740999a7'), ('/storage/stories/8ad45d6c-4e70-4b92-8884-7500f2973209/images/scene_27.png', '55f3ef60ff1744138631dff28311fe43'), ('/storage/stories/8ad45d6c-4e70-4b92-8884-7500f2973209/images/scene_44.png', '57fb811323ed40219abea8efdf044e50'), ('/storage/stories/8ad45d6c-4e70-4b92-8884-7500f2973209/images/scene_16.png', '5838ceeba6cd483498fbe6594c350c37'), ('/storage/stories/8ad45d6c-4e70-4b92-8884-7500f2973209/images/scene_28.png', '5e4ff06b0f3c47ebbde208b42d606720'), ('/storage/stories/8ad45d6c-4e70-4b92-8884-7500f2973209/images/scene_21.png', '614c8e3f994e4e35895345233183d62c'), ('/storage/stories/8ad45d6c-4e70-4b92-8884-7500f2973209/images/scene_3.png', '662d91ebdde84fd2b34cd1e1edfe464d'), ('/storage/stories/8ad45d6c-4e70-4b92-8884-7500f2973209/images/scene_40.png', '6ce3781b83e94a60a74b8a26a1904ef2'), ('/storage/stories/8ad45d6c-4e70-4b92-8884-7500f2973209/images/scene_15.png', '6e23e5dab7684379a5a7cfdc6527acf9'), ('/storage/stories/8ad45d6c-4e70-4b92-8884-7500f2973209/images/scene_17.png', '77f49de755964a869a83556b5264ff4e'), ('/storage/stories/8ad45d6c-4e70-4b92-8884-7500f2973209/images/scene_31.png', '7aa2aee1dd4442f3b5c52fe29713075c'), ('/storage/stories/8ad45d6c-4e70-4b92-8884-7500f2973209/images/scene_41.png', '7de74ec4288c43019e454ea62c210b75'), ('/storage/stories/8ad45d6c-4e70-4b92-8884-7500f2973209/images/scene_49.png', '7e5d3e37e607477391ca70c39d589910'), ('/storage/stories/8ad45d6c-4e70-4b92-8884-7500f2973209/images/scene_33.png', '81b4267166ec48b0a78a1d23060dd074'), ('/storage/stories/8ad45d6c-4e70-4b92-8884-7500f2973209/images/scene_11.png', '8f67ff1040b5412ca654481332ae9f0a'), ('/storage/stories/8ad45d6c-4e70-4b92-8884-7500f2973209/images/scene_5.png', '98febe3ee5e54729826337d6c053da1d'), ('/storage/stories/8ad45d6c-4e70-4b92-8884-7500f2973209/images/scene_24.png', '9c89f4214d99411b9317aee993202605'), ('/storage/stories/8ad45d6c-4e70-4b92-8884-7500f2973209/images/scene_34.png', '9e875487b126462e8d84b12a47e126fb'), ('/storage/stories/8ad45d6c-4e70-4b92-8884-7500f2973209/images/scene_38.png', 'aa6c566b7e944c51b7575263be75320a'), ('/storage/stories/8ad45d6c-4e70-4b92-8884-7500f2973209/images/scene_47.png', 'b22630e1dfff44e1ba0e77aeec2a9232'), ('/storage/stories/8ad45d6c-4e70-4b92-8884-7500f2973209/images/scene_30.png', 'b514205ced1848539a7a151a1058a5bc'), ('/storage/stories/8ad45d6c-4e70-4b92-8884-7500f2973209/images/scene_14.png', 'bdc747b12d7b4366ac1cf4aa6dfe7cec'), ('/storage/stories/8ad45d6c-4e70-4b92-8884-7500f2973209/images/scene_29.png', 'c73b8729d6054dce880d71cbf164e984'), ('/storage/stories/8ad45d6c-4e70-4b92-8884-7500f2973209/images/scene_37.png', 'e31d1191fa3048ed894ec46eaffa6b16'), ('/storage/stories/8ad45d6c-4e70-4b92-8884-7500f2973209/images/scene_25.png', 'ead4743f836d4ba285432549be1e95d3'), ('/storage/stories/8ad45d6c-4e70-4b92-8884-7500f2973209/images/scene_2.png', 'ee20cdff5f574c3789619b2cb1fc974a'), ('/storage/stories/8ad45d6c-4e70-4b92-8884-7500f2973209/images/scene_18.png', 'f3d872ca5d664638a615e1913ea990ac'), ('/storage/stories/8ad45d6c-4e70-4b92-8884-7500f2973209/images/scene_50.png', 'f756dd0f863d47ae94385f805da4e8b5'), ('/storage/stories/8ad45d6c-4e70-4b92-8884-7500f2973209/images/scene_32.png', 'f94b93506bf2431e880f0b1b2898095e'), ('/storage/stories/8ad45d6c-4e70-4b92-8884-7500f2973209/images/scene_19.png', 'fc8b85eab545417eb3c486760eb1989e')])
2026-08-30 01:14:50,591 [DEBUG] aiosqlite: operation functools.partial(<built-in method executemany of sqlite3.Cursor object at 0x0000018C4D56AF40>, 'UPDATE scene SET image_url=?, updated_at=CURRENT_TIMESTAMP WHERE scene.id = ?', [('/storage/stories/8ad45d6c-4e70-4b92-8884-7500f2973209/images/scene_6.png', '0496b552e5a944e7982c5c86fc1f9a0c'), ('/storage/stories/8ad45d6c-4e70-4b92-8884-7500f2973209/images/scene_8.png', '05f098673c1a43f6b4635b87a53c1174'), ('/storage/stories/8ad45d6c-4e70-4b92-8884-7500f2973209/images/scene_7.png', '0e01cd5fddcd439691cdaae2909202f7'), ('/storage/stories/8ad45d6c-4e70-4b92-8884-7500f2973209/images/scene_10.png', '11e9ce7c9c0e4f72a010ef1936b8f926'), ('/storage/stories/8ad45d6c-4e70-4b92-8884-7500f2973209/images/scene_1.png', '13137509ab974078bcaa6f0010da6100'), ('/storage/stories/8ad45d6c-4e70-4b92-8884-7500f2973209/images/scene_26.png', '15081cfa51a742a4bf4db53f5255e3b6'), ('/storage/stories/8ad45d6c-4e70-4b92-8884-7500f2973209/images/scene_13.png', '1a52c6899b9b4aa2b23ed3bde26c33c5'), ('/storage/stories/8ad45d6c-4e70-4b92-8884-7500f2973209/images/scene_20.png', '201a434758f448fea99ee327b3ecd6cd'), ('/storage/stories/8ad45d6c-4e70-4b92-8884-7500f2973209/images/scene_45.png', '20746da2561347fb98b5c2717f1d8b0f'), ('/storage/stories/8ad45d6c-4e70-4b92-8884-7500f2973209/images/scene_4.png', '262c00d7585a447389382b990d30dc2d'), ('/storage/stories/8ad45d6c-4e70-4b92-8884-7500f2973209/images/scene_46.png', '30c298ea7ee24704a0d6a247d474dfc8'), ('/storage/stories/8ad45d6c-4e70-4b92-8884-7500f2973209/images/scene_35.png', '30c86cbf89cc476282affda3ffdda350'), ('/storage/stories/8ad45d6c-4e70-4b92-8884-7500f2973209/images/scene_9.png', '3564cccfbd1a4bd69920bc13531eee6f'), ('/storage/stories/8ad45d6c-4e70-4b92-8884-7500f2973209/images/scene_42.png', '35f8c801254a4dfaaa2e59e32325b55d'), ('/storage/stories/8ad45d6c-4e70-4b92-8884-7500f2973209/images/scene_12.png', '36ecc914111242c1ad1d4defaa2376e7'), ('/storage/stories/8ad45d6c-4e70-4b92-8884-7500f2973209/images/scene_23.png', '3892353c843246afb21cc264948131e5'), ('/storage/stories/8ad45d6c-4e70-4b92-8884-7500f2973209/images/scene_48.png', '44d6409f7d1f4238a9be8d568ad078c9'), ('/storage/stories/8ad45d6c-4e70-4b92-8884-7500f2973209/images/scene_43.png', '4629fca6eb3c4f5391b2c1edff4c754d'), ('/storage/stories/8ad45d6c-4e70-4b92-8884-7500f2973209/images/scene_36.png', '47096a75d3f541f2a6e24ae9c427214b'), ('/storage/stories/8ad45d6c-4e70-4b92-8884-7500f2973209/images/scene_39.png', '481e77ad1f884c2391eaec5ed2bcf82d'), ('/storage/stories/8ad45d6c-4e70-4b92-8884-7500f2973209/images/scene_22.png', '507436b9cb9c43808e2601c3740999a7'), ('/storage/stories/8ad45d6c-4e70-4b92-8884-7500f2973209/images/scene_27.png', '55f3ef60ff1744138631dff28311fe43'), ('/storage/stories/8ad45d6c-4e70-4b92-8884-7500f2973209/images/scene_44.png', '57fb811323ed40219abea8efdf044e50'), ('/storage/stories/8ad45d6c-4e70-4b92-8884-7500f2973209/images/scene_16.png', '5838ceeba6cd483498fbe6594c350c37'), ('/storage/stories/8ad45d6c-4e70-4b92-8884-7500f2973209/images/scene_28.png', '5e4ff06b0f3c47ebbde208b42d606720'), ('/storage/stories/8ad45d6c-4e70-4b92-8884-7500f2973209/images/scene_21.png', '614c8e3f994e4e35895345233183d62c'), ('/storage/stories/8ad45d6c-4e70-4b92-8884-7500f2973209/images/scene_3.png', '662d91ebdde84fd2b34cd1e1edfe464d'), ('/storage/stories/8ad45d6c-4e70-4b92-8884-7500f2973209/images/scene_40.png', '6ce3781b83e94a60a74b8a26a1904ef2'), ('/storage/stories/8ad45d6c-4e70-4b92-8884-7500f2973209/images/scene_15.png', '6e23e5dab7684379a5a7cfdc6527acf9'), ('/storage/stories/8ad45d6c-4e70-4b92-8884-7500f2973209/images/scene_17.png', '77f49de755964a869a83556b5264ff4e'), ('/storage/stories/8ad45d6c-4e70-4b92-8884-7500f2973209/images/scene_31.png', '7aa2aee1dd4442f3b5c52fe29713075c'), ('/storage/stories/8ad45d6c-4e70-4b92-8884-7500f2973209/images/scene_41.png', '7de74ec4288c43019e454ea62c210b75'), ('/storage/stories/8ad45d6c-4e70-4b92-8884-7500f2973209/images/scene_49.png', '7e5d3e37e607477391ca70c39d589910'), ('/storage/stories/8ad45d6c-4e70-4b92-8884-7500f2973209/images/scene_33.png', '81b4267166ec48b0a78a1d23060dd074'), ('/storage/stories/8ad45d6c-4e70-4b92-8884-7500f2973209/images/scene_11.png', '8f67ff1040b5412ca654481332ae9f0a'), ('/storage/stories/8ad45d6c-4e70-4b92-8884-7500f2973209/images/scene_5.png', '98febe3ee5e54729826337d6c053da1d'), ('/storage/stories/8ad45d6c-4e70-4b92-8884-7500f2973209/images/scene_24.png', '9c89f4214d99411b9317aee993202605'), ('/storage/stories/8ad45d6c-4e70-4b92-8884-7500f2973209/images/scene_34.png', '9e875487b126462e8d84b12a47e126fb'), ('/storage/stories/8ad45d6c-4e70-4b92-8884-7500f2973209/images/scene_38.png', 'aa6c566b7e944c51b7575263be75320a'), ('/storage/stories/8ad45d6c-4e70-4b92-8884-7500f2973209/images/scene_47.png', 'b22630e1dfff44e1ba0e77aeec2a9232'), ('/storage/stories/8ad45d6c-4e70-4b92-8884-7500f2973209/images/scene_30.png', 'b514205ced1848539a7a151a1058a5bc'), ('/storage/stories/8ad45d6c-4e70-4b92-8884-7500f2973209/images/scene_14.png', 'bdc747b12d7b4366ac1cf4aa6dfe7cec'), ('/storage/stories/8ad45d6c-4e70-4b92-8884-7500f2973209/images/scene_29.png', 'c73b8729d6054dce880d71cbf164e984'), ('/storage/stories/8ad45d6c-4e70-4b92-8884-7500f2973209/images/scene_37.png', 'e31d1191fa3048ed894ec46eaffa6b16'), ('/storage/stories/8ad45d6c-4e70-4b92-8884-7500f2973209/images/scene_25.png', 'ead4743f836d4ba285432549be1e95d3'), ('/storage/stories/8ad45d6c-4e70-4b92-8884-7500f2973209/images/scene_2.png', 'ee20cdff5f574c3789619b2cb1fc974a'), ('/storage/stories/8ad45d6c-4e70-4b92-8884-7500f2973209/images/scene_18.png', 'f3d872ca5d664638a615e1913ea990ac'), ('/storage/stories/8ad45d6c-4e70-4b92-8884-7500f2973209/images/scene_50.png', 'f756dd0f863d47ae94385f805da4e8b5'), ('/storage/stories/8ad45d6c-4e70-4b92-8884-7500f2973209/images/scene_32.png', 'f94b93506bf2431e880f0b1b2898095e'), ('/storage/stories/8ad45d6c-4e70-4b92-8884-7500f2973209/images/scene_19.png', 'fc8b85eab545417eb3c486760eb1989e')]) completed
2026-08-30 01:14:50,591 [DEBUG] aiosqlite: executing functools.partial(<built-in method close of sqlite3.Cursor object at 0x0000018C4D56AF40>)
2026-08-30 01:14:50,591 [DEBUG] aiosqlite: operation functools.partial(<built-in method close of sqlite3.Cursor object at 0x0000018C4D56AF40>) completed
2026-08-30 01:14:50,591 [INFO] sqlalchemy.engine.Engine: COMMIT
2026-08-30 01:14:50,591 [DEBUG] aiosqlite: executing functools.partial(<built-in method commit of sqlite3.Connection object at 0x0000018C4DB594E0>)
2026-08-30 01:14:50,591 [DEBUG] aiosqlite: operation functools.partial(<built-in method commit of sqlite3.Connection object at 0x0000018C4DB594E0>) completed
2026-08-30 01:14:50,591 [DEBUG] aiosqlite: executing functools.partial(<built-in method rollback of sqlite3.Connection object at 0x0000018C4DB594E0>)
2026-08-30 01:14:50,591 [DEBUG] aiosqlite: operation functools.partial(<built-in method rollback of sqlite3.Connection object at 0x0000018C4DB594E0>) completed
2026-08-30 01:14:50,591 [DEBUG] aiosqlite: executing functools.partial(<built-in method close of sqlite3.Connection object at 0x0000018C4DB594E0>)
2026-08-30 01:14:50,591 [DEBUG] aiosqlite: operation functools.partial(<built-in method close of sqlite3.Connection object at 0x0000018C4DB594E0>) completed
2026-08-30 01:14:50,591 [INFO] tasks.runner: Updated 50 scene image URLs for story 8ad45d6c-4e70-4b92-8884-7500f2973209
2026-08-30 01:14:50,591 [DEBUG] aiosqlite: executing <function connect.<locals>.connector at 0x0000018C4D5B99E0>
2026-08-30 01:14:50,591 [DEBUG] aiosqlite: operation <function connect.<locals>.connector at 0x0000018C4D5B99E0> completed
2026-08-30 01:14:50,591 [DEBUG] aiosqlite: executing functools.partial(<built-in method create_function of sqlite3.Connection object at 0x0000018C4DB593F0>, 'regexp', 2, <function SQLiteDialect_pysqlite.on_connect.<locals>.regexp at 0x0000018C4AFFA660>, deterministic=True)
2026-08-30 01:14:50,591 [DEBUG] aiosqlite: operation functools.partial(<built-in method create_function of sqlite3.Connection object at 0x0000018C4DB593F0>, 'regexp', 2, <function SQLiteDialect_pysqlite.on_connect.<locals>.regexp at 0x0000018C4AFFA660>, deterministic=True) completed
2026-08-30 01:14:50,591 [DEBUG] aiosqlite: executing functools.partial(<built-in method create_function of sqlite3.Connection object at 0x0000018C4DB593F0>, 'floor', 1, <built-in function floor>, deterministic=True)
2026-08-30 01:14:50,591 [DEBUG] aiosqlite: operation functools.partial(<built-in method create_function of sqlite3.Connection object at 0x0000018C4DB593F0>, 'floor', 1, <built-in function floor>, deterministic=True) completed
2026-08-30 01:14:50,591 [INFO] sqlalchemy.engine.Engine: BEGIN (implicit)
2026-08-30 01:14:50,591 [INFO] sqlalchemy.engine.Engine: SELECT scene.id, scene.story_id, scene.episode_id, scene.scene_no, scene.prompt, scene.camera, scene.duration, scene.dialogue, scene.image_url, scene.audio_url, scene.created_at, scene.updated_at 
FROM scene 
WHERE scene.story_id = ?
2026-08-30 01:14:50,591 [INFO] sqlalchemy.engine.Engine: [cached since 0.01356s ago] ('8ad45d6c4e704b9288847500f2973209',)
2026-08-30 01:14:50,591 [DEBUG] aiosqlite: executing functools.partial(<built-in method cursor of sqlite3.Connection object at 0x0000018C4DB593F0>)
2026-08-30 01:14:50,591 [DEBUG] aiosqlite: operation functools.partial(<built-in method cursor of sqlite3.Connection object at 0x0000018C4DB593F0>) completed
2026-08-30 01:14:50,591 [DEBUG] aiosqlite: executing functools.partial(<built-in method execute of sqlite3.Cursor object at 0x0000018C4D9FF140>, 'SELECT scene.id, scene.story_id, scene.episode_id, scene.scene_no, scene.prompt, scene.camera, scene.duration, scene.dialogue, scene.image_url, scene.audio_url, scene.created_at, scene.updated_at \nFROM scene \nWHERE scene.story_id = ?', ('8ad45d6c4e704b9288847500f2973209',))
2026-08-30 01:14:50,591 [DEBUG] aiosqlite: operation functools.partial(<built-in method execute of sqlite3.Cursor object at 0x0000018C4D9FF140>, 'SELECT scene.id, scene.story_id, scene.episode_id, scene.scene_no, scene.prompt, scene.camera, scene.duration, scene.dialogue, scene.image_url, scene.audio_url, scene.created_at, scene.updated_at \nFROM scene \nWHERE scene.story_id = ?', ('8ad45d6c4e704b9288847500f2973209',)) completed
2026-08-30 01:14:50,591 [DEBUG] aiosqlite: executing functools.partial(<built-in method fetchall of sqlite3.Cursor object at 0x0000018C4D9FF140>)
2026-08-30 01:14:50,591 [DEBUG] aiosqlite: operation functools.partial(<built-in method fetchall of sqlite3.Cursor object at 0x0000018C4D9FF140>) completed
2026-08-30 01:14:50,591 [DEBUG] aiosqlite: executing functools.partial(<built-in method close of sqlite3.Cursor object at 0x0000018C4D9FF140>)
2026-08-30 01:14:50,591 [DEBUG] aiosqlite: operation functools.partial(<built-in method close of sqlite3.Cursor object at 0x0000018C4D9FF140>) completed
2026-08-30 01:14:50,591 [INFO] sqlalchemy.engine.Engine: UPDATE scene SET audio_url=?, updated_at=CURRENT_TIMESTAMP WHERE scene.id = ?
2026-08-30 01:14:50,591 [INFO] sqlalchemy.engine.Engine: [generated in 0.00041s] [('/storage/stories/8ad45d6c-4e70-4b92-8884-7500f2973209/audio/scene_8.wav', '05f098673c1a43f6b4635b87a53c1174'), ('/storage/stories/8ad45d6c-4e70-4b92-8884-7500f2973209/audio/scene_7.wav', '0e01cd5fddcd439691cdaae2909202f7'), ('/storage/stories/8ad45d6c-4e70-4b92-8884-7500f2973209/audio/scene_10.wav', '11e9ce7c9c0e4f72a010ef1936b8f926'), ('/storage/stories/8ad45d6c-4e70-4b92-8884-7500f2973209/audio/scene_1.wav', '13137509ab974078bcaa6f0010da6100'), ('/storage/stories/8ad45d6c-4e70-4b92-8884-7500f2973209/audio/scene_26.wav', '15081cfa51a742a4bf4db53f5255e3b6'), ('/storage/stories/8ad45d6c-4e70-4b92-8884-7500f2973209/audio/scene_13.wav', '1a52c6899b9b4aa2b23ed3bde26c33c5'), ('/storage/stories/8ad45d6c-4e70-4b92-8884-7500f2973209/audio/scene_20.wav', '201a434758f448fea99ee327b3ecd6cd'), ('/storage/stories/8ad45d6c-4e70-4b92-8884-7500f2973209/audio/scene_45.wav', '20746da2561347fb98b5c2717f1d8b0f')  ... displaying 10 of 45 total bound parameter sets ...  ('/storage/stories/8ad45d6c-4e70-4b92-8884-7500f2973209/audio/scene_32.wav', 'f94b93506bf2431e880f0b1b2898095e'), ('/storage/stories/8ad45d6c-4e70-4b92-8884-7500f2973209/audio/scene_19.wav', 'fc8b85eab545417eb3c486760eb1989e')]
2026-08-30 01:14:50,591 [DEBUG] aiosqlite: executing functools.partial(<built-in method cursor of sqlite3.Connection object at 0x0000018C4DB593F0>)
2026-08-30 01:14:50,591 [DEBUG] aiosqlite: operation functools.partial(<built-in method cursor of sqlite3.Connection object at 0x0000018C4DB593F0>) completed
2026-08-30 01:14:50,591 [DEBUG] aiosqlite: executing functools.partial(<built-in method executemany of sqlite3.Cursor object at 0x0000018C4D9FF140>, 'UPDATE scene SET audio_url=?, updated_at=CURRENT_TIMESTAMP WHERE scene.id = ?', [('/storage/stories/8ad45d6c-4e70-4b92-8884-7500f2973209/audio/scene_8.wav', '05f098673c1a43f6b4635b87a53c1174'), ('/storage/stories/8ad45d6c-4e70-4b92-8884-7500f2973209/audio/scene_7.wav', '0e01cd5fddcd439691cdaae2909202f7'), ('/storage/stories/8ad45d6c-4e70-4b92-8884-7500f2973209/audio/scene_10.wav', '11e9ce7c9c0e4f72a010ef1936b8f926'), ('/storage/stories/8ad45d6c-4e70-4b92-8884-7500f2973209/audio/scene_1.wav', '13137509ab974078bcaa6f0010da6100'), ('/storage/stories/8ad45d6c-4e70-4b92-8884-7500f2973209/audio/scene_26.wav', '15081cfa51a742a4bf4db53f5255e3b6'), ('/storage/stories/8ad45d6c-4e70-4b92-8884-7500f2973209/audio/scene_13.wav', '1a52c6899b9b4aa2b23ed3bde26c33c5'), ('/storage/stories/8ad45d6c-4e70-4b92-8884-7500f2973209/audio/scene_20.wav', '201a434758f448fea99ee327b3ecd6cd'), ('/storage/stories/8ad45d6c-4e70-4b92-8884-7500f2973209/audio/scene_45.wav', '20746da2561347fb98b5c2717f1d8b0f'), ('/storage/stories/8ad45d6c-4e70-4b92-8884-7500f2973209/audio/scene_4.wav', '262c00d7585a447389382b990d30dc2d'), ('/storage/stories/8ad45d6c-4e70-4b92-8884-7500f2973209/audio/scene_35.wav', '30c86cbf89cc476282affda3ffdda350'), ('/storage/stories/8ad45d6c-4e70-4b92-8884-7500f2973209/audio/scene_9.wav', '3564cccfbd1a4bd69920bc13531eee6f'), ('/storage/stories/8ad45d6c-4e70-4b92-8884-7500f2973209/audio/scene_42.wav', '35f8c801254a4dfaaa2e59e32325b55d'), ('/storage/stories/8ad45d6c-4e70-4b92-8884-7500f2973209/audio/scene_12.wav', '36ecc914111242c1ad1d4defaa2376e7'), ('/storage/stories/8ad45d6c-4e70-4b92-8884-7500f2973209/audio/scene_48.wav', '44d6409f7d1f4238a9be8d568ad078c9'), ('/storage/stories/8ad45d6c-4e70-4b92-8884-7500f2973209/audio/scene_43.wav', '4629fca6eb3c4f5391b2c1edff4c754d'), ('/storage/stories/8ad45d6c-4e70-4b92-8884-7500f2973209/audio/scene_36.wav', '47096a75d3f541f2a6e24ae9c427214b'), ('/storage/stories/8ad45d6c-4e70-4b92-8884-7500f2973209/audio/scene_39.wav', '481e77ad1f884c2391eaec5ed2bcf82d'), ('/storage/stories/8ad45d6c-4e70-4b92-8884-7500f2973209/audio/scene_22.wav', '507436b9cb9c43808e2601c3740999a7'), ('/storage/stories/8ad45d6c-4e70-4b92-8884-7500f2973209/audio/scene_27.wav', '55f3ef60ff1744138631dff28311fe43'), ('/storage/stories/8ad45d6c-4e70-4b92-8884-7500f2973209/audio/scene_44.wav', '57fb811323ed40219abea8efdf044e50'), ('/storage/stories/8ad45d6c-4e70-4b92-8884-7500f2973209/audio/scene_16.wav', '5838ceeba6cd483498fbe6594c350c37'), ('/storage/stories/8ad45d6c-4e70-4b92-8884-7500f2973209/audio/scene_28.wav', '5e4ff06b0f3c47ebbde208b42d606720'), ('/storage/stories/8ad45d6c-4e70-4b92-8884-7500f2973209/audio/scene_21.wav', '614c8e3f994e4e35895345233183d62c'), ('/storage/stories/8ad45d6c-4e70-4b92-8884-7500f2973209/audio/scene_3.wav', '662d91ebdde84fd2b34cd1e1edfe464d'), ('/storage/stories/8ad45d6c-4e70-4b92-8884-7500f2973209/audio/scene_40.wav', '6ce3781b83e94a60a74b8a26a1904ef2'), ('/storage/stories/8ad45d6c-4e70-4b92-8884-7500f2973209/audio/scene_17.wav', '77f49de755964a869a83556b5264ff4e'), ('/storage/stories/8ad45d6c-4e70-4b92-8884-7500f2973209/audio/scene_41.wav', '7de74ec4288c43019e454ea62c210b75'), ('/storage/stories/8ad45d6c-4e70-4b92-8884-7500f2973209/audio/scene_49.wav', '7e5d3e37e607477391ca70c39d589910'), ('/storage/stories/8ad45d6c-4e70-4b92-8884-7500f2973209/audio/scene_33.wav', '81b4267166ec48b0a78a1d23060dd074'), ('/storage/stories/8ad45d6c-4e70-4b92-8884-7500f2973209/audio/scene_11.wav', '8f67ff1040b5412ca654481332ae9f0a'), ('/storage/stories/8ad45d6c-4e70-4b92-8884-7500f2973209/audio/scene_5.wav', '98febe3ee5e54729826337d6c053da1d'), ('/storage/stories/8ad45d6c-4e70-4b92-8884-7500f2973209/audio/scene_24.wav', '9c89f4214d99411b9317aee993202605'), ('/storage/stories/8ad45d6c-4e70-4b92-8884-7500f2973209/audio/scene_34.wav', '9e875487b126462e8d84b12a47e126fb'), ('/storage/stories/8ad45d6c-4e70-4b92-8884-7500f2973209/audio/scene_38.wav', 'aa6c566b7e944c51b7575263be75320a'), ('/storage/stories/8ad45d6c-4e70-4b92-8884-7500f2973209/audio/scene_47.wav', 'b22630e1dfff44e1ba0e77aeec2a9232'), ('/storage/stories/8ad45d6c-4e70-4b92-8884-7500f2973209/audio/scene_30.wav', 'b514205ced1848539a7a151a1058a5bc'), ('/storage/stories/8ad45d6c-4e70-4b92-8884-7500f2973209/audio/scene_14.wav', 'bdc747b12d7b4366ac1cf4aa6dfe7cec'), ('/storage/stories/8ad45d6c-4e70-4b92-8884-7500f2973209/audio/scene_29.wav', 'c73b8729d6054dce880d71cbf164e984'), ('/storage/stories/8ad45d6c-4e70-4b92-8884-7500f2973209/audio/scene_37.wav', 'e31d1191fa3048ed894ec46eaffa6b16'), ('/storage/stories/8ad45d6c-4e70-4b92-8884-7500f2973209/audio/scene_25.wav', 'ead4743f836d4ba285432549be1e95d3'), ('/storage/stories/8ad45d6c-4e70-4b92-8884-7500f2973209/audio/scene_2.wav', 'ee20cdff5f574c3789619b2cb1fc974a'), ('/storage/stories/8ad45d6c-4e70-4b92-8884-7500f2973209/audio/scene_18.wav', 'f3d872ca5d664638a615e1913ea990ac'), ('/storage/stories/8ad45d6c-4e70-4b92-8884-7500f2973209/audio/scene_50.wav', 'f756dd0f863d47ae94385f805da4e8b5'), ('/storage/stories/8ad45d6c-4e70-4b92-8884-7500f2973209/audio/scene_32.wav', 'f94b93506bf2431e880f0b1b2898095e'), ('/storage/stories/8ad45d6c-4e70-4b92-8884-7500f2973209/audio/scene_19.wav', 'fc8b85eab545417eb3c486760eb1989e')])
2026-08-30 01:14:50,607 [DEBUG] aiosqlite: operation functools.partial(<built-in method executemany of sqlite3.Cursor object at 0x0000018C4D9FF140>, 'UPDATE scene SET audio_url=?, updated_at=CURRENT_TIMESTAMP WHERE scene.id = ?', [('/storage/stories/8ad45d6c-4e70-4b92-8884-7500f2973209/audio/scene_8.wav', '05f098673c1a43f6b4635b87a53c1174'), ('/storage/stories/8ad45d6c-4e70-4b92-8884-7500f2973209/audio/scene_7.wav', '0e01cd5fddcd439691cdaae2909202f7'), ('/storage/stories/8ad45d6c-4e70-4b92-8884-7500f2973209/audio/scene_10.wav', '11e9ce7c9c0e4f72a010ef1936b8f926'), ('/storage/stories/8ad45d6c-4e70-4b92-8884-7500f2973209/audio/scene_1.wav', '13137509ab974078bcaa6f0010da6100'), ('/storage/stories/8ad45d6c-4e70-4b92-8884-7500f2973209/audio/scene_26.wav', '15081cfa51a742a4bf4db53f5255e3b6'), ('/storage/stories/8ad45d6c-4e70-4b92-8884-7500f2973209/audio/scene_13.wav', '1a52c6899b9b4aa2b23ed3bde26c33c5'), ('/storage/stories/8ad45d6c-4e70-4b92-8884-7500f2973209/audio/scene_20.wav', '201a434758f448fea99ee327b3ecd6cd'), ('/storage/stories/8ad45d6c-4e70-4b92-8884-7500f2973209/audio/scene_45.wav', '20746da2561347fb98b5c2717f1d8b0f'), ('/storage/stories/8ad45d6c-4e70-4b92-8884-7500f2973209/audio/scene_4.wav', '262c00d7585a447389382b990d30dc2d'), ('/storage/stories/8ad45d6c-4e70-4b92-8884-7500f2973209/audio/scene_35.wav', '30c86cbf89cc476282affda3ffdda350'), ('/storage/stories/8ad45d6c-4e70-4b92-8884-7500f2973209/audio/scene_9.wav', '3564cccfbd1a4bd69920bc13531eee6f'), ('/storage/stories/8ad45d6c-4e70-4b92-8884-7500f2973209/audio/scene_42.wav', '35f8c801254a4dfaaa2e59e32325b55d'), ('/storage/stories/8ad45d6c-4e70-4b92-8884-7500f2973209/audio/scene_12.wav', '36ecc914111242c1ad1d4defaa2376e7'), ('/storage/stories/8ad45d6c-4e70-4b92-8884-7500f2973209/audio/scene_48.wav', '44d6409f7d1f4238a9be8d568ad078c9'), ('/storage/stories/8ad45d6c-4e70-4b92-8884-7500f2973209/audio/scene_43.wav', '4629fca6eb3c4f5391b2c1edff4c754d'), ('/storage/stories/8ad45d6c-4e70-4b92-8884-7500f2973209/audio/scene_36.wav', '47096a75d3f541f2a6e24ae9c427214b'), ('/storage/stories/8ad45d6c-4e70-4b92-8884-7500f2973209/audio/scene_39.wav', '481e77ad1f884c2391eaec5ed2bcf82d'), ('/storage/stories/8ad45d6c-4e70-4b92-8884-7500f2973209/audio/scene_22.wav', '507436b9cb9c43808e2601c3740999a7'), ('/storage/stories/8ad45d6c-4e70-4b92-8884-7500f2973209/audio/scene_27.wav', '55f3ef60ff1744138631dff28311fe43'), ('/storage/stories/8ad45d6c-4e70-4b92-8884-7500f2973209/audio/scene_44.wav', '57fb811323ed40219abea8efdf044e50'), ('/storage/stories/8ad45d6c-4e70-4b92-8884-7500f2973209/audio/scene_16.wav', '5838ceeba6cd483498fbe6594c350c37'), ('/storage/stories/8ad45d6c-4e70-4b92-8884-7500f2973209/audio/scene_28.wav', '5e4ff06b0f3c47ebbde208b42d606720'), ('/storage/stories/8ad45d6c-4e70-4b92-8884-7500f2973209/audio/scene_21.wav', '614c8e3f994e4e35895345233183d62c'), ('/storage/stories/8ad45d6c-4e70-4b92-8884-7500f2973209/audio/scene_3.wav', '662d91ebdde84fd2b34cd1e1edfe464d'), ('/storage/stories/8ad45d6c-4e70-4b92-8884-7500f2973209/audio/scene_40.wav', '6ce3781b83e94a60a74b8a26a1904ef2'), ('/storage/stories/8ad45d6c-4e70-4b92-8884-7500f2973209/audio/scene_17.wav', '77f49de755964a869a83556b5264ff4e'), ('/storage/stories/8ad45d6c-4e70-4b92-8884-7500f2973209/audio/scene_41.wav', '7de74ec4288c43019e454ea62c210b75'), ('/storage/stories/8ad45d6c-4e70-4b92-8884-7500f2973209/audio/scene_49.wav', '7e5d3e37e607477391ca70c39d589910'), ('/storage/stories/8ad45d6c-4e70-4b92-8884-7500f2973209/audio/scene_33.wav', '81b4267166ec48b0a78a1d23060dd074'), ('/storage/stories/8ad45d6c-4e70-4b92-8884-7500f2973209/audio/scene_11.wav', '8f67ff1040b5412ca654481332ae9f0a'), ('/storage/stories/8ad45d6c-4e70-4b92-8884-7500f2973209/audio/scene_5.wav', '98febe3ee5e54729826337d6c053da1d'), ('/storage/stories/8ad45d6c-4e70-4b92-8884-7500f2973209/audio/scene_24.wav', '9c89f4214d99411b9317aee993202605'), ('/storage/stories/8ad45d6c-4e70-4b92-8884-7500f2973209/audio/scene_34.wav', '9e875487b126462e8d84b12a47e126fb'), ('/storage/stories/8ad45d6c-4e70-4b92-8884-7500f2973209/audio/scene_38.wav', 'aa6c566b7e944c51b7575263be75320a'), ('/storage/stories/8ad45d6c-4e70-4b92-8884-7500f2973209/audio/scene_47.wav', 'b22630e1dfff44e1ba0e77aeec2a9232'), ('/storage/stories/8ad45d6c-4e70-4b92-8884-7500f2973209/audio/scene_30.wav', 'b514205ced1848539a7a151a1058a5bc'), ('/storage/stories/8ad45d6c-4e70-4b92-8884-7500f2973209/audio/scene_14.wav', 'bdc747b12d7b4366ac1cf4aa6dfe7cec'), ('/storage/stories/8ad45d6c-4e70-4b92-8884-7500f2973209/audio/scene_29.wav', 'c73b8729d6054dce880d71cbf164e984'), ('/storage/stories/8ad45d6c-4e70-4b92-8884-7500f2973209/audio/scene_37.wav', 'e31d1191fa3048ed894ec46eaffa6b16'), ('/storage/stories/8ad45d6c-4e70-4b92-8884-7500f2973209/audio/scene_25.wav', 'ead4743f836d4ba285432549be1e95d3'), ('/storage/stories/8ad45d6c-4e70-4b92-8884-7500f2973209/audio/scene_2.wav', 'ee20cdff5f574c3789619b2cb1fc974a'), ('/storage/stories/8ad45d6c-4e70-4b92-8884-7500f2973209/audio/scene_18.wav', 'f3d872ca5d664638a615e1913ea990ac'), ('/storage/stories/8ad45d6c-4e70-4b92-8884-7500f2973209/audio/scene_50.wav', 'f756dd0f863d47ae94385f805da4e8b5'), ('/storage/stories/8ad45d6c-4e70-4b92-8884-7500f2973209/audio/scene_32.wav', 'f94b93506bf2431e880f0b1b2898095e'), ('/storage/stories/8ad45d6c-4e70-4b92-8884-7500f2973209/audio/scene_19.wav', 'fc8b85eab545417eb3c486760eb1989e')]) completed
2026-08-30 01:14:50,607 [DEBUG] aiosqlite: executing functools.partial(<built-in method close of sqlite3.Cursor object at 0x0000018C4D9FF140>)
2026-08-30 01:14:50,607 [DEBUG] aiosqlite: operation functools.partial(<built-in method close of sqlite3.Cursor object at 0x0000018C4D9FF140>) completed
2026-08-30 01:14:50,607 [INFO] sqlalchemy.engine.Engine: COMMIT
2026-08-30 01:14:50,607 [DEBUG] aiosqlite: executing functools.partial(<built-in method commit of sqlite3.Connection object at 0x0000018C4DB593F0>)
2026-08-30 01:14:50,607 [DEBUG] aiosqlite: operation functools.partial(<built-in method commit of sqlite3.Connection object at 0x0000018C4DB593F0>) completed
2026-08-30 01:14:50,607 [DEBUG] aiosqlite: executing functools.partial(<built-in method rollback of sqlite3.Connection object at 0x0000018C4DB593F0>)
2026-08-30 01:14:50,607 [DEBUG] aiosqlite: operation functools.partial(<built-in method rollback of sqlite3.Connection object at 0x0000018C4DB593F0>) completed
2026-08-30 01:14:50,607 [DEBUG] aiosqlite: executing functools.partial(<built-in method close of sqlite3.Connection object at 0x0000018C4DB593F0>)
2026-08-30 01:14:50,607 [DEBUG] aiosqlite: operation functools.partial(<built-in method close of sqlite3.Connection object at 0x0000018C4DB593F0>) completed
2026-08-30 01:14:50,607 [INFO] tasks.runner: Updated 45 scene audio URLs for story 8ad45d6c-4e70-4b92-8884-7500f2973209
2026-08-30 01:14:50,607 [INFO] tasks.runner: Task 2773220f-f25c-4614-9fb7-e0fbe8bfafca: step=done, progress=100%
2026-08-30 01:14:50,607 [DEBUG] aiosqlite: executing <function connect.<locals>.connector at 0x0000018C4DA9BCE0>
2026-08-30 01:14:50,607 [DEBUG] aiosqlite: operation <function connect.<locals>.connector at 0x0000018C4DA9BCE0> completed
2026-08-30 01:14:50,607 [DEBUG] aiosqlite: executing functools.partial(<built-in method create_function of sqlite3.Connection object at 0x0000018C4DB59300>, 'regexp', 2, <function SQLiteDialect_pysqlite.on_connect.<locals>.regexp at 0x0000018C4AFFA660>, deterministic=True)
2026-08-30 01:14:50,607 [DEBUG] aiosqlite: operation functools.partial(<built-in method create_function of sqlite3.Connection object at 0x0000018C4DB59300>, 'regexp', 2, <function SQLiteDialect_pysqlite.on_connect.<locals>.regexp at 0x0000018C4AFFA660>, deterministic=True) completed
2026-08-30 01:14:50,607 [DEBUG] aiosqlite: executing functools.partial(<built-in method create_function of sqlite3.Connection object at 0x0000018C4DB59300>, 'floor', 1, <built-in function floor>, deterministic=True)
2026-08-30 01:14:50,607 [DEBUG] aiosqlite: operation functools.partial(<built-in method create_function of sqlite3.Connection object at 0x0000018C4DB59300>, 'floor', 1, <built-in function floor>, deterministic=True) completed
2026-08-30 01:14:50,607 [INFO] sqlalchemy.engine.Engine: BEGIN (implicit)
2026-08-30 01:14:50,607 [INFO] sqlalchemy.engine.Engine: SELECT task.id, task.story_id, task.status, task.progress, task.current_step, task.retry_count, task.error_message, task.created_at, task.updated_at 
FROM task 
WHERE task.id = ?
2026-08-30 01:14:50,607 [INFO] sqlalchemy.engine.Engine: [cached since 727.4s ago] ('2773220ff25c46149fb7e0fbe8bfafca',)
2026-08-30 01:14:50,607 [DEBUG] aiosqlite: executing functools.partial(<built-in method cursor of sqlite3.Connection object at 0x0000018C4DB59300>)
2026-08-30 01:14:50,607 [DEBUG] aiosqlite: operation functools.partial(<built-in method cursor of sqlite3.Connection object at 0x0000018C4DB59300>) completed
2026-08-30 01:14:50,607 [DEBUG] aiosqlite: executing functools.partial(<built-in method execute of sqlite3.Cursor object at 0x0000018C4CBF04C0>, 'SELECT task.id, task.story_id, task.status, task.progress, task.current_step, task.retry_count, task.error_message, task.created_at, task.updated_at \nFROM task \nWHERE task.id = ?', ('2773220ff25c46149fb7e0fbe8bfafca',))
2026-08-30 01:14:50,607 [DEBUG] aiosqlite: operation functools.partial(<built-in method execute of sqlite3.Cursor object at 0x0000018C4CBF04C0>, 'SELECT task.id, task.story_id, task.status, task.progress, task.current_step, task.retry_count, task.error_message, task.created_at, task.updated_at \nFROM task \nWHERE task.id = ?', ('2773220ff25c46149fb7e0fbe8bfafca',)) completed
2026-08-30 01:14:50,607 [DEBUG] aiosqlite: executing functools.partial(<built-in method fetchall of sqlite3.Cursor object at 0x0000018C4CBF04C0>)
2026-08-30 01:14:50,607 [DEBUG] aiosqlite: operation functools.partial(<built-in method fetchall of sqlite3.Cursor object at 0x0000018C4CBF04C0>) completed
2026-08-30 01:14:50,607 [DEBUG] aiosqlite: executing functools.partial(<built-in method close of sqlite3.Cursor object at 0x0000018C4CBF04C0>)
2026-08-30 01:14:50,607 [DEBUG] aiosqlite: operation functools.partial(<built-in method close of sqlite3.Cursor object at 0x0000018C4CBF04C0>) completed
2026-08-30 01:14:50,607 [INFO] sqlalchemy.engine.Engine: UPDATE task SET status=?, progress=?, current_step=?, updated_at=CURRENT_TIMESTAMP WHERE task.id = ?
2026-08-30 01:14:50,607 [INFO] sqlalchemy.engine.Engine: [generated in 0.00029s] ('completed', 100, 'done', '2773220ff25c46149fb7e0fbe8bfafca')
2026-08-30 01:14:50,607 [DEBUG] aiosqlite: executing functools.partial(<built-in method cursor of sqlite3.Connection object at 0x0000018C4DB59300>)
2026-08-30 01:14:50,607 [DEBUG] aiosqlite: operation functools.partial(<built-in method cursor of sqlite3.Connection object at 0x0000018C4DB59300>) completed
2026-08-30 01:14:50,607 [DEBUG] aiosqlite: executing functools.partial(<built-in method execute of sqlite3.Cursor object at 0x0000018C4D9FFB40>, 'UPDATE task SET status=?, progress=?, current_step=?, updated_at=CURRENT_TIMESTAMP WHERE task.id = ?', ('completed', 100, 'done', '2773220ff25c46149fb7e0fbe8bfafca'))
2026-08-30 01:14:50,607 [DEBUG] aiosqlite: operation functools.partial(<built-in method execute of sqlite3.Cursor object at 0x0000018C4D9FFB40>, 'UPDATE task SET status=?, progress=?, current_step=?, updated_at=CURRENT_TIMESTAMP WHERE task.id = ?', ('completed', 100, 'done', '2773220ff25c46149fb7e0fbe8bfafca')) completed
2026-08-30 01:14:50,607 [DEBUG] aiosqlite: executing functools.partial(<built-in method close of sqlite3.Cursor object at 0x0000018C4D9FFB40>)
2026-08-30 01:14:50,607 [DEBUG] aiosqlite: operation functools.partial(<built-in method close of sqlite3.Cursor object at 0x0000018C4D9FFB40>) completed
2026-08-30 01:14:50,607 [INFO] sqlalchemy.engine.Engine: SELECT task.id, task.story_id, task.status, task.progress, task.current_step, task.retry_count, task.error_message, task.created_at, task.updated_at 
FROM task 
WHERE task.id = ?
2026-08-30 01:14:50,607 [INFO] sqlalchemy.engine.Engine: [cached since 727.4s ago] ('2773220ff25c46149fb7e0fbe8bfafca',)
2026-08-30 01:14:50,607 [DEBUG] aiosqlite: executing functools.partial(<built-in method cursor of sqlite3.Connection object at 0x0000018C4DB59300>)
2026-08-30 01:14:50,607 [DEBUG] aiosqlite: operation functools.partial(<built-in method cursor of sqlite3.Connection object at 0x0000018C4DB59300>) completed
2026-08-30 01:14:50,607 [DEBUG] aiosqlite: executing functools.partial(<built-in method execute of sqlite3.Cursor object at 0x0000018C4D9FFB40>, 'SELECT task.id, task.story_id, task.status, task.progress, task.current_step, task.retry_count, task.error_message, task.created_at, task.updated_at \nFROM task \nWHERE task.id = ?', ('2773220ff25c46149fb7e0fbe8bfafca',))
2026-08-30 01:14:50,607 [DEBUG] aiosqlite: operation functools.partial(<built-in method execute of sqlite3.Cursor object at 0x0000018C4D9FFB40>, 'SELECT task.id, task.story_id, task.status, task.progress, task.current_step, task.retry_count, task.error_message, task.created_at, task.updated_at \nFROM task \nWHERE task.id = ?', ('2773220ff25c46149fb7e0fbe8bfafca',)) completed
2026-08-30 01:14:50,607 [DEBUG] aiosqlite: executing functools.partial(<built-in method fetchall of sqlite3.Cursor object at 0x0000018C4D9FFB40>)
2026-08-30 01:14:50,607 [DEBUG] aiosqlite: operation functools.partial(<built-in method fetchall of sqlite3.Cursor object at 0x0000018C4D9FFB40>) completed
2026-08-30 01:14:50,607 [DEBUG] aiosqlite: executing functools.partial(<built-in method close of sqlite3.Cursor object at 0x0000018C4D9FFB40>)
2026-08-30 01:14:50,607 [DEBUG] aiosqlite: operation functools.partial(<built-in method close of sqlite3.Cursor object at 0x0000018C4D9FFB40>) completed
2026-08-30 01:14:50,607 [INFO] sqlalchemy.engine.Engine: SELECT story.id, story.title, story.prompt, story.genre, story.total_episode, story.status, story.cover_image, story.created_at, story.updated_at 
FROM story 
WHERE story.id = ?
2026-08-30 01:14:50,622 [INFO] sqlalchemy.engine.Engine: [cached since 727.4s ago] ('8ad45d6c4e704b9288847500f2973209',)
2026-08-30 01:14:50,622 [DEBUG] aiosqlite: executing functools.partial(<built-in method cursor of sqlite3.Connection object at 0x0000018C4DB59300>)
2026-08-30 01:14:50,622 [DEBUG] aiosqlite: operation functools.partial(<built-in method cursor of sqlite3.Connection object at 0x0000018C4DB59300>) completed
2026-08-30 01:14:50,622 [DEBUG] aiosqlite: executing functools.partial(<built-in method execute of sqlite3.Cursor object at 0x0000018C4CBF1AC0>, 'SELECT story.id, story.title, story.prompt, story.genre, story.total_episode, story.status, story.cover_image, story.created_at, story.updated_at \nFROM story \nWHERE story.id = ?', ('8ad45d6c4e704b9288847500f2973209',))
2026-08-30 01:14:50,622 [DEBUG] aiosqlite: operation functools.partial(<built-in method execute of sqlite3.Cursor object at 0x0000018C4CBF1AC0>, 'SELECT story.id, story.title, story.prompt, story.genre, story.total_episode, story.status, story.cover_image, story.created_at, story.updated_at \nFROM story \nWHERE story.id = ?', ('8ad45d6c4e704b9288847500f2973209',)) completed
2026-08-30 01:14:50,622 [DEBUG] aiosqlite: executing functools.partial(<built-in method fetchall of sqlite3.Cursor object at 0x0000018C4CBF1AC0>)
2026-08-30 01:14:50,622 [DEBUG] aiosqlite: operation functools.partial(<built-in method fetchall of sqlite3.Cursor object at 0x0000018C4CBF1AC0>) completed
2026-08-30 01:14:50,622 [DEBUG] aiosqlite: executing functools.partial(<built-in method close of sqlite3.Cursor object at 0x0000018C4CBF1AC0>)
2026-08-30 01:14:50,622 [DEBUG] aiosqlite: operation functools.partial(<built-in method close of sqlite3.Cursor object at 0x0000018C4CBF1AC0>) completed
2026-08-30 01:14:50,622 [INFO] sqlalchemy.engine.Engine: UPDATE story SET status=?, updated_at=CURRENT_TIMESTAMP WHERE story.id = ?
2026-08-30 01:14:50,622 [INFO] sqlalchemy.engine.Engine: [cached since 727.4s ago] ('completed', '8ad45d6c4e704b9288847500f2973209')
2026-08-30 01:14:50,622 [DEBUG] aiosqlite: executing functools.partial(<built-in method cursor of sqlite3.Connection object at 0x0000018C4DB59300>)
2026-08-30 01:14:50,622 [DEBUG] aiosqlite: operation functools.partial(<built-in method cursor of sqlite3.Connection object at 0x0000018C4DB59300>) completed
2026-08-30 01:14:50,622 [DEBUG] aiosqlite: executing functools.partial(<built-in method execute of sqlite3.Cursor object at 0x0000018C4CBF1AC0>, 'UPDATE story SET status=?, updated_at=CURRENT_TIMESTAMP WHERE story.id = ?', ('completed', '8ad45d6c4e704b9288847500f2973209'))
2026-08-30 01:14:50,622 [DEBUG] aiosqlite: operation functools.partial(<built-in method execute of sqlite3.Cursor object at 0x0000018C4CBF1AC0>, 'UPDATE story SET status=?, updated_at=CURRENT_TIMESTAMP WHERE story.id = ?', ('completed', '8ad45d6c4e704b9288847500f2973209')) completed
2026-08-30 01:14:50,622 [DEBUG] aiosqlite: executing functools.partial(<built-in method close of sqlite3.Cursor object at 0x0000018C4CBF1AC0>)
2026-08-30 01:14:50,622 [DEBUG] aiosqlite: operation functools.partial(<built-in method close of sqlite3.Cursor object at 0x0000018C4CBF1AC0>) completed
2026-08-30 01:14:50,622 [INFO] sqlalchemy.engine.Engine: SELECT story.id, story.title, story.prompt, story.genre, story.total_episode, story.status, story.cover_image, story.created_at, story.updated_at 
FROM story 
WHERE story.id = ?
2026-08-30 01:14:50,622 [INFO] sqlalchemy.engine.Engine: [cached since 727.4s ago] ('8ad45d6c4e704b9288847500f2973209',)
2026-08-30 01:14:50,622 [DEBUG] aiosqlite: executing functools.partial(<built-in method cursor of sqlite3.Connection object at 0x0000018C4DB59300>)
2026-08-30 01:14:50,622 [DEBUG] aiosqlite: operation functools.partial(<built-in method cursor of sqlite3.Connection object at 0x0000018C4DB59300>) completed
2026-08-30 01:14:50,622 [DEBUG] aiosqlite: executing functools.partial(<built-in method execute of sqlite3.Cursor object at 0x0000018C4CBF1AC0>, 'SELECT story.id, story.title, story.prompt, story.genre, story.total_episode, story.status, story.cover_image, story.created_at, story.updated_at \nFROM story \nWHERE story.id = ?', ('8ad45d6c4e704b9288847500f2973209',))
2026-08-30 01:14:50,622 [DEBUG] aiosqlite: operation functools.partial(<built-in method execute of sqlite3.Cursor object at 0x0000018C4CBF1AC0>, 'SELECT story.id, story.title, story.prompt, story.genre, story.total_episode, story.status, story.cover_image, story.created_at, story.updated_at \nFROM story \nWHERE story.id = ?', ('8ad45d6c4e704b9288847500f2973209',)) completed
2026-08-30 01:14:50,622 [DEBUG] aiosqlite: executing functools.partial(<built-in method fetchall of sqlite3.Cursor object at 0x0000018C4CBF1AC0>)
2026-08-30 01:14:50,622 [DEBUG] aiosqlite: operation functools.partial(<built-in method fetchall of sqlite3.Cursor object at 0x0000018C4CBF1AC0>) completed
2026-08-30 01:14:50,622 [DEBUG] aiosqlite: executing functools.partial(<built-in method close of sqlite3.Cursor object at 0x0000018C4CBF1AC0>)
2026-08-30 01:14:50,622 [DEBUG] aiosqlite: operation functools.partial(<built-in method close of sqlite3.Cursor object at 0x0000018C4CBF1AC0>) completed
2026-08-30 01:14:50,622 [INFO] sqlalchemy.engine.Engine: COMMIT
2026-08-30 01:14:50,622 [DEBUG] aiosqlite: executing functools.partial(<built-in method commit of sqlite3.Connection object at 0x0000018C4DB59300>)
2026-08-30 01:14:50,622 [DEBUG] aiosqlite: operation functools.partial(<built-in method commit of sqlite3.Connection object at 0x0000018C4DB59300>) completed
2026-08-30 01:14:50,622 [DEBUG] aiosqlite: executing functools.partial(<built-in method rollback of sqlite3.Connection object at 0x0000018C4DB59300>)
2026-08-30 01:14:50,622 [DEBUG] aiosqlite: operation functools.partial(<built-in method rollback of sqlite3.Connection object at 0x0000018C4DB59300>) completed
2026-08-30 01:14:50,622 [DEBUG] aiosqlite: executing functools.partial(<built-in method close of sqlite3.Connection object at 0x0000018C4DB59300>)
2026-08-30 01:14:50,622 [DEBUG] aiosqlite: operation functools.partial(<built-in method close of sqlite3.Connection object at 0x0000018C4DB59300>) completed
2026-08-30 01:14:50,622 [INFO] tasks.runner: Runtime generation completed: task=2773220f-f25c-4614-9fb7-e0fbe8bfafca, story=8ad45d6c-4e70-4b92-8884-7500f2973209
2026-08-30 01:14:52,778 [DEBUG] aiosqlite: executing <function connect.<locals>.connector at 0x0000018C4DAEB600>
2026-08-30 01:14:52,782 [DEBUG] aiosqlite: operation <function connect.<locals>.connector at 0x0000018C4DAEB600> completed
2026-08-30 01:14:52,782 [DEBUG] aiosqlite: executing functools.partial(<built-in method create_function of sqlite3.Connection object at 0x0000018C756DE3E0>, 'regexp', 2, <function SQLiteDialect_pysqlite.on_connect.<locals>.regexp at 0x0000018C4AFFA660>, deterministic=True)
2026-08-30 01:14:52,782 [DEBUG] aiosqlite: operation functools.partial(<built-in method create_function of sqlite3.Connection object at 0x0000018C756DE3E0>, 'regexp', 2, <function SQLiteDialect_pysqlite.on_connect.<locals>.regexp at 0x0000018C4AFFA660>, deterministic=True) completed
2026-08-30 01:14:52,782 [DEBUG] aiosqlite: executing functools.partial(<built-in method create_function of sqlite3.Connection object at 0x0000018C756DE3E0>, 'floor', 1, <built-in function floor>, deterministic=True)
2026-08-30 01:14:52,782 [DEBUG] aiosqlite: operation functools.partial(<built-in method create_function of sqlite3.Connection object at 0x0000018C756DE3E0>, 'floor', 1, <built-in function floor>, deterministic=True) completed
2026-08-30 01:14:52,784 [INFO] sqlalchemy.engine.Engine: BEGIN (implicit)
2026-08-30 01:14:52,784 [INFO] sqlalchemy.engine.Engine: SELECT task.id, task.story_id, task.status, task.progress, task.current_step, task.retry_count, task.error_message, task.created_at, task.updated_at 
FROM task 
WHERE task.id = ?
2026-08-30 01:14:52,784 [INFO] sqlalchemy.engine.Engine: [cached since 729.6s ago] ('2773220ff25c46149fb7e0fbe8bfafca',)
2026-08-30 01:14:52,784 [DEBUG] aiosqlite: executing functools.partial(<built-in method cursor of sqlite3.Connection object at 0x0000018C756DE3E0>)
2026-08-30 01:14:52,784 [DEBUG] aiosqlite: operation functools.partial(<built-in method cursor of sqlite3.Connection object at 0x0000018C756DE3E0>) completed
2026-08-30 01:14:52,784 [DEBUG] aiosqlite: executing functools.partial(<built-in method execute of sqlite3.Cursor object at 0x0000018C4CBF1A40>, 'SELECT task.id, task.story_id, task.status, task.progress, task.current_step, task.retry_count, task.error_message, task.created_at, task.updated_at \nFROM task \nWHERE task.id = ?', ('2773220ff25c46149fb7e0fbe8bfafca',))
2026-08-30 01:14:52,786 [DEBUG] aiosqlite: operation functools.partial(<built-in method execute of sqlite3.Cursor object at 0x0000018C4CBF1A40>, 'SELECT task.id, task.story_id, task.status, task.progress, task.current_step, task.retry_count, task.error_message, task.created_at, task.updated_at \nFROM task \nWHERE task.id = ?', ('2773220ff25c46149fb7e0fbe8bfafca',)) completed
2026-08-30 01:14:52,787 [DEBUG] aiosqlite: executing functools.partial(<built-in method fetchall of sqlite3.Cursor object at 0x0000018C4CBF1A40>)
2026-08-30 01:14:52,787 [DEBUG] aiosqlite: operation functools.partial(<built-in method fetchall of sqlite3.Cursor object at 0x0000018C4CBF1A40>) completed
2026-08-30 01:14:52,787 [DEBUG] aiosqlite: executing functools.partial(<built-in method close of sqlite3.Cursor object at 0x0000018C4CBF1A40>)
2026-08-30 01:14:52,787 [DEBUG] aiosqlite: operation functools.partial(<built-in method close of sqlite3.Cursor object at 0x0000018C4CBF1A40>) completed
2026-08-30 01:14:52,787 [INFO] sqlalchemy.engine.Engine: COMMIT
2026-08-30 01:14:52,787 [DEBUG] aiosqlite: executing functools.partial(<built-in method commit of sqlite3.Connection object at 0x0000018C756DE3E0>)
2026-08-30 01:14:52,787 [DEBUG] aiosqlite: operation functools.partial(<built-in method commit of sqlite3.Connection object at 0x0000018C756DE3E0>) completed
2026-08-30 01:14:52,787 [DEBUG] aiosqlite: executing functools.partial(<built-in method rollback of sqlite3.Connection object at 0x0000018C756DE3E0>)
2026-08-30 01:14:52,787 [DEBUG] aiosqlite: operation functools.partial(<built-in method rollback of sqlite3.Connection object at 0x0000018C756DE3E0>) completed
2026-08-30 01:14:52,787 [DEBUG] aiosqlite: executing functools.partial(<built-in method close of sqlite3.Connection object at 0x0000018C756DE3E0>)
2026-08-30 01:14:52,787 [DEBUG] aiosqlite: operation functools.partial(<built-in method close of sqlite3.Connection object at 0x0000018C756DE3E0>) completed
2026-08-30 01:14:52,805 [DEBUG] aiosqlite: executing <function connect.<locals>.connector at 0x0000018C4DAEA700>
2026-08-30 01:14:52,806 [DEBUG] aiosqlite: operation <function connect.<locals>.connector at 0x0000018C4DAEA700> completed
2026-08-30 01:14:52,806 [DEBUG] aiosqlite: executing functools.partial(<built-in method create_function of sqlite3.Connection object at 0x0000018C756DC220>, 'regexp', 2, <function SQLiteDialect_pysqlite.on_connect.<locals>.regexp at 0x0000018C4AFFA660>, deterministic=True)
2026-08-30 01:14:52,807 [DEBUG] aiosqlite: operation functools.partial(<built-in method create_function of sqlite3.Connection object at 0x0000018C756DC220>, 'regexp', 2, <function SQLiteDialect_pysqlite.on_connect.<locals>.regexp at 0x0000018C4AFFA660>, deterministic=True) completed
2026-08-30 01:14:52,808 [DEBUG] aiosqlite: executing functools.partial(<built-in method create_function of sqlite3.Connection object at 0x0000018C756DC220>, 'floor', 1, <built-in function floor>, deterministic=True)
2026-08-30 01:14:52,808 [DEBUG] aiosqlite: operation functools.partial(<built-in method create_function of sqlite3.Connection object at 0x0000018C756DC220>, 'floor', 1, <built-in function floor>, deterministic=True) completed
2026-08-30 01:14:52,808 [INFO] sqlalchemy.engine.Engine: BEGIN (implicit)
2026-08-30 01:14:52,809 [INFO] sqlalchemy.engine.Engine: SELECT story.id, story.title, story.prompt, story.genre, story.total_episode, story.status, story.cover_image, story.created_at, story.updated_at 
FROM story 
WHERE story.id = ?
2026-08-30 01:14:52,809 [INFO] sqlalchemy.engine.Engine: [cached since 729.6s ago] ('8ad45d6c4e704b9288847500f2973209',)
2026-08-30 01:14:52,809 [DEBUG] aiosqlite: executing functools.partial(<built-in method cursor of sqlite3.Connection object at 0x0000018C756DC220>)
2026-08-30 01:14:52,809 [DEBUG] aiosqlite: operation functools.partial(<built-in method cursor of sqlite3.Connection object at 0x0000018C756DC220>) completed
2026-08-30 01:14:52,809 [DEBUG] aiosqlite: executing functools.partial(<built-in method execute of sqlite3.Cursor object at 0x0000018C4CBF19C0>, 'SELECT story.id, story.title, story.prompt, story.genre, story.total_episode, story.status, story.cover_image, story.created_at, story.updated_at \nFROM story \nWHERE story.id = ?', ('8ad45d6c4e704b9288847500f2973209',))
2026-08-30 01:14:52,810 [DEBUG] aiosqlite: operation functools.partial(<built-in method execute of sqlite3.Cursor object at 0x0000018C4CBF19C0>, 'SELECT story.id, story.title, story.prompt, story.genre, story.total_episode, story.status, story.cover_image, story.created_at, story.updated_at \nFROM story \nWHERE story.id = ?', ('8ad45d6c4e704b9288847500f2973209',)) completed
2026-08-30 01:14:52,810 [DEBUG] aiosqlite: executing functools.partial(<built-in method fetchall of sqlite3.Cursor object at 0x0000018C4CBF19C0>)
2026-08-30 01:14:52,811 [DEBUG] aiosqlite: operation functools.partial(<built-in method fetchall of sqlite3.Cursor object at 0x0000018C4CBF19C0>) completed
2026-08-30 01:14:52,811 [DEBUG] aiosqlite: executing functools.partial(<built-in method close of sqlite3.Cursor object at 0x0000018C4CBF19C0>)
2026-08-30 01:14:52,811 [DEBUG] aiosqlite: operation functools.partial(<built-in method close of sqlite3.Cursor object at 0x0000018C4CBF19C0>) completed
2026-08-30 01:14:52,812 [INFO] sqlalchemy.engine.Engine: SELECT episode.id, episode.story_id, episode.episode_no, episode.title, episode.summary, episode.script, episode.created_at, episode.updated_at 
FROM episode 
WHERE episode.story_id = ? ORDER BY episode.episode_no
2026-08-30 01:14:52,812 [INFO] sqlalchemy.engine.Engine: [generated in 0.00032s] ('8ad45d6c4e704b9288847500f2973209',)
2026-08-30 01:14:52,812 [DEBUG] aiosqlite: executing functools.partial(<built-in method cursor of sqlite3.Connection object at 0x0000018C756DC220>)
2026-08-30 01:14:52,813 [DEBUG] aiosqlite: operation functools.partial(<built-in method cursor of sqlite3.Connection object at 0x0000018C756DC220>) completed
2026-08-30 01:14:52,813 [DEBUG] aiosqlite: executing functools.partial(<built-in method execute of sqlite3.Cursor object at 0x0000018C4CBF19C0>, 'SELECT episode.id, episode.story_id, episode.episode_no, episode.title, episode.summary, episode.script, episode.created_at, episode.updated_at \nFROM episode \nWHERE episode.story_id = ? ORDER BY episode.episode_no', ('8ad45d6c4e704b9288847500f2973209',))
2026-08-30 01:14:52,813 [DEBUG] aiosqlite: operation functools.partial(<built-in method execute of sqlite3.Cursor object at 0x0000018C4CBF19C0>, 'SELECT episode.id, episode.story_id, episode.episode_no, episode.title, episode.summary, episode.script, episode.created_at, episode.updated_at \nFROM episode \nWHERE episode.story_id = ? ORDER BY episode.episode_no', ('8ad45d6c4e704b9288847500f2973209',)) completed
2026-08-30 01:14:52,813 [DEBUG] aiosqlite: executing functools.partial(<built-in method fetchall of sqlite3.Cursor object at 0x0000018C4CBF19C0>)
2026-08-30 01:14:52,813 [DEBUG] aiosqlite: operation functools.partial(<built-in method fetchall of sqlite3.Cursor object at 0x0000018C4CBF19C0>) completed
2026-08-30 01:14:52,814 [DEBUG] aiosqlite: executing functools.partial(<built-in method close of sqlite3.Cursor object at 0x0000018C4CBF19C0>)
2026-08-30 01:14:52,814 [DEBUG] aiosqlite: operation functools.partial(<built-in method close of sqlite3.Cursor object at 0x0000018C4CBF19C0>) completed
2026-08-30 01:14:52,815 [INFO] sqlalchemy.engine.Engine: SELECT character.id, character.story_id, character.name, character.gender, character.age, character.appearance, character.personality, character.avatar_url, character.created_at, character.updated_at 
FROM character 
WHERE character.story_id = ?
2026-08-30 01:14:52,815 [INFO] sqlalchemy.engine.Engine: [generated in 0.00030s] ('8ad45d6c4e704b9288847500f2973209',)
2026-08-30 01:14:52,815 [DEBUG] aiosqlite: executing functools.partial(<built-in method cursor of sqlite3.Connection object at 0x0000018C756DC220>)
2026-08-30 01:14:52,815 [DEBUG] aiosqlite: operation functools.partial(<built-in method cursor of sqlite3.Connection object at 0x0000018C756DC220>) completed
2026-08-30 01:14:52,815 [DEBUG] aiosqlite: executing functools.partial(<built-in method execute of sqlite3.Cursor object at 0x0000018C4CBF19C0>, 'SELECT character.id, character.story_id, character.name, character.gender, character.age, character.appearance, character.personality, character.avatar_url, character.created_at, character.updated_at \nFROM character \nWHERE character.story_id = ?', ('8ad45d6c4e704b9288847500f2973209',))
2026-08-30 01:14:52,815 [DEBUG] aiosqlite: operation functools.partial(<built-in method execute of sqlite3.Cursor object at 0x0000018C4CBF19C0>, 'SELECT character.id, character.story_id, character.name, character.gender, character.age, character.appearance, character.personality, character.avatar_url, character.created_at, character.updated_at \nFROM character \nWHERE character.story_id = ?', ('8ad45d6c4e704b9288847500f2973209',)) completed
2026-08-30 01:14:52,816 [DEBUG] aiosqlite: executing functools.partial(<built-in method fetchall of sqlite3.Cursor object at 0x0000018C4CBF19C0>)
2026-08-30 01:14:52,816 [DEBUG] aiosqlite: operation functools.partial(<built-in method fetchall of sqlite3.Cursor object at 0x0000018C4CBF19C0>) completed
2026-08-30 01:14:52,816 [DEBUG] aiosqlite: executing functools.partial(<built-in method close of sqlite3.Cursor object at 0x0000018C4CBF19C0>)
2026-08-30 01:14:52,816 [DEBUG] aiosqlite: operation functools.partial(<built-in method close of sqlite3.Cursor object at 0x0000018C4CBF19C0>) completed
2026-08-30 01:14:52,817 [INFO] sqlalchemy.engine.Engine: SELECT scene.id, scene.story_id, scene.episode_id, scene.scene_no, scene.prompt, scene.camera, scene.duration, scene.dialogue, scene.image_url, scene.audio_url, scene.created_at, scene.updated_at 
FROM scene 
WHERE scene.story_id = ? ORDER BY scene.scene_no
2026-08-30 01:14:52,817 [INFO] sqlalchemy.engine.Engine: [generated in 0.00029s] ('8ad45d6c4e704b9288847500f2973209',)
2026-08-30 01:14:52,818 [DEBUG] aiosqlite: executing functools.partial(<built-in method cursor of sqlite3.Connection object at 0x0000018C756DC220>)
2026-08-30 01:14:52,818 [DEBUG] aiosqlite: operation functools.partial(<built-in method cursor of sqlite3.Connection object at 0x0000018C756DC220>) completed
2026-08-30 01:14:52,818 [DEBUG] aiosqlite: executing functools.partial(<built-in method execute of sqlite3.Cursor object at 0x0000018C4CBF19C0>, 'SELECT scene.id, scene.story_id, scene.episode_id, scene.scene_no, scene.prompt, scene.camera, scene.duration, scene.dialogue, scene.image_url, scene.audio_url, scene.created_at, scene.updated_at \nFROM scene \nWHERE scene.story_id = ? ORDER BY scene.scene_no', ('8ad45d6c4e704b9288847500f2973209',))
2026-08-30 01:14:52,818 [DEBUG] aiosqlite: operation functools.partial(<built-in method execute of sqlite3.Cursor object at 0x0000018C4CBF19C0>, 'SELECT scene.id, scene.story_id, scene.episode_id, scene.scene_no, scene.prompt, scene.camera, scene.duration, scene.dialogue, scene.image_url, scene.audio_url, scene.created_at, scene.updated_at \nFROM scene \nWHERE scene.story_id = ? ORDER BY scene.scene_no', ('8ad45d6c4e704b9288847500f2973209',)) completed
2026-08-30 01:14:52,819 [DEBUG] aiosqlite: executing functools.partial(<built-in method fetchall of sqlite3.Cursor object at 0x0000018C4CBF19C0>)
2026-08-30 01:14:52,819 [DEBUG] aiosqlite: operation functools.partial(<built-in method fetchall of sqlite3.Cursor object at 0x0000018C4CBF19C0>) completed
2026-08-30 01:14:52,819 [DEBUG] aiosqlite: executing functools.partial(<built-in method close of sqlite3.Cursor object at 0x0000018C4CBF19C0>)
2026-08-30 01:14:52,819 [DEBUG] aiosqlite: operation functools.partial(<built-in method close of sqlite3.Cursor object at 0x0000018C4CBF19C0>) completed
2026-08-30 01:14:52,819 [INFO] sqlalchemy.engine.Engine: COMMIT
2026-08-30 01:14:52,819 [DEBUG] aiosqlite: executing functools.partial(<built-in method commit of sqlite3.Connection object at 0x0000018C756DC220>)
2026-08-30 01:14:52,819 [DEBUG] aiosqlite: operation functools.partial(<built-in method commit of sqlite3.Connection object at 0x0000018C756DC220>) completed
2026-08-30 01:14:52,819 [DEBUG] aiosqlite: executing functools.partial(<built-in method rollback of sqlite3.Connection object at 0x0000018C756DC220>)
2026-08-30 01:14:52,819 [DEBUG] aiosqlite: operation functools.partial(<built-in method rollback of sqlite3.Connection object at 0x0000018C756DC220>) completed
2026-08-30 01:14:52,819 [DEBUG] aiosqlite: executing functools.partial(<built-in method close of sqlite3.Connection object at 0x0000018C756DC220>)
2026-08-30 01:14:52,819 [DEBUG] aiosqlite: operation functools.partial(<built-in method close of sqlite3.Connection object at 0x0000018C756DC220>) completed
2026-08-30 01:14:52,888 [DEBUG] aiosqlite: executing <function connect.<locals>.connector at 0x0000018C4DAEB6A0>
2026-08-30 01:14:52,888 [DEBUG] aiosqlite: operation <function connect.<locals>.connector at 0x0000018C4DAEB6A0> completed
2026-08-30 01:14:52,888 [DEBUG] aiosqlite: executing functools.partial(<built-in method create_function of sqlite3.Connection object at 0x0000018C756DCE50>, 'regexp', 2, <function SQLiteDialect_pysqlite.on_connect.<locals>.regexp at 0x0000018C4AFFA660>, deterministic=True)
2026-08-30 01:14:52,888 [DEBUG] aiosqlite: operation functools.partial(<built-in method create_function of sqlite3.Connection object at 0x0000018C756DCE50>, 'regexp', 2, <function SQLiteDialect_pysqlite.on_connect.<locals>.regexp at 0x0000018C4AFFA660>, deterministic=True) completed
2026-08-30 01:14:52,888 [DEBUG] aiosqlite: executing functools.partial(<built-in method create_function of sqlite3.Connection object at 0x0000018C756DCE50>, 'floor', 1, <built-in function floor>, deterministic=True)
2026-08-30 01:14:52,888 [DEBUG] aiosqlite: operation functools.partial(<built-in method create_function of sqlite3.Connection object at 0x0000018C756DCE50>, 'floor', 1, <built-in function floor>, deterministic=True) completed
2026-08-30 01:14:52,891 [INFO] sqlalchemy.engine.Engine: BEGIN (implicit)
2026-08-30 01:14:52,892 [INFO] sqlalchemy.engine.Engine: SELECT story.id, story.title, story.prompt, story.genre, story.total_episode, story.status, story.cover_image, story.created_at, story.updated_at 
FROM story 
WHERE story.id = ?
2026-08-30 01:14:52,892 [INFO] sqlalchemy.engine.Engine: [cached since 729.7s ago] ('8ad45d6c4e704b9288847500f2973209',)
2026-08-30 01:14:52,892 [DEBUG] aiosqlite: executing functools.partial(<built-in method cursor of sqlite3.Connection object at 0x0000018C756DCE50>)
2026-08-30 01:14:52,893 [DEBUG] aiosqlite: operation functools.partial(<built-in method cursor of sqlite3.Connection object at 0x0000018C756DCE50>) completed
2026-08-30 01:14:52,893 [DEBUG] aiosqlite: executing functools.partial(<built-in method execute of sqlite3.Cursor object at 0x0000018C75701E40>, 'SELECT story.id, story.title, story.prompt, story.genre, story.total_episode, story.status, story.cover_image, story.created_at, story.updated_at \nFROM story \nWHERE story.id = ?', ('8ad45d6c4e704b9288847500f2973209',))
2026-08-30 01:14:52,895 [DEBUG] aiosqlite: operation functools.partial(<built-in method execute of sqlite3.Cursor object at 0x0000018C75701E40>, 'SELECT story.id, story.title, story.prompt, story.genre, story.total_episode, story.status, story.cover_image, story.created_at, story.updated_at \nFROM story \nWHERE story.id = ?', ('8ad45d6c4e704b9288847500f2973209',)) completed
2026-08-30 01:14:52,895 [DEBUG] aiosqlite: executing functools.partial(<built-in method fetchall of sqlite3.Cursor object at 0x0000018C75701E40>)
2026-08-30 01:14:52,895 [DEBUG] aiosqlite: operation functools.partial(<built-in method fetchall of sqlite3.Cursor object at 0x0000018C75701E40>) completed
2026-08-30 01:14:52,895 [DEBUG] aiosqlite: executing functools.partial(<built-in method close of sqlite3.Cursor object at 0x0000018C75701E40>)
2026-08-30 01:14:52,895 [DEBUG] aiosqlite: operation functools.partial(<built-in method close of sqlite3.Cursor object at 0x0000018C75701E40>) completed
2026-08-30 01:14:52,896 [INFO] sqlalchemy.engine.Engine: COMMIT
2026-08-30 01:14:52,896 [DEBUG] aiosqlite: executing functools.partial(<built-in method commit of sqlite3.Connection object at 0x0000018C756DCE50>)
2026-08-30 01:14:52,896 [DEBUG] aiosqlite: operation functools.partial(<built-in method commit of sqlite3.Connection object at 0x0000018C756DCE50>) completed
2026-08-30 01:14:52,897 [DEBUG] aiosqlite: executing functools.partial(<built-in method rollback of sqlite3.Connection object at 0x0000018C756DCE50>)
2026-08-30 01:14:52,897 [DEBUG] aiosqlite: operation functools.partial(<built-in method rollback of sqlite3.Connection object at 0x0000018C756DCE50>) completed
2026-08-30 01:14:52,897 [DEBUG] aiosqlite: executing functools.partial(<built-in method close of sqlite3.Connection object at 0x0000018C756DCE50>)
2026-08-30 01:14:52,897 [DEBUG] aiosqlite: operation functools.partial(<built-in method close of sqlite3.Connection object at 0x0000018C756DCE50>) completed
2026-08-30 01:23:59,927 [DEBUG] aiosqlite: executing <function connect.<locals>.connector at 0x0000018C4DAEBB00>
2026-08-30 01:23:59,960 [DEBUG] aiosqlite: operation <function connect.<locals>.connector at 0x0000018C4DAEBB00> completed
2026-08-30 01:23:59,964 [DEBUG] aiosqlite: executing functools.partial(<built-in method create_function of sqlite3.Connection object at 0x0000018C756DE6B0>, 'regexp', 2, <function SQLiteDialect_pysqlite.on_connect.<locals>.regexp at 0x0000018C4AFFA660>, deterministic=True)
2026-08-30 01:23:59,970 [DEBUG] aiosqlite: operation functools.partial(<built-in method create_function of sqlite3.Connection object at 0x0000018C756DE6B0>, 'regexp', 2, <function SQLiteDialect_pysqlite.on_connect.<locals>.regexp at 0x0000018C4AFFA660>, deterministic=True) completed
2026-08-30 01:23:59,970 [DEBUG] aiosqlite: executing functools.partial(<built-in method create_function of sqlite3.Connection object at 0x0000018C756DE6B0>, 'floor', 1, <built-in function floor>, deterministic=True)
2026-08-30 01:23:59,970 [DEBUG] aiosqlite: operation functools.partial(<built-in method create_function of sqlite3.Connection object at 0x0000018C756DE6B0>, 'floor', 1, <built-in function floor>, deterministic=True) completed
2026-08-30 01:23:59,975 [INFO] sqlalchemy.engine.Engine: BEGIN (implicit)
2026-08-30 01:24:00,001 [INFO] sqlalchemy.engine.Engine: SELECT story.id, story.title, story.prompt, story.genre, story.total_episode, story.status, story.cover_image, story.created_at, story.updated_at 
FROM story 
WHERE story.id = ?
2026-08-30 01:24:00,005 [INFO] sqlalchemy.engine.Engine: [cached since 1277s ago] ('0c46369cfe21498fb77faf671ed41bd9',)
2026-08-30 01:24:00,013 [DEBUG] aiosqlite: executing functools.partial(<built-in method cursor of sqlite3.Connection object at 0x0000018C756DE6B0>)
2026-08-30 01:24:00,014 [DEBUG] aiosqlite: operation functools.partial(<built-in method cursor of sqlite3.Connection object at 0x0000018C756DE6B0>) completed
2026-08-30 01:24:00,014 [DEBUG] aiosqlite: executing functools.partial(<built-in method execute of sqlite3.Cursor object at 0x0000018C757013C0>, 'SELECT story.id, story.title, story.prompt, story.genre, story.total_episode, story.status, story.cover_image, story.created_at, story.updated_at \nFROM story \nWHERE story.id = ?', ('0c46369cfe21498fb77faf671ed41bd9',))
2026-08-30 01:24:00,028 [DEBUG] aiosqlite: operation functools.partial(<built-in method execute of sqlite3.Cursor object at 0x0000018C757013C0>, 'SELECT story.id, story.title, story.prompt, story.genre, story.total_episode, story.status, story.cover_image, story.created_at, story.updated_at \nFROM story \nWHERE story.id = ?', ('0c46369cfe21498fb77faf671ed41bd9',)) completed
2026-08-30 01:24:00,028 [DEBUG] aiosqlite: executing functools.partial(<built-in method fetchall of sqlite3.Cursor object at 0x0000018C757013C0>)
2026-08-30 01:24:00,028 [DEBUG] aiosqlite: operation functools.partial(<built-in method fetchall of sqlite3.Cursor object at 0x0000018C757013C0>) completed
2026-08-30 01:24:00,028 [DEBUG] aiosqlite: executing functools.partial(<built-in method close of sqlite3.Cursor object at 0x0000018C757013C0>)
2026-08-30 01:24:00,028 [DEBUG] aiosqlite: operation functools.partial(<built-in method close of sqlite3.Cursor object at 0x0000018C757013C0>) completed
2026-08-30 01:24:00,052 [INFO] sqlalchemy.engine.Engine: ROLLBACK
2026-08-30 01:24:00,052 [DEBUG] aiosqlite: executing functools.partial(<built-in method rollback of sqlite3.Connection object at 0x0000018C756DE6B0>)
2026-08-30 01:24:00,058 [DEBUG] aiosqlite: operation functools.partial(<built-in method rollback of sqlite3.Connection object at 0x0000018C756DE6B0>) completed
2026-08-30 01:24:00,058 [DEBUG] aiosqlite: executing functools.partial(<built-in method rollback of sqlite3.Connection object at 0x0000018C756DE6B0>)
2026-08-30 01:24:00,058 [DEBUG] aiosqlite: operation functools.partial(<built-in method rollback of sqlite3.Connection object at 0x0000018C756DE6B0>) completed
2026-08-30 01:24:00,058 [DEBUG] aiosqlite: executing functools.partial(<built-in method close of sqlite3.Connection object at 0x0000018C756DE6B0>)
2026-08-30 01:24:00,058 [DEBUG] aiosqlite: operation functools.partial(<built-in method close of sqlite3.Connection object at 0x0000018C756DE6B0>) completed
2026-08-30 01:24:00,105 [DEBUG] aiosqlite: executing <function connect.<locals>.connector at 0x0000018C4DAEA160>
2026-08-30 01:24:00,105 [DEBUG] aiosqlite: operation <function connect.<locals>.connector at 0x0000018C4DAEA160> completed
2026-08-30 01:24:00,105 [DEBUG] aiosqlite: executing functools.partial(<built-in method create_function of sqlite3.Connection object at 0x0000018C756DE2F0>, 'regexp', 2, <function SQLiteDialect_pysqlite.on_connect.<locals>.regexp at 0x0000018C4AFFA660>, deterministic=True)
2026-08-30 01:24:00,105 [DEBUG] aiosqlite: operation functools.partial(<built-in method create_function of sqlite3.Connection object at 0x0000018C756DE2F0>, 'regexp', 2, <function SQLiteDialect_pysqlite.on_connect.<locals>.regexp at 0x0000018C4AFFA660>, deterministic=True) completed
2026-08-30 01:24:00,105 [DEBUG] aiosqlite: executing functools.partial(<built-in method create_function of sqlite3.Connection object at 0x0000018C756DE2F0>, 'floor', 1, <built-in function floor>, deterministic=True)
2026-08-30 01:24:00,105 [DEBUG] aiosqlite: operation functools.partial(<built-in method create_function of sqlite3.Connection object at 0x0000018C756DE2F0>, 'floor', 1, <built-in function floor>, deterministic=True) completed
2026-08-30 01:24:00,105 [INFO] sqlalchemy.engine.Engine: BEGIN (implicit)
2026-08-30 01:24:00,105 [INFO] sqlalchemy.engine.Engine: SELECT story.id, story.title, story.prompt, story.genre, story.total_episode, story.status, story.cover_image, story.created_at, story.updated_at 
FROM story 
WHERE story.id = ?
2026-08-30 01:24:00,105 [INFO] sqlalchemy.engine.Engine: [cached since 1277s ago] ('0c46369cfe21498fb77faf671ed41bd9',)
2026-08-30 01:24:00,105 [DEBUG] aiosqlite: executing functools.partial(<built-in method cursor of sqlite3.Connection object at 0x0000018C756DE2F0>)
2026-08-30 01:24:00,105 [DEBUG] aiosqlite: operation functools.partial(<built-in method cursor of sqlite3.Connection object at 0x0000018C756DE2F0>) completed
2026-08-30 01:24:00,105 [DEBUG] aiosqlite: executing functools.partial(<built-in method execute of sqlite3.Cursor object at 0x0000018C75701740>, 'SELECT story.id, story.title, story.prompt, story.genre, story.total_episode, story.status, story.cover_image, story.created_at, story.updated_at \nFROM story \nWHERE story.id = ?', ('0c46369cfe21498fb77faf671ed41bd9',))
2026-08-30 01:24:00,121 [DEBUG] aiosqlite: operation functools.partial(<built-in method execute of sqlite3.Cursor object at 0x0000018C75701740>, 'SELECT story.id, story.title, story.prompt, story.genre, story.total_episode, story.status, story.cover_image, story.created_at, story.updated_at \nFROM story \nWHERE story.id = ?', ('0c46369cfe21498fb77faf671ed41bd9',)) completed
2026-08-30 01:24:00,121 [DEBUG] aiosqlite: executing functools.partial(<built-in method fetchall of sqlite3.Cursor object at 0x0000018C75701740>)
2026-08-30 01:24:00,126 [DEBUG] aiosqlite: operation functools.partial(<built-in method fetchall of sqlite3.Cursor object at 0x0000018C75701740>) completed
2026-08-30 01:24:00,126 [DEBUG] aiosqlite: executing functools.partial(<built-in method close of sqlite3.Cursor object at 0x0000018C75701740>)
2026-08-30 01:24:00,126 [DEBUG] aiosqlite: operation functools.partial(<built-in method close of sqlite3.Cursor object at 0x0000018C75701740>) completed
2026-08-30 01:24:00,129 [INFO] sqlalchemy.engine.Engine: ROLLBACK
2026-08-30 01:24:00,129 [DEBUG] aiosqlite: executing functools.partial(<built-in method rollback of sqlite3.Connection object at 0x0000018C756DE2F0>)
2026-08-30 01:24:00,129 [DEBUG] aiosqlite: operation functools.partial(<built-in method rollback of sqlite3.Connection object at 0x0000018C756DE2F0>) completed
2026-08-30 01:24:00,130 [DEBUG] aiosqlite: executing functools.partial(<built-in method rollback of sqlite3.Connection object at 0x0000018C756DE2F0>)
2026-08-30 01:24:00,130 [DEBUG] aiosqlite: operation functools.partial(<built-in method rollback of sqlite3.Connection object at 0x0000018C756DE2F0>) completed
2026-08-30 01:24:00,131 [DEBUG] aiosqlite: executing functools.partial(<built-in method close of sqlite3.Connection object at 0x0000018C756DE2F0>)
2026-08-30 01:24:00,132 [DEBUG] aiosqlite: operation functools.partial(<built-in method close of sqlite3.Connection object at 0x0000018C756DE2F0>) completed
2026-08-30 01:24:01,827 [DEBUG] aiosqlite: executing <function connect.<locals>.connector at 0x0000018C756FD1C0>
2026-08-30 01:24:01,827 [DEBUG] aiosqlite: operation <function connect.<locals>.connector at 0x0000018C756FD1C0> completed
2026-08-30 01:24:01,831 [DEBUG] aiosqlite: executing functools.partial(<built-in method create_function of sqlite3.Connection object at 0x0000018C756DEF20>, 'regexp', 2, <function SQLiteDialect_pysqlite.on_connect.<locals>.regexp at 0x0000018C4AFFA660>, deterministic=True)
2026-08-30 01:24:01,831 [DEBUG] aiosqlite: operation functools.partial(<built-in method create_function of sqlite3.Connection object at 0x0000018C756DEF20>, 'regexp', 2, <function SQLiteDialect_pysqlite.on_connect.<locals>.regexp at 0x0000018C4AFFA660>, deterministic=True) completed
2026-08-30 01:24:01,831 [DEBUG] aiosqlite: executing functools.partial(<built-in method create_function of sqlite3.Connection object at 0x0000018C756DEF20>, 'floor', 1, <built-in function floor>, deterministic=True)
2026-08-30 01:24:01,831 [DEBUG] aiosqlite: operation functools.partial(<built-in method create_function of sqlite3.Connection object at 0x0000018C756DEF20>, 'floor', 1, <built-in function floor>, deterministic=True) completed
2026-08-30 01:24:01,831 [INFO] sqlalchemy.engine.Engine: BEGIN (implicit)
2026-08-30 01:24:01,931 [INFO] sqlalchemy.engine.Engine: SELECT story.id, story.title, story.prompt, story.genre, story.total_episode, story.status, story.cover_image, story.created_at, story.updated_at 
FROM story ORDER BY story.created_at DESC
 LIMIT ? OFFSET ?
2026-08-30 01:24:01,931 [INFO] sqlalchemy.engine.Engine: [generated in 0.00783s] (20, 0)
2026-08-30 01:24:01,931 [DEBUG] aiosqlite: executing functools.partial(<built-in method cursor of sqlite3.Connection object at 0x0000018C756DEF20>)
2026-08-30 01:24:01,931 [DEBUG] aiosqlite: operation functools.partial(<built-in method cursor of sqlite3.Connection object at 0x0000018C756DEF20>) completed
2026-08-30 01:24:01,934 [DEBUG] aiosqlite: executing functools.partial(<built-in method execute of sqlite3.Cursor object at 0x0000018C757017C0>, 'SELECT story.id, story.title, story.prompt, story.genre, story.total_episode, story.status, story.cover_image, story.created_at, story.updated_at \nFROM story ORDER BY story.created_at DESC\n LIMIT ? OFFSET ?', (20, 0))
2026-08-30 01:24:01,939 [DEBUG] aiosqlite: operation functools.partial(<built-in method execute of sqlite3.Cursor object at 0x0000018C757017C0>, 'SELECT story.id, story.title, story.prompt, story.genre, story.total_episode, story.status, story.cover_image, story.created_at, story.updated_at \nFROM story ORDER BY story.created_at DESC\n LIMIT ? OFFSET ?', (20, 0)) completed
2026-08-30 01:24:01,943 [DEBUG] aiosqlite: executing functools.partial(<built-in method fetchall of sqlite3.Cursor object at 0x0000018C757017C0>)
2026-08-30 01:24:01,943 [DEBUG] aiosqlite: operation functools.partial(<built-in method fetchall of sqlite3.Cursor object at 0x0000018C757017C0>) completed
2026-08-30 01:24:01,943 [DEBUG] aiosqlite: executing functools.partial(<built-in method close of sqlite3.Cursor object at 0x0000018C757017C0>)
2026-08-30 01:24:01,943 [DEBUG] aiosqlite: operation functools.partial(<built-in method close of sqlite3.Cursor object at 0x0000018C757017C0>) completed
2026-08-30 01:24:01,989 [INFO] sqlalchemy.engine.Engine: COMMIT
2026-08-30 01:24:01,993 [DEBUG] aiosqlite: executing functools.partial(<built-in method commit of sqlite3.Connection object at 0x0000018C756DEF20>)
2026-08-30 01:24:01,993 [DEBUG] aiosqlite: operation functools.partial(<built-in method commit of sqlite3.Connection object at 0x0000018C756DEF20>) completed
2026-08-30 01:24:01,995 [DEBUG] aiosqlite: executing functools.partial(<built-in method rollback of sqlite3.Connection object at 0x0000018C756DEF20>)
2026-08-30 01:24:01,995 [DEBUG] aiosqlite: operation functools.partial(<built-in method rollback of sqlite3.Connection object at 0x0000018C756DEF20>) completed
2026-08-30 01:24:01,997 [DEBUG] aiosqlite: executing functools.partial(<built-in method close of sqlite3.Connection object at 0x0000018C756DEF20>)
2026-08-30 01:24:01,997 [DEBUG] aiosqlite: operation functools.partial(<built-in method close of sqlite3.Connection object at 0x0000018C756DEF20>) completed
2026-08-30 01:24:02,015 [DEBUG] aiosqlite: executing <function connect.<locals>.connector at 0x0000018C756FC2C0>
2026-08-30 01:24:02,017 [DEBUG] aiosqlite: operation <function connect.<locals>.connector at 0x0000018C756FC2C0> completed
2026-08-30 01:24:02,017 [DEBUG] aiosqlite: executing functools.partial(<built-in method create_function of sqlite3.Connection object at 0x0000018C756DF3D0>, 'regexp', 2, <function SQLiteDialect_pysqlite.on_connect.<locals>.regexp at 0x0000018C4AFFA660>, deterministic=True)
2026-08-30 01:24:02,018 [DEBUG] aiosqlite: operation functools.partial(<built-in method create_function of sqlite3.Connection object at 0x0000018C756DF3D0>, 'regexp', 2, <function SQLiteDialect_pysqlite.on_connect.<locals>.regexp at 0x0000018C4AFFA660>, deterministic=True) completed
2026-08-30 01:24:02,018 [DEBUG] aiosqlite: executing functools.partial(<built-in method create_function of sqlite3.Connection object at 0x0000018C756DF3D0>, 'floor', 1, <built-in function floor>, deterministic=True)
2026-08-30 01:24:02,019 [DEBUG] aiosqlite: operation functools.partial(<built-in method create_function of sqlite3.Connection object at 0x0000018C756DF3D0>, 'floor', 1, <built-in function floor>, deterministic=True) completed
2026-08-30 01:24:02,019 [INFO] sqlalchemy.engine.Engine: BEGIN (implicit)
2026-08-30 01:24:02,020 [INFO] sqlalchemy.engine.Engine: SELECT story.id, story.title, story.prompt, story.genre, story.total_episode, story.status, story.cover_image, story.created_at, story.updated_at 
FROM story ORDER BY story.created_at DESC
 LIMIT ? OFFSET ?
2026-08-30 01:24:02,021 [INFO] sqlalchemy.engine.Engine: [cached since 0.09654s ago] (20, 0)
2026-08-30 01:24:02,021 [DEBUG] aiosqlite: executing functools.partial(<built-in method cursor of sqlite3.Connection object at 0x0000018C756DF3D0>)
2026-08-30 01:24:02,022 [DEBUG] aiosqlite: operation functools.partial(<built-in method cursor of sqlite3.Connection object at 0x0000018C756DF3D0>) completed
2026-08-30 01:24:02,022 [DEBUG] aiosqlite: executing functools.partial(<built-in method execute of sqlite3.Cursor object at 0x0000018C757010C0>, 'SELECT story.id, story.title, story.prompt, story.genre, story.total_episode, story.status, story.cover_image, story.created_at, story.updated_at \nFROM story ORDER BY story.created_at DESC\n LIMIT ? OFFSET ?', (20, 0))
2026-08-30 01:24:02,024 [DEBUG] aiosqlite: operation functools.partial(<built-in method execute of sqlite3.Cursor object at 0x0000018C757010C0>, 'SELECT story.id, story.title, story.prompt, story.genre, story.total_episode, story.status, story.cover_image, story.created_at, story.updated_at \nFROM story ORDER BY story.created_at DESC\n LIMIT ? OFFSET ?', (20, 0)) completed
2026-08-30 01:24:02,025 [DEBUG] aiosqlite: executing functools.partial(<built-in method fetchall of sqlite3.Cursor object at 0x0000018C757010C0>)
2026-08-30 01:24:02,026 [DEBUG] aiosqlite: operation functools.partial(<built-in method fetchall of sqlite3.Cursor object at 0x0000018C757010C0>) completed
2026-08-30 01:24:02,026 [DEBUG] aiosqlite: executing functools.partial(<built-in method close of sqlite3.Cursor object at 0x0000018C757010C0>)
2026-08-30 01:24:02,026 [DEBUG] aiosqlite: operation functools.partial(<built-in method close of sqlite3.Cursor object at 0x0000018C757010C0>) completed
2026-08-30 01:24:02,039 [INFO] sqlalchemy.engine.Engine: COMMIT
2026-08-30 01:24:02,040 [DEBUG] aiosqlite: executing functools.partial(<built-in method commit of sqlite3.Connection object at 0x0000018C756DF3D0>)
2026-08-30 01:24:02,040 [DEBUG] aiosqlite: operation functools.partial(<built-in method commit of sqlite3.Connection object at 0x0000018C756DF3D0>) completed
2026-08-30 01:24:02,042 [DEBUG] aiosqlite: executing functools.partial(<built-in method rollback of sqlite3.Connection object at 0x0000018C756DF3D0>)
2026-08-30 01:24:02,043 [DEBUG] aiosqlite: operation functools.partial(<built-in method rollback of sqlite3.Connection object at 0x0000018C756DF3D0>) completed
2026-08-30 01:24:02,043 [DEBUG] aiosqlite: executing functools.partial(<built-in method close of sqlite3.Connection object at 0x0000018C756DF3D0>)
2026-08-30 01:24:02,044 [DEBUG] aiosqlite: operation functools.partial(<built-in method close of sqlite3.Connection object at 0x0000018C756DF3D0>) completed
2026-08-30 01:24:06,584 [DEBUG] aiosqlite: executing <function connect.<locals>.connector at 0x0000018C4DA9BF60>
2026-08-30 01:24:06,584 [DEBUG] aiosqlite: operation <function connect.<locals>.connector at 0x0000018C4DA9BF60> completed
2026-08-30 01:24:06,584 [DEBUG] aiosqlite: executing functools.partial(<built-in method create_function of sqlite3.Connection object at 0x0000018C756DEE30>, 'regexp', 2, <function SQLiteDialect_pysqlite.on_connect.<locals>.regexp at 0x0000018C4AFFA660>, deterministic=True)
2026-08-30 01:24:06,584 [DEBUG] aiosqlite: operation functools.partial(<built-in method create_function of sqlite3.Connection object at 0x0000018C756DEE30>, 'regexp', 2, <function SQLiteDialect_pysqlite.on_connect.<locals>.regexp at 0x0000018C4AFFA660>, deterministic=True) completed
2026-08-30 01:24:06,588 [DEBUG] aiosqlite: executing functools.partial(<built-in method create_function of sqlite3.Connection object at 0x0000018C756DEE30>, 'floor', 1, <built-in function floor>, deterministic=True)
2026-08-30 01:24:06,588 [DEBUG] aiosqlite: operation functools.partial(<built-in method create_function of sqlite3.Connection object at 0x0000018C756DEE30>, 'floor', 1, <built-in function floor>, deterministic=True) completed
2026-08-30 01:24:06,588 [INFO] sqlalchemy.engine.Engine: BEGIN (implicit)
2026-08-30 01:24:06,588 [INFO] sqlalchemy.engine.Engine: SELECT story.id, story.title, story.prompt, story.genre, story.total_episode, story.status, story.cover_image, story.created_at, story.updated_at 
FROM story 
WHERE story.id = ?
2026-08-30 01:24:06,588 [INFO] sqlalchemy.engine.Engine: [cached since 1283s ago] ('8ad45d6c4e704b9288847500f2973209',)
2026-08-30 01:24:06,588 [DEBUG] aiosqlite: executing functools.partial(<built-in method cursor of sqlite3.Connection object at 0x0000018C756DEE30>)
2026-08-30 01:24:06,588 [DEBUG] aiosqlite: operation functools.partial(<built-in method cursor of sqlite3.Connection object at 0x0000018C756DEE30>) completed
2026-08-30 01:24:06,588 [DEBUG] aiosqlite: executing functools.partial(<built-in method execute of sqlite3.Cursor object at 0x0000018C75700240>, 'SELECT story.id, story.title, story.prompt, story.genre, story.total_episode, story.status, story.cover_image, story.created_at, story.updated_at \nFROM story \nWHERE story.id = ?', ('8ad45d6c4e704b9288847500f2973209',))
2026-08-30 01:24:06,593 [DEBUG] aiosqlite: operation functools.partial(<built-in method execute of sqlite3.Cursor object at 0x0000018C75700240>, 'SELECT story.id, story.title, story.prompt, story.genre, story.total_episode, story.status, story.cover_image, story.created_at, story.updated_at \nFROM story \nWHERE story.id = ?', ('8ad45d6c4e704b9288847500f2973209',)) completed
2026-08-30 01:24:06,593 [DEBUG] aiosqlite: executing functools.partial(<built-in method fetchall of sqlite3.Cursor object at 0x0000018C75700240>)
2026-08-30 01:24:06,593 [DEBUG] aiosqlite: operation functools.partial(<built-in method fetchall of sqlite3.Cursor object at 0x0000018C75700240>) completed
2026-08-30 01:24:06,593 [DEBUG] aiosqlite: executing functools.partial(<built-in method close of sqlite3.Cursor object at 0x0000018C75700240>)
2026-08-30 01:24:06,593 [DEBUG] aiosqlite: operation functools.partial(<built-in method close of sqlite3.Cursor object at 0x0000018C75700240>) completed
2026-08-30 01:24:06,613 [INFO] sqlalchemy.engine.Engine: SELECT episode.id, episode.story_id, episode.episode_no, episode.title, episode.summary, episode.script, episode.created_at, episode.updated_at 
FROM episode 
WHERE episode.story_id = ? ORDER BY episode.episode_no
2026-08-30 01:24:06,613 [INFO] sqlalchemy.engine.Engine: [cached since 553.8s ago] ('8ad45d6c4e704b9288847500f2973209',)
2026-08-30 01:24:06,613 [DEBUG] aiosqlite: executing functools.partial(<built-in method cursor of sqlite3.Connection object at 0x0000018C756DEE30>)
2026-08-30 01:24:06,613 [DEBUG] aiosqlite: operation functools.partial(<built-in method cursor of sqlite3.Connection object at 0x0000018C756DEE30>) completed
2026-08-30 01:24:06,613 [DEBUG] aiosqlite: executing functools.partial(<built-in method execute of sqlite3.Cursor object at 0x0000018C75700240>, 'SELECT episode.id, episode.story_id, episode.episode_no, episode.title, episode.summary, episode.script, episode.created_at, episode.updated_at \nFROM episode \nWHERE episode.story_id = ? ORDER BY episode.episode_no', ('8ad45d6c4e704b9288847500f2973209',))
2026-08-30 01:24:06,622 [DEBUG] aiosqlite: operation functools.partial(<built-in method execute of sqlite3.Cursor object at 0x0000018C75700240>, 'SELECT episode.id, episode.story_id, episode.episode_no, episode.title, episode.summary, episode.script, episode.created_at, episode.updated_at \nFROM episode \nWHERE episode.story_id = ? ORDER BY episode.episode_no', ('8ad45d6c4e704b9288847500f2973209',)) completed
2026-08-30 01:24:06,625 [DEBUG] aiosqlite: executing functools.partial(<built-in method fetchall of sqlite3.Cursor object at 0x0000018C75700240>)
2026-08-30 01:24:06,626 [DEBUG] aiosqlite: operation functools.partial(<built-in method fetchall of sqlite3.Cursor object at 0x0000018C75700240>) completed
2026-08-30 01:24:06,630 [DEBUG] aiosqlite: executing functools.partial(<built-in method close of sqlite3.Cursor object at 0x0000018C75700240>)
2026-08-30 01:24:06,630 [DEBUG] aiosqlite: operation functools.partial(<built-in method close of sqlite3.Cursor object at 0x0000018C75700240>) completed
2026-08-30 01:24:06,634 [INFO] sqlalchemy.engine.Engine: SELECT character.id, character.story_id, character.name, character.gender, character.age, character.appearance, character.personality, character.avatar_url, character.created_at, character.updated_at 
FROM character 
WHERE character.story_id = ?
2026-08-30 01:24:06,638 [INFO] sqlalchemy.engine.Engine: [cached since 553.8s ago] ('8ad45d6c4e704b9288847500f2973209',)
2026-08-30 01:24:06,638 [DEBUG] aiosqlite: executing functools.partial(<built-in method cursor of sqlite3.Connection object at 0x0000018C756DEE30>)
2026-08-30 01:24:06,638 [DEBUG] aiosqlite: operation functools.partial(<built-in method cursor of sqlite3.Connection object at 0x0000018C756DEE30>) completed
2026-08-30 01:24:06,638 [DEBUG] aiosqlite: executing functools.partial(<built-in method execute of sqlite3.Cursor object at 0x0000018C75700240>, 'SELECT character.id, character.story_id, character.name, character.gender, character.age, character.appearance, character.personality, character.avatar_url, character.created_at, character.updated_at \nFROM character \nWHERE character.story_id = ?', ('8ad45d6c4e704b9288847500f2973209',))
2026-08-30 01:24:06,642 [DEBUG] aiosqlite: operation functools.partial(<built-in method execute of sqlite3.Cursor object at 0x0000018C75700240>, 'SELECT character.id, character.story_id, character.name, character.gender, character.age, character.appearance, character.personality, character.avatar_url, character.created_at, character.updated_at \nFROM character \nWHERE character.story_id = ?', ('8ad45d6c4e704b9288847500f2973209',)) completed
2026-08-30 01:24:06,642 [DEBUG] aiosqlite: executing functools.partial(<built-in method fetchall of sqlite3.Cursor object at 0x0000018C75700240>)
2026-08-30 01:24:06,642 [DEBUG] aiosqlite: operation functools.partial(<built-in method fetchall of sqlite3.Cursor object at 0x0000018C75700240>) completed
2026-08-30 01:24:06,642 [DEBUG] aiosqlite: executing functools.partial(<built-in method close of sqlite3.Cursor object at 0x0000018C75700240>)
2026-08-30 01:24:06,642 [DEBUG] aiosqlite: operation functools.partial(<built-in method close of sqlite3.Cursor object at 0x0000018C75700240>) completed
2026-08-30 01:24:06,655 [INFO] sqlalchemy.engine.Engine: SELECT scene.id, scene.story_id, scene.episode_id, scene.scene_no, scene.prompt, scene.camera, scene.duration, scene.dialogue, scene.image_url, scene.audio_url, scene.created_at, scene.updated_at 
FROM scene 
WHERE scene.story_id = ? ORDER BY scene.scene_no
2026-08-30 01:24:06,655 [INFO] sqlalchemy.engine.Engine: [cached since 553.8s ago] ('8ad45d6c4e704b9288847500f2973209',)
2026-08-30 01:24:06,655 [DEBUG] aiosqlite: executing functools.partial(<built-in method cursor of sqlite3.Connection object at 0x0000018C756DEE30>)
2026-08-30 01:24:06,655 [DEBUG] aiosqlite: operation functools.partial(<built-in method cursor of sqlite3.Connection object at 0x0000018C756DEE30>) completed
2026-08-30 01:24:06,655 [DEBUG] aiosqlite: executing functools.partial(<built-in method execute of sqlite3.Cursor object at 0x0000018C75700240>, 'SELECT scene.id, scene.story_id, scene.episode_id, scene.scene_no, scene.prompt, scene.camera, scene.duration, scene.dialogue, scene.image_url, scene.audio_url, scene.created_at, scene.updated_at \nFROM scene \nWHERE scene.story_id = ? ORDER BY scene.scene_no', ('8ad45d6c4e704b9288847500f2973209',))
2026-08-30 01:24:06,663 [DEBUG] aiosqlite: operation functools.partial(<built-in method execute of sqlite3.Cursor object at 0x0000018C75700240>, 'SELECT scene.id, scene.story_id, scene.episode_id, scene.scene_no, scene.prompt, scene.camera, scene.duration, scene.dialogue, scene.image_url, scene.audio_url, scene.created_at, scene.updated_at \nFROM scene \nWHERE scene.story_id = ? ORDER BY scene.scene_no', ('8ad45d6c4e704b9288847500f2973209',)) completed
2026-08-30 01:24:06,663 [DEBUG] aiosqlite: executing functools.partial(<built-in method fetchall of sqlite3.Cursor object at 0x0000018C75700240>)
2026-08-30 01:24:06,671 [DEBUG] aiosqlite: operation functools.partial(<built-in method fetchall of sqlite3.Cursor object at 0x0000018C75700240>) completed
2026-08-30 01:24:06,671 [DEBUG] aiosqlite: executing functools.partial(<built-in method close of sqlite3.Cursor object at 0x0000018C75700240>)
2026-08-30 01:24:06,671 [DEBUG] aiosqlite: operation functools.partial(<built-in method close of sqlite3.Cursor object at 0x0000018C75700240>) completed
2026-08-30 01:24:06,692 [INFO] sqlalchemy.engine.Engine: COMMIT
2026-08-30 01:24:06,692 [DEBUG] aiosqlite: executing functools.partial(<built-in method commit of sqlite3.Connection object at 0x0000018C756DEE30>)
2026-08-30 01:24:06,692 [DEBUG] aiosqlite: operation functools.partial(<built-in method commit of sqlite3.Connection object at 0x0000018C756DEE30>) completed
2026-08-30 01:24:06,696 [DEBUG] aiosqlite: executing functools.partial(<built-in method rollback of sqlite3.Connection object at 0x0000018C756DEE30>)
2026-08-30 01:24:06,697 [DEBUG] aiosqlite: operation functools.partial(<built-in method rollback of sqlite3.Connection object at 0x0000018C756DEE30>) completed
2026-08-30 01:24:06,697 [DEBUG] aiosqlite: executing functools.partial(<built-in method close of sqlite3.Connection object at 0x0000018C756DEE30>)
2026-08-30 01:24:06,697 [DEBUG] aiosqlite: operation functools.partial(<built-in method close of sqlite3.Connection object at 0x0000018C756DEE30>) completed
2026-08-30 01:24:06,734 [DEBUG] aiosqlite: executing <function connect.<locals>.connector at 0x0000018C4D5B9E40>
2026-08-30 01:24:06,738 [DEBUG] aiosqlite: operation <function connect.<locals>.connector at 0x0000018C4D5B9E40> completed
2026-08-30 01:24:06,738 [DEBUG] aiosqlite: executing functools.partial(<built-in method create_function of sqlite3.Connection object at 0x0000018C756DD990>, 'regexp', 2, <function SQLiteDialect_pysqlite.on_connect.<locals>.regexp at 0x0000018C4AFFA660>, deterministic=True)
2026-08-30 01:24:06,738 [DEBUG] aiosqlite: operation functools.partial(<built-in method create_function of sqlite3.Connection object at 0x0000018C756DD990>, 'regexp', 2, <function SQLiteDialect_pysqlite.on_connect.<locals>.regexp at 0x0000018C4AFFA660>, deterministic=True) completed
2026-08-30 01:24:06,738 [DEBUG] aiosqlite: executing functools.partial(<built-in method create_function of sqlite3.Connection object at 0x0000018C756DD990>, 'floor', 1, <built-in function floor>, deterministic=True)
2026-08-30 01:24:06,738 [DEBUG] aiosqlite: operation functools.partial(<built-in method create_function of sqlite3.Connection object at 0x0000018C756DD990>, 'floor', 1, <built-in function floor>, deterministic=True) completed
2026-08-30 01:24:06,738 [INFO] sqlalchemy.engine.Engine: BEGIN (implicit)
2026-08-30 01:24:06,738 [INFO] sqlalchemy.engine.Engine: SELECT story.id, story.title, story.prompt, story.genre, story.total_episode, story.status, story.cover_image, story.created_at, story.updated_at 
FROM story 
WHERE story.id = ?
2026-08-30 01:24:06,742 [INFO] sqlalchemy.engine.Engine: [cached since 1284s ago] ('8ad45d6c4e704b9288847500f2973209',)
2026-08-30 01:24:06,742 [DEBUG] aiosqlite: executing functools.partial(<built-in method cursor of sqlite3.Connection object at 0x0000018C756DD990>)
2026-08-30 01:24:06,742 [DEBUG] aiosqlite: operation functools.partial(<built-in method cursor of sqlite3.Connection object at 0x0000018C756DD990>) completed
2026-08-30 01:24:06,742 [DEBUG] aiosqlite: executing functools.partial(<built-in method execute of sqlite3.Cursor object at 0x0000018C4DA7B0C0>, 'SELECT story.id, story.title, story.prompt, story.genre, story.total_episode, story.status, story.cover_image, story.created_at, story.updated_at \nFROM story \nWHERE story.id = ?', ('8ad45d6c4e704b9288847500f2973209',))
2026-08-30 01:24:06,742 [DEBUG] aiosqlite: operation functools.partial(<built-in method execute of sqlite3.Cursor object at 0x0000018C4DA7B0C0>, 'SELECT story.id, story.title, story.prompt, story.genre, story.total_episode, story.status, story.cover_image, story.created_at, story.updated_at \nFROM story \nWHERE story.id = ?', ('8ad45d6c4e704b9288847500f2973209',)) completed
2026-08-30 01:24:06,747 [DEBUG] aiosqlite: executing functools.partial(<built-in method fetchall of sqlite3.Cursor object at 0x0000018C4DA7B0C0>)
2026-08-30 01:24:06,747 [DEBUG] aiosqlite: operation functools.partial(<built-in method fetchall of sqlite3.Cursor object at 0x0000018C4DA7B0C0>) completed
2026-08-30 01:24:06,747 [DEBUG] aiosqlite: executing functools.partial(<built-in method close of sqlite3.Cursor object at 0x0000018C4DA7B0C0>)
2026-08-30 01:24:06,747 [DEBUG] aiosqlite: operation functools.partial(<built-in method close of sqlite3.Cursor object at 0x0000018C4DA7B0C0>) completed
2026-08-30 01:24:06,747 [INFO] sqlalchemy.engine.Engine: SELECT episode.id, episode.story_id, episode.episode_no, episode.title, episode.summary, episode.script, episode.created_at, episode.updated_at 
FROM episode 
WHERE episode.story_id = ? ORDER BY episode.episode_no
2026-08-30 01:24:06,747 [INFO] sqlalchemy.engine.Engine: [cached since 553.9s ago] ('8ad45d6c4e704b9288847500f2973209',)
2026-08-30 01:24:06,747 [DEBUG] aiosqlite: executing functools.partial(<built-in method cursor of sqlite3.Connection object at 0x0000018C756DD990>)
2026-08-30 01:24:06,747 [DEBUG] aiosqlite: operation functools.partial(<built-in method cursor of sqlite3.Connection object at 0x0000018C756DD990>) completed
2026-08-30 01:24:06,750 [DEBUG] aiosqlite: executing functools.partial(<built-in method execute of sqlite3.Cursor object at 0x0000018C4CBF1D40>, 'SELECT episode.id, episode.story_id, episode.episode_no, episode.title, episode.summary, episode.script, episode.created_at, episode.updated_at \nFROM episode \nWHERE episode.story_id = ? ORDER BY episode.episode_no', ('8ad45d6c4e704b9288847500f2973209',))
2026-08-30 01:24:06,751 [DEBUG] aiosqlite: operation functools.partial(<built-in method execute of sqlite3.Cursor object at 0x0000018C4CBF1D40>, 'SELECT episode.id, episode.story_id, episode.episode_no, episode.title, episode.summary, episode.script, episode.created_at, episode.updated_at \nFROM episode \nWHERE episode.story_id = ? ORDER BY episode.episode_no', ('8ad45d6c4e704b9288847500f2973209',)) completed
2026-08-30 01:24:06,753 [DEBUG] aiosqlite: executing functools.partial(<built-in method fetchall of sqlite3.Cursor object at 0x0000018C4CBF1D40>)
2026-08-30 01:24:06,753 [DEBUG] aiosqlite: operation functools.partial(<built-in method fetchall of sqlite3.Cursor object at 0x0000018C4CBF1D40>) completed
2026-08-30 01:24:06,754 [DEBUG] aiosqlite: executing functools.partial(<built-in method close of sqlite3.Cursor object at 0x0000018C4CBF1D40>)
2026-08-30 01:24:06,754 [DEBUG] aiosqlite: operation functools.partial(<built-in method close of sqlite3.Cursor object at 0x0000018C4CBF1D40>) completed
2026-08-30 01:24:06,754 [INFO] sqlalchemy.engine.Engine: SELECT character.id, character.story_id, character.name, character.gender, character.age, character.appearance, character.personality, character.avatar_url, character.created_at, character.updated_at 
FROM character 
WHERE character.story_id = ?
2026-08-30 01:24:06,754 [INFO] sqlalchemy.engine.Engine: [cached since 553.9s ago] ('8ad45d6c4e704b9288847500f2973209',)
2026-08-30 01:24:06,755 [DEBUG] aiosqlite: executing functools.partial(<built-in method cursor of sqlite3.Connection object at 0x0000018C756DD990>)
2026-08-30 01:24:06,755 [DEBUG] aiosqlite: operation functools.partial(<built-in method cursor of sqlite3.Connection object at 0x0000018C756DD990>) completed
2026-08-30 01:24:06,756 [DEBUG] aiosqlite: executing functools.partial(<built-in method execute of sqlite3.Cursor object at 0x0000018C4CBF1D40>, 'SELECT character.id, character.story_id, character.name, character.gender, character.age, character.appearance, character.personality, character.avatar_url, character.created_at, character.updated_at \nFROM character \nWHERE character.story_id = ?', ('8ad45d6c4e704b9288847500f2973209',))
2026-08-30 01:24:06,756 [DEBUG] aiosqlite: operation functools.partial(<built-in method execute of sqlite3.Cursor object at 0x0000018C4CBF1D40>, 'SELECT character.id, character.story_id, character.name, character.gender, character.age, character.appearance, character.personality, character.avatar_url, character.created_at, character.updated_at \nFROM character \nWHERE character.story_id = ?', ('8ad45d6c4e704b9288847500f2973209',)) completed
2026-08-30 01:24:06,758 [DEBUG] aiosqlite: executing functools.partial(<built-in method fetchall of sqlite3.Cursor object at 0x0000018C4CBF1D40>)
2026-08-30 01:24:06,758 [DEBUG] aiosqlite: operation functools.partial(<built-in method fetchall of sqlite3.Cursor object at 0x0000018C4CBF1D40>) completed
2026-08-30 01:24:06,759 [DEBUG] aiosqlite: executing functools.partial(<built-in method close of sqlite3.Cursor object at 0x0000018C4CBF1D40>)
2026-08-30 01:24:06,759 [DEBUG] aiosqlite: operation functools.partial(<built-in method close of sqlite3.Cursor object at 0x0000018C4CBF1D40>) completed
2026-08-30 01:24:06,760 [INFO] sqlalchemy.engine.Engine: SELECT scene.id, scene.story_id, scene.episode_id, scene.scene_no, scene.prompt, scene.camera, scene.duration, scene.dialogue, scene.image_url, scene.audio_url, scene.created_at, scene.updated_at 
FROM scene 
WHERE scene.story_id = ? ORDER BY scene.scene_no
2026-08-30 01:24:06,760 [INFO] sqlalchemy.engine.Engine: [cached since 553.9s ago] ('8ad45d6c4e704b9288847500f2973209',)
2026-08-30 01:24:06,761 [DEBUG] aiosqlite: executing functools.partial(<built-in method cursor of sqlite3.Connection object at 0x0000018C756DD990>)
2026-08-30 01:24:06,761 [DEBUG] aiosqlite: operation functools.partial(<built-in method cursor of sqlite3.Connection object at 0x0000018C756DD990>) completed
2026-08-30 01:24:06,762 [DEBUG] aiosqlite: executing functools.partial(<built-in method execute of sqlite3.Cursor object at 0x0000018C4CBF1D40>, 'SELECT scene.id, scene.story_id, scene.episode_id, scene.scene_no, scene.prompt, scene.camera, scene.duration, scene.dialogue, scene.image_url, scene.audio_url, scene.created_at, scene.updated_at \nFROM scene \nWHERE scene.story_id = ? ORDER BY scene.scene_no', ('8ad45d6c4e704b9288847500f2973209',))
2026-08-30 01:24:06,764 [DEBUG] aiosqlite: operation functools.partial(<built-in method execute of sqlite3.Cursor object at 0x0000018C4CBF1D40>, 'SELECT scene.id, scene.story_id, scene.episode_id, scene.scene_no, scene.prompt, scene.camera, scene.duration, scene.dialogue, scene.image_url, scene.audio_url, scene.created_at, scene.updated_at \nFROM scene \nWHERE scene.story_id = ? ORDER BY scene.scene_no', ('8ad45d6c4e704b9288847500f2973209',)) completed
2026-08-30 01:24:06,765 [DEBUG] aiosqlite: executing functools.partial(<built-in method fetchall of sqlite3.Cursor object at 0x0000018C4CBF1D40>)
2026-08-30 01:24:06,766 [DEBUG] aiosqlite: operation functools.partial(<built-in method fetchall of sqlite3.Cursor object at 0x0000018C4CBF1D40>) completed
2026-08-30 01:24:06,766 [DEBUG] aiosqlite: executing functools.partial(<built-in method close of sqlite3.Cursor object at 0x0000018C4CBF1D40>)
2026-08-30 01:24:06,766 [DEBUG] aiosqlite: operation functools.partial(<built-in method close of sqlite3.Cursor object at 0x0000018C4CBF1D40>) completed
2026-08-30 01:24:06,769 [INFO] sqlalchemy.engine.Engine: COMMIT
2026-08-30 01:24:06,771 [DEBUG] aiosqlite: executing functools.partial(<built-in method commit of sqlite3.Connection object at 0x0000018C756DD990>)
2026-08-30 01:24:06,771 [DEBUG] aiosqlite: operation functools.partial(<built-in method commit of sqlite3.Connection object at 0x0000018C756DD990>) completed
2026-08-30 01:24:06,772 [DEBUG] aiosqlite: executing functools.partial(<built-in method rollback of sqlite3.Connection object at 0x0000018C756DD990>)
2026-08-30 01:24:06,773 [DEBUG] aiosqlite: operation functools.partial(<built-in method rollback of sqlite3.Connection object at 0x0000018C756DD990>) completed
2026-08-30 01:24:06,773 [DEBUG] aiosqlite: executing functools.partial(<built-in method close of sqlite3.Connection object at 0x0000018C756DD990>)
2026-08-30 01:24:06,774 [DEBUG] aiosqlite: operation functools.partial(<built-in method close of sqlite3.Connection object at 0x0000018C756DD990>) completed
